KdBar,Barcode,Nmbar,KdKel,NmKel,HBeli,HPokok,HJual,markup,HTetap,Mst,StMin,StMax,StAwal,StMasuk,StKeluar,Konsi,Disc,Foto,HJUAL2,HJUAL3,MARKUP2,MARKUP3,QTY2,QTY3
'8998127912370,'8998127912370,DUNHILL WHITE,RK,ROKOK,34000,34000,36000,5.88235,N,N,0,0,20,137,857,N,0,,27651.16,0,-18.67306,0,0,0
'8998127912363,8.99813E+12,DUNHILL HITAM,RK,ROKOK,27500,27500,30000,9.09091,N,N,0,0,20,83,658,N,0,,229010.69,0,732.76613,0,0,0
'76239878,'76239878,MARLBORO GOLD,RK,ROKOK,46500,46500,50000,7.52688,N,N,0,0,50,1221,1569,N,0,,29475.49,0,-37.28619,0,0,0
'76164217,'76164217,MARLBORO MERAH,RK,ROKOK,46500,46500,50000,7.52688,N,N,0,0,50,675,1013,N,0,,32051.76,0,-31.07148,0,0,0
'8997018460150,'8997018460150,MARLBORO ICE BURST,RK,ROKOK,46000,46000,50000,8.69565,N,N,0,0,20,267,322,N,0,,32030.81,0,-30.3678,0,0,0
'8999909982000,'8999909982000,SAMPOERNA MILD 12,RK,ROKOK,5,5,27000,99999.99999,N,N,0,0,20,308,429,N,0,,17536.23,0,99999.99999,0,0,0
'8999909096004,'8999909096004,SAMPOERNA MILD,RK,ROKOK,33000,33000,36000,9.09091,N,N,0,0,50,546,958,N,0,,23884.14,0,-27.62381,0,0,0
'8999909000650,'8999909000650,SAMPOERNA MENTHOL BURST,RK,ROKOK,33000,33000,36000,9.09091,N,N,0,0,15,64,94,N,0,,0,0,0,0,0,0
'8886008101053,'8886008101053,AIR AQUA 500 ML,AIR,AIR,1950,1950,5000,156.41026,N,N,0,0,150,2868,2789,N,0,,0,0,0,0,0,0
'8992752091127,'8992752091127,AIR AQUA 750 ML,AIR,AIR,0,0,6000,0,N,N,0,0,30,0,17,N,0,,0,0,0,0,0,0
'C,'C,CEMILAN,C,CEMILAN,700,700,1000,42.85714,N,N,0,0,0,4127,32437,N,0,,0,0,0,0,0,0
'WSP-LCH,'WSP-LCH,WIJA SOJU SPARKLING LYCHEE,NULL,NULL,20500,20500,25000,21.95122,N,N,0,0,0,12,1,N,0,,0,0,0,0,0,0
'8993268342024,'8993268342024,AIR CHEERS ALKALINE 500ML,AIR,AIR,1745,1755.1,5000,186.53295,N,N,0,0,50,96,114,N,0,,0,0,0,0,0,0
'8992752011033,'8992752011033,AIR VIT 500ML,AIR,AIR,1500,1161.29,5000,233.33333,N,N,0,0,50,24,43,N,0,,0,0,0,0,0,0
'8886008101091,'8886008101091,AIR AQUA 1500ML,AIR,AIR,4400,4400,8000,81.81818,N,N,0,0,200,972,2483,N,0,,0,0,0,0,0,0
'8997206580387,'8997206580387,BEER BINTANG KECIL 330ML,BEER,BEER,18417,18417,23000,24.88462,N,N,0,0,500,720,1618,N,0,,0,0,0,0,0,0
'8997206580400,'8997206580400,BEER BINTANG BESAR 720ML,BEER,BEER,33000,33000,38000,15.15152,N,N,0,0,300,496,1058,N,0,,0,99999999.99,0,99999.99999,0,0
'4033100066726,'4033100066726,CAMEL PURPLE,RK,ROKOK,27000,27000,30000,11.11111,N,N,0,0,20,141,192,N,0,,0,0,0,0,0,0
'42139447,'42139447,CAMEL WHITE,RK,ROKOK,27000,27000,30000,11.11111,N,N,0,0,20,277,388,N,0,,0,0,0,0,0,0
'8998989110129,'8998989110129,GUDANG GARAM SURYA 12,RK,ROKOK,24200,24200,27000,11.57025,N,N,0,0,20,671,1169,N,0,,0,0,0,0,0,0
'8998989110167,'8998989110167,GUDANG GARAM SURYA 16,RK,ROKOK,33150,33150,36000,8.59729,N,N,0,0,20,182,331,N,0,,0,0,0,0,0,0
'8992761111137,'8992761111137,SCHWEPPES TONIC WATER,BTL,MINUMAN,5167,5167,8000,54.82872,N,N,0,0,50,59,96,N,0,,0,0,0,0,0,0
'8992761111151,'8992761111151,SCHWEPPES JAHE,BTL,MINUMAN,4800,4800,8000,66.66667,N,N,0,0,30,24,126,N,0,,0,0,0,0,0,0
'8992761111144,'8992761111144,SCHWEPPES AIR SODA,BTL,MINUMAN,0,0,11000,0,N,N,0,0,30,0,41,N,0,,0,0,0,0,0,0
'8997206580493,'8997206580493,BEER BINTANG RADLER 330 ML,BEER,BEER,18333,18333,23000,25.45683,N,N,0,0,100,36,155,N,0,,0,0,0,0,0,0
'8997206580981,'8997206580981,BEER BINTANG RADLER ORG 330ML,BEER,BEER,14925,14925,25000,67.50419,N,N,0,0,100,12,106,N,0,,0,0,0,0,0,0
'8996001354124,'8996001354124,BENG-BENG 20G,C,CEMILAN,1764,1764,2500,41.72336,Y,N,0,0,113,950,997,N,0,,0,0,0,0,0,0
'8996001600146,'8996001600146,TEH PUCUK 350 ML,BTL,MINUMAN,2625,2625,5000,90.47619,N,N,0,0,24,731,724,N,0,,0,0,0,0,0,0
'8992761166038,'8992761166038,MINUTE MAID PULPY ORANGE,BTL,MINUMAN,4300,4300,7000,62.7907,N,N,0,0,24,182,484,N,0,,0,0,0,0,0,0
'8998866500708,'8998866500708,FLORIDINA,BTL,MINUMAN,2750,2750,5000,81.81818,N,N,0,0,24,130,532,N,0,,0,0,0,0,0,0
'089686611618,'089686611618,QTELA SINGKONG 60G,SNK,SNACK,6200,6200,8000,29.03226,N,N,0,0,48,26,81,N,0,,0,0,0,0,0,0
'089686598476,'089686598476,CHITATO AYAM 68 G,SNK,SNACK,10000,10000,12000,37.14286,N,N,0,0,48,23,185,N,0,,0,0,0,0,0,0
'089686598056,'089686598056,CHITATO SAPI PANGGANG 68G,SNK,SNACK,9500,9500,12000,26.31579,N,N,0,0,48,39,208,N,0,,0,0,0,0,0,0
'8998866201728,'8998866201728,POTABE RASA TELUR ASIN,SNK,SNACK,0,0,10000,0,N,N,0,0,24,0,23,N,0,,0,0,0,0,0,0
'8998866201490,'8998866201490,POTABE RUMPUT LAUT PANGGANG,SNK,SNACK,7900,7900,10000,21.95122,N,N,0,0,24,15,56,N,0,,0,0,0,0,0,0
'8998866202053,'8998866202053,POTABEE AYAM BAKAR 68G,MKN,NULL,8000,8000,10000,25,N,N,0,0,24,0,28,N,0,,0,0,0,0,0,0
'147,'L238,YAKULT 1 PCS,NULL,NULL,1800,1800,2500,38.88889,N,N,0,0,0,75,1537,N,0,,0,0,0,0,0,0
'089686060102,'089686060102,POP MIE GORENG PEDES GLEDEK,MIE,MIE,5050,5050,7000,38.61386,N,N,0,0,20,57,521,N,0,,0,0,0,0,0,0
'089686060362,'089686060362,POP MIE RASA SOTO AYAM,MIE,MIE,4375,4375,7000,60,N,N,0,0,15,28,164,N,0,,0,0,0,0,0,0
'8998866200820,'8998866200820,MIE SEDAP CUP AYAM BAWANG T,MIE,MIE,4250,4250,7000,64.70588,N,N,0,0,20,45,227,N,0,,0,0,0,0,0,0
'089686067002,'089686067002,POP MIE KUAH PEDES DOWER,MIE,MIE,5050,5050,7000,38.61386,N,N,0,0,20,23,335,N,0,,0,0,0,0,0,0
'8998866200844,'8998866200844,MIE SEDAP CUP KARI AYAM,MIE,MIE,4500,4625,7000,47.36842,N,N,0,0,10,83,99,N,0,,0,0,0,0,0,0
'8998866200813,'8998866200813,MIE SEDAP CUP GORENG,MIE,MIE,4500,4500,7000,55.55556,N,N,0,0,10,120,142,N,0,,0,0,0,0,0,0
'8992718853462,'8992718853462,NISSIN CUP NOODLES,MIE,MIE,0,0,8000,0,N,N,0,0,3,0,100,N,0,,0,0,0,0,0,0
'GA,'GA,GELAS + AIR,AIR,AIR,0,0,2000,0,N,N,0,0,0,100,1797,Y,0,,0,0,0,0,0,0
'110,'110,CHOK-CHOK CHOCOLATE,CKL,COKELAT,0,0,40000,0,N,N,0,0,30,0,89,N,0,,0,0,0,0,0,0
'8999999524142,'8999999524142,MAGNUM HAZELNUT LUXE,ES,ESKRIM,10900,10900,15000,37.61468,N,N,0,0,24,0,59,N,0,,0,0,0,0,0,0
'8999999538187,'8999999538187,MAGNUM MACADAIMA,ES,ESKRIM,10900,10900,15000,37.61468,N,N,0,0,24,0,228,N,0,,0,0,0,0,0,0
'8999999045555,'8999999045555,MAGNUM WHITE ALMOND,ES,ESKRIM,14532,23220,18000,23.86457,N,N,0,0,24,12,43,N,0,,0,0,0,0,0,0
'8999999005689,'8999999005689,MAGNUM CLASSIC,ES,ESKRIM,13092,13092,17000,29.85029,N,N,0,0,24,84,335,N,0,,0,0,0,0,0,0
'8999999540357,'8999999540357,FEAST DOUBLE,ES,ESKRIM,0,0,8000,0,N,N,0,0,24,0,145,N,0,,0,0,0,0,0,0
'8999999294021,'8999999294021,FEAST VANILA,ES,ESKRIM,4364,4364,7000,60.4033,N,N,0,0,24,84,125,N,0,,0,0,0,0,0,0
'8999999294038,'8999999294038,FEAST COKELAT,ES,ESKRIM,4364,4364,7000,60.4033,N,N,0,0,24,21,77,N,0,,0,0,0,0,0,0
'8999999549664,'8999999549664,MAGNUM BALI-SERIES RASPBERRY,ES,ESKRIM,16000,16000,20000,25,N,N,0,0,24,0,177,N,0,,0,0,0,0,0,0
'8999999549671,'8999999549671,MAGNUM BALI-SERIES COCONUT,ES,ESKRIM,16000,16000,20000,25,N,N,0,0,0,0,94,N,0,,0,0,0,0,0,0
'8999999513757,'8999999513757,CORNETTO OREO,ES,ESKRIM,10000,9773,13000,30,N,N,0,0,24,48,59,N,0,,0,0,0,0,0,0
'8999999034610,'8999999034610,CORNETO CHOCOLATE DISC,ES,ESKRIM,10000,10000,13000,30,N,N,0,0,24,36,134,N,0,,0,0,0,0,0,0
'8999999539450,'8999999539450,CORNETTO SILVER QUEEN,ES,ESKRIM,10092,10092,13000,28.8149,N,N,0,0,24,24,179,N,0,,0,0,0,0,0,0
'8999999282196,'8999999282196,POPULAIRE COKELAT,ES,ESKRIM,3600,3600,6000,66.66667,N,N,0,0,40,60,82,N,0,,0,0,0,0,0,0
'8999999282202,'8999999282202,POPULAIRE STRAWBERRY VANILLA,ES,ESKRIM,3600,3600,6000,66.66667,N,N,0,0,20,60,44,N,0,,0,0,0,0,0,0
'8999999048556,'8999999048556,SANDWICH VANILLA & CHOCO,ES,ESKRIM,0,0,11000,0,N,N,0,0,24,0,5,N,0,,0,0,0,0,0,0
'8999999547448,'8999999547448,WALL'S SOLERO,ES,ESKRIM,4037,4037,6000,48.62522,N,N,0,0,24,168,177,N,0,,0,0,0,0,0,0
'8999999275440,'8999999275440,PADDLE POP SHAKY SHAKE,ES,ESKRIM,8073,8073,11000,36.25666,N,N,0,0,24,12,104,N,0,,0,0,0,0,0,0
'69024894,'69024894,SNICKERS 35G,CKL,COKELAT,0,0,7000,0,N,N,0,0,48,0,175,N,0,,0,0,0,0,0,0
'6914973600362,'6914973600362,SNICKERS 51G,CKL,COKELAT,0,0,12000,0,N,N,0,0,48,0,438,N,0,,0,0,0,0,0,0
'8996001355756,'8996001355756,BENG-BENG MAX,CKL,COKELAT,2900,2900,5000,72.41379,N,N,0,0,48,132,687,N,0,,0,0,0,0,0,0
'8992772215039,'8992772215039,SOFFELL GERANUIM,OBT,OBAT NYAMUK,13500,13500,18000,33.33333,N,N,0,0,20,25,107,N,0,,0,0,0,0,0,0
'8992772315111,'8992772315111,SOFFELL KULIT JERUK,OBT,OBAT NYAMUK,0,0,18000,0,N,N,0,0,24,0,75,N,0,,0,0,0,0,0,0
'8990800100012,'8990800100012,MENTOS MINT 37G,P,PERMEN,3500,3500,6000,71.42857,Y,N,0,0,0,4,159,N,0,,0,0,0,0,0,0
'9555192508694,'9555192508694,DOUBLEMINT CHEWYMINTS 9G,P,PERMEN,0,0,3000,0,Y,N,0,0,0,0,5,N,0,,0,0,0,0,0,0
'9555192508724,'9555192508724,DOUBLEMINT CHEWYMINT LEMON 9G,P,PERMEN,0,0,3000,0,Y,N,0,0,0,0,10,N,0,,0,0,0,0,0,0
'9555192501107,'9555192501107,DOUBLEMINT13.5G,P,PERMEN,3500,3500,5000,42.85714,Y,N,0,0,0,60,678,N,0,,0,0,0,0,0,0
'8998866200301,'8998866200301,MIE SEDAP GORENG 90G,MIE,MIE,2850,2850,3500,22.80702,N,N,0,0,0,456,1513,N,0,,0,0,0,0,0,0
'089686010947,'089686010947,INDOMIE GORENG 85G,MIE,MIE,2875,2875,3500,21.73913,Y,N,0,0,0,437,380,N,0,,0,0,0,0,0,0
'089686010343,'089686010343,INDOMIE SOTO MIE 70G,MIE,MIE,2875,2875,3500,21.73913,Y,N,0,0,0,104,342,N,0,,0,0,0,0,0,0
'8998866200332,'8998866200370,MIE SEDAP KARI AYAM 72G,MIE,MIE,0,0,3000,0,Y,N,0,0,0,0,28,N,0,,0,0,0,0,0,0
'8998866200318,'8998866200318,MIE SEADAP AYAM BAWANG 70G,MIE,MIE,2850,2850,3500,22.80702,N,N,0,0,0,121,794,N,0,,0,0,0,0,0,0
'8998866200325,'8998866200325,MIE SEDAP SOTO 75G,MIE,MIE,2850,2850,3500,22.80702,Y,N,0,0,0,190,774,N,0,,0,0,0,0,0,0
'7622210737533,'7622210737533,BELVITA PISANG & SEREAL 80G,WFR,WAFFER,0,0,10000,0,Y,N,0,0,0,0,21,N,0,,0,0,0,0,0,0
'7622210609397,'7622210609397,BELVITA MADU & COKELAT 80G,WFR,WAFFER,0,0,10000,0,N,N,0,0,0,0,24,N,0,,0,0,0,0,0,0
'8886467100048,'8886467100048,PRINGLES SMOKY BBQ 107G,SNK,SNACK,21000,21000,25000,19.04762,N,N,0,0,0,19,19,N,0,,0,0,0,0,0,0
'8886467100017,'8886467100017,PRINGLES ORIGINAL 107G,SNK,SNACK,20000,20000,25000,25,N,N,0,0,0,41,191,N,0,,0,0,0,0,0,0
'8886467100031,'8886467100031,PRINGLES CHEESY CHEESE 107G,SNK,SNACK,21800,21800,24000,10.09174,N,N,0,0,0,10,70,N,0,,0,0,0,0,0,0
'8886467100062,'8886467100062,PRINGLES SALT & SEAWEED 107G,SNK,SNACK,20000,20000,25000,25,N,N,0,0,0,9,36,N,0,,0,0,0,0,0,0
'8886467100024,'8886467100024,PRINGLES SOUR CREAM & ONION,SNK,SNACK,20083,20083,25000,24.48339,N,N,0,0,0,32,192,N,0,,0,0,0,0,0,0
'8886467100260,'8886467100260,PRINGLES ORIGINAL 42G,SNK,SNACK,10500,10500,14000,33.33333,N,N,0,0,0,50,132,N,0,,0,0,0,0,0,0
'8886467100246,'8886467100246,PRINGLES SOUR CREAM ONION 42G,SNK,SNACK,10500,10500,14000,33.33333,N,N,0,0,0,27,145,N,0,,0,0,0,0,0,0
'8992760121090,'8992760121090,OREO PEANUT&CHOCOLATE 123G,SNK,SNACK,8000,8000,10000,42.85714,N,N,0,0,0,15,121,N,0,,0,0,0,0,0,0
'7622210708434,'7622210708434,OREO DARK AND WHITE CHOCOLATE,SNK,SNACK,0,0,10000,0,N,N,0,0,0,0,41,N,0,,0,0,0,0,0,0
'8992760221028,'8992760221028,OREO ORIGINAL 152G,SNK,SNACK,8000,8000,11000,37.5,N,N,0,0,0,55,419,N,0,,0,0,0,0,0,0
'8993027111601,'8993027111601,HAPPY TOS CORN CHIPS 160G,SNK,SNACK,10000,10000,14000,40,N,N,0,0,0,18,135,N,0,,0,0,0,0,0,0
'8993027121600,'8993027121600,HAPPY TOS TORTILLA CHIPS 160G,SNK,SNACK,11000,11000,14000,27.27273,N,N,0,0,0,28,100,N,0,,0,0,0,0,0,0
'8993027163907,'8993027163907,HAPPY TOS NACHO CHEESE 140G,SNK,SNACK,11000,11000,15000,36.36364,N,N,0,0,0,5,43,N,0,,0,0,0,0,0,0
'089686727036,'089686727036,DORITOS BARBEQUE 160G,SNK,SNACK,0,0,18000,0,N,N,0,0,0,0,3,N,0,,0,0,0,0,0,0
'089686727074,'089686727074,DORITOS ROASTED CORN 160G,SNK,SNACK,0,0,18000,0,N,N,0,0,0,0,41,N,0,,0,0,0,0,0,0
'8993027163754,'8993027163754,HAPPY TOS TORTILLA CHIPS 55G,SNK,SNACK,4500,4500,6000,33.33333,N,N,0,0,0,29,167,N,0,,0,0,0,0,0,0
'8991002103764,'8991002103764,GOOD DAY CAPPUCCINO 25G,KOPI,COFFEE,1750,1750,2500,42.85714,N,N,0,0,0,232,1625,N,0,,0,0,0,0,0,0
'8991002103238,'8991002103238,GOOD DAY MOCACINNO,KOPI,COFFEE,0,0,2000,0,N,N,0,0,0,0,97,N,0,,0,0,0,0,0,0
'8998666001306,'8998666001306,TORA BIKA CREAMY LATTE 25G,KOPI,COFFEE,0,0,2000,0,N,N,0,0,0,0,20,N,0,,0,0,0,0,0,0
'8996001440124,'8996001440124,ENERGEN VANILA 29G,SRL,SEREAL,1760,1760,2500,42.04545,N,N,0,0,0,40,194,N,0,,0,0,0,0,0,0
'8996001440087,'8996001440087,ENERGEN KACANG HIJAU 30G,SRL,SEREAL,1800,1800,2500,38.88889,N,N,0,0,0,10,129,N,0,,0,0,0,0,0,0
'8994171101289,'8994171101289,LUWAK WHITE KOFFIE ORIGINAL,KOPI,COFFEE,1400,1400,2000,75.4386,N,N,0,0,0,20,1029,N,0,,0,0,0,0,0,0
'8994231100405,'8994231100405,KOPI BANYUATIS ORIGINAL 23GR,KOPI,COFFEE,0,0,2000,0,N,N,0,0,0,0,179,N,0,,0,0,0,0,0,0
'8991002105485,'8991002105485,KOPI KAPAL API SPECIAL MIX 25G,KOPI,COFFEE,1400,1400,2000,62.60163,N,N,0,0,0,30,410,N,0,,0,0,0,0,0,0
'8991002101630,'8991002101630,KOPI ABC KOPI + SUSU 31G,KOPI,COFFEE,1400,1400,2000,42.85714,N,N,0,0,0,40,1458,N,0,,0,0,0,0,0,0
'9311931024036,'9311931024036,INDOCAFE COFFEEMIX 3 IN 1 20G,KOPI,COFFEE,0,0,2000,0,N,N,0,0,0,0,215,N,0,,0,0,0,0,0,0
'8992696420557,'8992696420557,NESCAFE 3ORIGINAL 3 IN 1 17.5G,KOPI,COFFEE,1300,1300,2000,53.84615,N,N,0,0,0,40,641,N,0,,0,0,0,0,0,0
'8991002101265,'8991002101265,KOPI ABC PLUS GULA 18G,KOPI,COFFEE,1400,1400,2000,42.85714,N,N,0,0,0,72,684,N,0,,0,0,0,0,0,0
'8993007001359,'8993007001359,INDOMILK COKELAT 37G,CKL,COKELAT,1300,1300,2000,53.84615,N,N,0,0,0,48,206,N,0,,0,0,0,0,0,0
'8993007001557,'8993007001557,INDOMILK KENTAL MANIS 37G,CKL,COKELAT,1333,1333,2500,87.54689,N,N,0,0,0,138,528,N,0,,0,0,0,0,0,0
'8997255500190,'8997255500190,KWACI 15G,C,CEMILAN,900,900,1500,66.66667,N,N,0,0,0,370,727,N,0,,0,0,0,0,0,0
'8991002105645,'8991002105645,KOPI KAPAL API KOPI + GULA 25G,KOPI,COFFEE,0,0,2000,0,N,N,0,0,0,10,334,N,0,,0,0,0,0,0,0
'89981788,'89981788,DUNHILL MENTHOL,RK,ROKOK,27800,27800,30000,7.91367,N,N,0,0,20,30,101,N,0,,0,0,0,0,0,0
'8991906105758,'8991906105758,L.A BOLD 20,RK,ROKOK,36100,36100,39000,8.03324,N,N,0,0,18,49,71,N,0,,23967.2,0,-33.60887,0,0,0
'89981115,'89981115,LUCKY STRIKE BLUE,RK,ROKOK,29000,29000,31000,6.89655,N,N,0,0,0,67,605,N,0,,23000,0,-20.68966,0,0,0
'89981108,'89981108,LUCKY STRIKE RED,RK,ROKOK,27500,27500,30000,9.09091,N,N,0,0,0,107,701,N,0,,23000,0,-16.36364,0,0,0
'8999909001626,'8999909001626,SAMPOERNA A FILTER,RK,ROKOK,12951,12951,16000,23.54258,N,N,0,0,10,0,8,N,0,,0,0,0,0,0,0
'8991926101013,'8991926101013,IN MILD MERAH,RK,ROKOK,24600,24600,28000,13.82114,N,N,0,0,30,645,983,N,0,,14706.39,14706.39,-40.21791,-40.21791,0,0
'8998989100120,'8998989100120,GUDANG GARAM FILTER INTER,RK,ROKOK,24500,24500,27000,10.20408,N,N,0,0,20,121,210,N,0,,0,0,0,0,0,0
'8999909000480,'8999909000483,AVOLUTION MENTHOL,RK,ROKOK,27000,27000,30000,11.11111,N,N,0,0,15,30,135,N,0,,27000,0,0,0,0,0
'8999909000377,'8999909000377,AVOLUTION ORIGINAL,RK,ROKOK,27000,27000,30000,11.11111,N,N,0,0,15,20,120,N,0,,27000,0,0,0,0,0
'8999909085110,'8999909085114,SAMPOERNA KRETEK,RK,ROKOK,11400,11400,13000,14.03509,N,N,0,0,10,10,283,N,0,,0,0,0,0,0,0
'8999909000544,'8999909000544,MARLBOORO FILTER BLACK,RK,ROKOK,37900,37900,40000,5.5409,N,N,0,0,85,35,121,N,0,,25200,25200,-26.53061,-26.53061,0,0
'8999909028234,'8999909028234,DJ SAM SOE KRETEK,RK,ROKOK,18250,18250,21000,15.06849,N,N,0,0,15,15,209,N,0,,0,0,0,0,0,0
'8999909028999,'8999909028999,DJI SAM SOE PREMIUM,RK,ROKOK,19300,19300,22000,13.98964,N,N,0,0,15,7,118,N,0,,0,0,0,0,0,0
'8999909010567,'8999909010567,DJI SAMSOE KRETEK 16,RK,ROKOK,24400,24400,27000,10.65574,N,N,0,0,10,23,126,N,0,,0,0,0,0,0,0
'8999909000971,'8999909000971,MAGNUM MILD 20,RK,ROKOK,22700,22700,25000,10.13216,N,N,0,0,10,10,118,N,0,,22700,0,0,0,0,0
'8999909000711,'8999909000711,MAGNUM MILD 16,RK,ROKOK,18450,18450,22000,19.24119,N,N,0,0,0,10,94,N,0,,17250,0,-6.50407,0,0,0
'8995078800008,'8995078800008,U MILD 12,RK,ROKOK,14600,14600,18000,23.28767,N,N,0,0,16,10,291,N,0,,13400,0,-8.21918,0,0,0
'8995078803078,'8995078803078,U MILD 16,RK,ROKOK,20300,20300,25000,23.15271,N,N,0,0,10,20,160,N,0,,23000,0,0,0,0,0
'8997032821012,'8997032821012,ESSE BLUE,RK,ROKOK,36900,36900,39000,5.69106,N,N,0,0,10,51,242,N,0,,25130.93,25130.93,-31.89451,-31.89451,0,0
'8997032821388,'8997032821388,ESSE CHANGE GRAPPE,RK,ROKOK,37700,37700,41000,8.75332,N,N,0,0,10,4,60,N,0,,26880,20000,-28.70027,-46.9496,0,0
'8997032821173,'8997032821173,BOHEM MOJITO,RK,ROKOK,33500,33500,28000,7.69231,N,N,0,0,10,2,68,N,0,,21300,21300,-18.07692,0,0,0
'8997032821302,'8997032821302,ESSE BERRY POP,RK,ROKOK,31200,31200,34000,8.97436,N,N,0,0,1,8,171,N,0,,20790.48,18500,-33.36386,-40.70513,0,0
'8997032821203,'8997032821203,ESSE MILD MENTHOL,RK,ROKOK,23500,23500,27000,14.89362,N,N,0,0,10,0,70,N,0,,20000,0,-11.11111,0,0,0
'8997032821272,'8997032821272,ESSE CHANGE,RK,ROKOK,37700,37700,41000,8.75332,N,N,0,0,10,31,56,N,0,,28509.09,28509.09,-24.37908,-24.37908,0,0
'8997032821319,'8997032821319,ESSE HONEY POP,RK,ROKOK,31200,31200,34000,8.97436,N,N,0,0,10,2,164,N,0,,18000,0,-42.30769,0,0,0
'8997032821227,'8997032821227,ESSE SHUFFLE POP,RK,ROKOK,31200,31200,34000,8.97436,N,N,0,0,10,6,48,N,0,,22816.67,0,-26.86966,0,0,0
'8991906101361,'8991906101361,MLD PUTIH,RK,ROKOK,25000,25000,27000,8,N,N,0,0,10,10,84,N,0,,21100,0,-15.6,0,0,0
'8999999005610,'8999999005610,MAGNUM ALMOND,ES,ESKRIM,14500,19850.4,19000,31.03448,N,N,0,0,20,108,159,N,0,,0,0,0,0,0,0
'8995077601767,'8995077601767,KACANG SUKRO POLONG,KCK,KACANG,5000,5000,8000,60,N,N,0,0,20,0,35,N,0,,0,0,0,0,0,0
'8994729100122,'8994729100122,APACHE 16,RK,ROKOK,17200,17200,20000,16.27907,N,N,0,0,20,0,20,N,0,,14750,14750,-14.24419,-14.24419,0,0
'8994729100245,'8994729100245,APACHE 12,RK,ROKOK,12800,12800,15000,17.1875,N,N,0,0,10,10,48,N,0,,12800,12800,0,0,0,0
'8997211410020,'8997211410020,MONTEZUMA,RK,ROKOK,22000,22000,27000,22.72727,N,N,0,0,7,5,94,N,0,,22000,0,0,0,0,0
'8997032821197,'8997032821197,ESSE MILD,RK,ROKOK,24000,24000,27000,12.5,N,N,0,0,20,0,16,N,0,,20000,20000,-16.66667,-11.11111,0,0
'8997032821234,'8997032821234,ESSE BLUE CHANGE,RK,ROKOK,37000,37000,40000,8.10811,N,N,0,0,10,19,185,N,0,,32266.19,0,-12.79409,0,0,0
'8997032821418,'8997032821418,ESSE JUICY,RK,ROKOK,38600,38600,40000,3.62694,N,N,0,0,10,18,109,N,0,,20960.7,20000,-42.88638,-45.50409,0,0
'8997210140010,'8997210140010,SMIRNOFF ICE 275ML,BTL,MINUMAN,22000,22000,27000,21.34831,N,N,0,0,48,192,242,N,0,,0,0,0,0,0,0
'89981764,'89981764,DUNHILL BLUE INTERNATIONAL,RK,ROKOK,27800,27800,30000,7.91367,N,N,0,0,10,30,148,N,0,,0,0,0,0,0,0
'89981757,'89981757,DUNHILL RED INTERNATIONAL,RK,ROKOK,27800,27800,30000,7.91367,N,N,0,0,10,30,28,N,0,,0,0,0,0,0,0
'8997033000973,'8997033000973,POPCORN SALTED CARAMEL,SNK,SNACK,0,0,35000,0,N,N,0,0,0,0,41,N,0,,0,0,0,0,0,0
'8997217370199,'8997217370199,CAMEL YELLOW,RK,ROKOK,27000,27000,30000,11.11111,N,N,0,0,10,185,261,N,0,,23838.69,23838.69,-11.70855,-11.70855,0,0
'4902210200804,'4902210200804,MEVIUS BLUE,RK,ROKOK,26300,26300,30000,14.06844,N,N,0,0,10,0,90,N,0,,26300,0,0,0,0,0
'01231233,'01231233,WINSTON RED,RK,ROKOK,20400,20400,22000,7.84314,N,N,0,0,10,10,75,N,0,,0,0,0,0,0,0
'01231932,'01231932,WINSTON BLUE,RK,ROKOK,20400,20400,22000,7.84314,N,N,0,0,10,10,52,N,0,,0,0,0,0,0,0
'8991926101020,'8991926101020,IN MILD MENTHOL,RK,ROKOK,24600,24600,28000,13.82114,N,N,0,0,10,199,372,N,0,,18315.18,18315.18,-25.54806,-25.54806,0,0
'8991906101101,'8991906101101,LA ICE,RK,ROKOK,24500,24500,27000,10.20408,N,N,0,0,10,3,62,N,0,,19100,0,-22.04082,0,0,0
'8991906101071,'8991906101071,LA MENTHOL,RK,ROKOK,24000,24000,26500,10.41667,N,N,0,0,10,0,31,N,0,,19100,19100,0,0,0,0
'8991906101057,'8991906101057,LA LIGHT,RK,ROKOK,25500,25500,26500,10.41667,N,N,0,0,10,14,55,N,0,,19100,0,0,0,0,0
'8998989300391,'8998989300391,GUDANG GARAM SURYA PRO PUTIH,RK,ROKOK,22700,22700,26000,14.53744,N,N,0,0,10,22,32,N,0,,0,0,0,0,0,0
'8998989121163,'8998989121163,GUDANG GARAM SURYA PRO MERAH,RK,ROKOK,18600,18600,21000,12.90323,N,N,0,0,10,10,21,N,0,,0,0,0,0,0,0
'8991906109992,'8991906109992,MLD BLACK,RK,ROKOK,17100,17100,21000,22.80702,N,N,0,0,10,0,38,N,0,,17100,0,0,0,0,0
'8997210140040,'8997210140041,SMIRNOFF RESPBERRY,BTL,MINUMAN,20625,20625,30000,45.45455,N,N,0,0,24,0,116,N,0,,0,0,0,0,0,0
'8997210140027,'8997210140027,SMIRNOFF GREEN APPLE,BTL,MINUMAN,22000,22000,27000,22.72727,N,N,0,0,24,36,207,N,0,,0,0,0,0,0,0
'045,'045,SPIDOL,ATL,ALAT TULIS,0,0,10000,0,N,N,0,0,10,0,15,N,0,,0,0,0,0,0,0
'8997206580516,'8997206580516,BEER BINTANG RADLER LEMON KLG,BEER,BEER,0,0,24000,0,N,N,0,0,24,0,143,N,0,,0,0,0,0,0,0
'8997206581001,'8997206581001,BEER BINTANG RADLER ORANGE,BEER,BEER,0,0,24000,0,N,N,0,0,24,0,56,N,0,,0,0,0,0,0,0
'8997206580424,'8997206580424,BEER BINTANG KLG 330 ML,BEER,BEER,19200,19200,25000,30.20833,N,N,0,0,48,128,179,N,0,,0,0,0,0,0,0
'8997206580455,'8997206580455,BEER BINTANG KLG 500ML,BEER,BEER,28000,33250,32000,14.28571,N,N,0,0,48,161,231,N,0,,0,0,0,0,0,0
'9002490207267,'9002490207267,REDBULL ENERGY DRINK,BTL,MINUMAN,20625,20625,25000,19.04762,N,N,0,0,25,37,148,N,0,,0,0,0,0,0,0
'8886057883665,'8886057883665,KRATINDENG REDBULL,BTL,MINUMAN,4850,4850,7000,52.9052,N,N,0,0,40,54,393,N,0,,0,0,0,0,0,0
'8999908034205,'8999908034205,HEMAVITON ENERGY DRINK,BTL,MINUMAN,4350,4350,7000,60.91954,N,N,0,0,40,50,47,N,0,,4000,4000,0,0,0,0
'8997028440012,'8997028440012,KRATINDENG REDBULL KLG,BTL,MINUMAN,6500,6500,10000,53.84615,N,N,0,0,20,18,98,N,0,,0,0,0,0,0,0
'8992761111014,'8992761111014,COCA-COLA ORIGINAL KLG 330ML,BTL,MINUMAN,4583,4583,7000,52.73838,N,N,0,0,48,55,326,N,0,,0,0,0,0,0,0
'8992761111038,'8992761111038,SPRITE KLG 330ML,BTL,MINUMAN,4800,4800,8000,66.66667,N,N,0,0,48,16,115,N,0,,0,0,0,0,0,0
'8992761111021,'8992761111021,COCA-COLA LIGHT TASTE KLG,BTL,MINUMAN,0,0,8000,0,N,N,0,0,20,0,189,N,0,,0,0,0,0,0,0
'8992761111298,'8992761111298,COCA-COLA ZERO KLG 330ML,BTL,MINUMAN,4800,4800,7000,45.83333,N,N,0,0,20,102,484,N,0,,0,0,0,0,0,0
'8992761111045,'8992761111045,FANTA STRAWBERRY KLG 330ML,BTL,MINUMAN,0,0,10000,0,N,N,0,0,20,0,32,N,0,,0,0,0,0,0,0
'8996006133014,'8996006133014,FRUIT TEA APEL KLG,NULL,NULL,4500,4500,6000,33.33333,N,N,0,0,0,0,0,N,0,,0,0,0,0,0,0
'8997206580769,'8997206580769,HEINEKEN KLG 330ML,BTL,MINUMAN,0,0,23000,0,N,N,0,0,20,0,127,N,0,,0,0,0,0,0,0
'8997026800016,'8997026800016,ALBENS ORIGINAL,BTL,MINUMAN,0,0,40000,0,N,N,0,0,48,0,132,N,0,,0,0,0,0,0,0
'8997026800030,'8997026800030,ALBENS APPLE & MANGO,BTL,MINUMAN,0,0,40000,0,N,N,0,0,24,0,106,N,0,,0,0,0,0,0,0
'8997026800078,'8997026800078,ALBENS APPLE & STRAWBERRY,BTL,MINUMAN,0,0,40000,0,N,N,0,0,24,0,63,N,0,,0,0,0,0,0,0
'8992756333520,'8992756333520,SAN MIGUEL 640ML,BTL,MINUMAN,3625,36250,45000,1141.37931,N,N,0,0,48,0,50,N,0,,0,0,0,0,0,0
'8992756533692,'8992756533692,SAN MIG LIGHT 330ML,BTL,MINUMAN,25436,28456,29000,14.01164,N,N,0,0,24,36,64,N,0,,0,0,0,0,0,0
'8992756333537,'8992756333537,SAN MIGUEL 330 ML,BTL,MINUMAN,21208,21208,26000,22.59525,N,N,0,0,24,12,70,N,0,,0,0,0,0,0,0
'8414775018399,'8414775018399,FILTER SMOKING,RK,ROKOK,25000,25000,30000,20,N,N,0,0,20,0,53,N,0,,0,0,0,0,0,0
'8991001121615,'8991001121615,SILVER QUEEN MILK CHOCHO 65G,CKL,COKELAT,0,0,20000,0,N,N,0,0,24,0,67,N,0,,0,0,0,0,0,0
'8991001111883,'8991001111883,SILVERQUEEN CHUNKY BAR 33G,CKL,COKELAT,7500,7500,10000,46.52015,N,N,0,0,0,16,37,N,0,,0,0,0,0,0,0
'8991001111289,'8991001111289,SILVERQUEEN MILK CHOCHO 30G,CKL,COKELAT,7500,7500,10000,33.33333,N,N,0,0,0,21,66,N,0,,0,0,0,0,0,0
'8999999195649,'8999999195649,TEH CELUP SARI WANGI,TEA,TEA,5500,5500,8000,45.45455,N,N,0,0,0,5,33,N,0,,0,0,0,0,0,0
'8995177101112,'8995177101112,GULAKU 1KG,GL,GULA,0,0,17000,0,N,N,0,0,0,25,38,N,0,,0,0,0,0,0,0
'8991001503107,'8991001503107,CHACHA PEANUT,P,PERMEN,3600,3600,7000,0,N,N,0,0,0,13,98,N,0,,0,0,0,0,0,0
'8991001503114,'8991001503114,CHACHA MILK CHOCHO,P,PERMEN,3070,3070,4500,46.5798,N,N,0,0,0,20,85,N,0,,0,0,0,0,0,0
'8004800023018,'8004800023018,POKER NOCCIOLA,WFR,WAFFER,0,0,12000,0,N,N,0,0,0,0,12,N,0,,0,0,0,0,0,0
'8004800023001,'8004800023001,POKER CACAO,WFR,WAFFER,0,0,12000,0,N,N,0,0,0,0,7,N,0,,0,0,0,0,0,0
'8997033001079,'8997033001079,POPCORN CHOCHOLATE CARAMEL,SNK,SNACK,0,0,35000,0,N,N,0,0,0,0,17,N,0,,0,0,0,0,0,0
'8997033000737,'8997033000737,GRANOLA BITES CHOCO VANILA,SNK,SNACK,18000,18000,35000,94.44444,N,N,0,0,0,0,7,N,0,,0,0,0,0,0,0
'8997033000829,'8997033000829,GRANOLA BITES COCONUT BANANA,SNK,SNACK,18000,18000,35000,94.44444,N,N,0,0,0,0,0,N,0,,0,0,0,0,0,0
'9556182023289,'9556182023289,DAIRY MILK CASHEW &COOKIES,CKL,COKELAT,0,0,35000,0,N,N,0,0,0,0,8,N,0,,0,0,0,0,0,0
'7622210681614,'7622210681614,DAIRY MILK SAHEWNUT,CKL,COKELAT,0,0,12000,0,N,N,0,0,0,0,1,N,0,,0,0,0,0,0,0
'9556182023234,'9556182023234,DAIRY MILK CHOCHOLATE,CKL,COKELAT,8500,8500,11000,52.77778,N,N,0,0,0,15,25,N,0,,0,0,0,0,0,0
'7622210086693,'7622210086693,DAIRY MILK FRUIT & NUT,CKL,COKELAT,14000,14000,20000,42.85714,N,N,0,0,0,0,42,N,0,,0,0,0,0,0,0
'7622210640994,'7622210640994,DAIRY MILK CASHEWNUT 65G,CKL,COKELAT,14000,14000,20000,42.85714,N,N,0,0,0,0,46,N,0,,0,0,0,0,0,0
'9556182023258,'9556182023258,DAIRY MILK CHOCOLATE 65G,CKL,COKELAT,15000,15000,20000,42.85714,N,N,0,0,0,4,41,N,0,,0,0,0,0,0,0
'7622210398055,'7622210398055,DAIRY MILK BLACK FOREST 65G,CKL,COKELAT,14000,14000,20000,42.85714,N,N,0,0,0,0,43,N,0,,0,0,0,0,0,0
'8993200664061,'8993200664061,YOGURT BLUEBRRY 70ML,YG,YOGURT,0,0,3000,0,N,N,0,0,0,0,9,N,0,,0,0,0,0,0,0
'8997009510123,'8997009510123,ORANGE WATER 500ML,BTL,MINUMAN,7000,7000,9000,28.57143,N,N,0,0,0,283,1348,N,0,,0,0,0,0,0,0
'8997009510116,'8997009510116,YOU-C1000 LEMON WATER 500ML,BTL,MINUMAN,6667,6667,9000,34.99325,N,N,0,0,0,90,687,N,0,,0,0,0,0,0,0
'8992761164539,'8992761164539,NUTRIBOOST ORANGE 300ML,BTL,MINUMAN,5500,5500,7000,27.27273,N,N,0,0,0,66,138,N,0,,0,0,0,0,0,0
'9556001047175,'9556001047175,NESCAFE ORIGINAL 240ml,CFF,COFFE,8252,8252,11000,19.56522,N,N,0,0,0,27,361,N,0,,0,0,0,0,0,0
'8992761164546,'8992761164546,NUTRIBOOST STRAWBERRY 300ML,YG,YOGURT,5300,5300,7000,32.07547,N,N,0,0,0,73,274,N,0,,0,0,0,0,0,0
'8998009010613,'8998009010613,ULTRA MILK FULL CREAM 100ML,SS,SUSU,18000,18000,22000,22.22222,N,N,0,0,0,11,91,N,0,,0,0,0,0,0,0
'8998009010637,'8998009010637,ULTRAMLK LOW FAT 1000ML,SS,SUSU,21500,21500,25000,0,N,N,0,0,10,14,57,N,0,,0,0,0,0,0,0
'8998009010620,'8998009010620,ULTRA MILK RASA COKELAT,SS,SUSU,18000,18000,22000,29.41176,N,N,0,0,10,18,32,N,0,,0,0,0,0,0,0
'8991002121041,'8991002121041,GOOD DAY CARAMEL MACCHIATO,CFF,COFFE,0,0,5000,0,N,N,0,0,24,0,4,N,0,,0,0,0,0,0,0
'8998009010248,'8998009010248,ULTRA MILK STRAWBERRY 250ML,SS,SUSU,5625,5625,8000,42.22222,N,N,0,0,24,149,346,N,0,,0,0,0,0,0,0
'8998009010231,'8998009010231,ULTRA MILK COLKEAT 250ML,SS,SUSU,5800,5800,8000,37.93103,N,N,0,0,0,134,789,N,0,,0,0,0,0,0,0
'8998009010224,'8998009010224,ULTRA MILK FULL CREAM 250ML,SS,SUSU,6450,6450,8000,65.52866,N,N,0,0,0,52,373,N,0,,0,0,0,0,0,0
'8998009020186,'8998009020186,BUAVITA GUAVA 250ML,BTL,MINUMAN,7500,7500,9000,20,N,N,0,0,0,55,339,N,0,,0,0,0,0,0,0
'8992702006003,'8992702006003,INDOMILK MELON 190ML,SS,SUSU,0,0,5000,0,N,N,0,0,24,0,87,N,0,,0,0,0,0,0,0
'8992702005976,'8992702005976,INDOMILK STRAWBERRY 190ML,SS,SUSU,0,0,5000,0,N,N,0,0,0,0,100,N,0,,0,0,0,0,0,0
'8992702005945,'8992702005945,INDOMILK COKELAT 190ML,SS,SUSU,0,0,5000,0,N,N,0,0,0,0,38,N,0,,0,0,0,0,0,0
'8992702005921,'8992702005921,INDOMILK VANILA 190ML,SS,SUSU,0,0,5000,0,N,N,0,0,0,0,24,N,0,,0,0,0,0,0,0
'8991102222006,'8991102222006,TEH GELAS,TEA,TEA,833,821.95,1500,80.07203,N,N,0,0,50,336,411,N,0,,0,0,0,0,0,0
'8997009510055,'8997009510055,YOU-C1000 ORANGE,BTL,MINUMAN,7000,7000,9000,28.57143,N,N,0,0,0,209,1100,N,0,,0,0,0,0,0,0
'8997009510017,'8997009510017,YOU-C1000 LEMON,BTL,MINUMAN,6500,6500,9000,28.57143,N,N,0,0,0,105,601,N,0,,0,0,0,0,0,0
'9556001051509,'9556001051509,MILO ORIGINAL CAN 240ML,SS,SUSU,8750,8750,11000,25.71429,N,N,0,0,0,14,74,N,0,,0,0,0,0,0,0
'8850389108277,'8850389108277,MOGU MOGU COCONUT,BTL,MINUMAN,8150,8150,10000,33.33333,N,N,0,0,0,3,303,N,0,,0,0,0,0,0,0
'8850389108055,'8850389108055,MOGU MOGU STRAWBERRY,NULL,NULL,9000,9000,11000,22.22222,N,N,0,0,0,12,16,N,0,,0,0,0,0,0,0
'8850389114438,'8850389114438,MOGU MOGU MELON,BTL,MINUMAN,9000,9000,10000,0,N,N,0,0,0,12,103,N,0,,0,0,0,0,0,0
'8998009020179,'8998009020179,BUAVITA ORANGE 250ML,BTL,MINUMAN,7500,7500,10000,33.33333,N,N,0,0,24,31,82,N,0,,0,0,0,0,0,0
'8998009050053,'8998009050053,SARI KACANG IJO 250ML,BTL,MINUMAN,3375,3375,7000,0,N,N,0,0,0,36,190,N,0,,0,0,0,0,0,0
'8992761151096,'8992761151096,MINUTE MAID NUTRIFORCE,BTL,MINUMAN,0,0,5000,0,N,N,0,0,0,0,8,N,0,,0,0,0,0,0,0
'8995227500292,'8995227500292,LARUTAN CAP KAKI TIGA MELON,BTL,MINUMAN,5417,5417,8000,47.68322,N,N,0,0,0,156,506,N,0,,0,0,0,0,0,0
'9556156003385,'9556156003385,YEOS GRASS JELLY DRINK,BTL,MINUMAN,0,0,8000,0,N,N,0,0,0,0,118,N,0,,0,0,0,0,0,0
'9556001054005,'9556001054005,NESCAFE MOCHA 240ml,BTL,MINUMAN,8252,8252,11000,22.22222,N,N,0,0,0,28,205,N,0,,0,0,0,0,0,0
'9556001025272,'9556001025272,NESCAFE LATTE 240ML,BTL,MINUMAN,9000,9000,11000,22.22222,N,N,0,0,0,182,513,N,0,,0,0,0,0,0,0
'8997035111110,'8997035111110,POCARI SWEAT CAN 330 ML,BTL,MINUMAN,5250,5250,7000,33.33333,N,N,0,0,0,33,207,N,0,,0,0,0,0,0,0
'8992772586016,'8992772586016,ADEM SARI CHING KU CAN 320 ML,BTL,MINUMAN,6000,6000,8000,33.33333,N,N,0,0,0,46,490,N,0,,0,0,0,0,0,0
'8995227500308,'8995227500308,LARUTAN CAP KAKI TIGA JERUK,BTL,MINUMAN,5417,5417,8000,47.68322,N,N,0,0,0,90,317,N,0,,0,0,0,0,0,0
'8992772485012,'8992772485012,COOLANT 175 ML,BTL,MINUMAN,4500,4500,6500,51.16279,N,N,0,0,0,24,78,N,0,,0,0,0,0,0,0
'8992772485029,'8992772485029,COOLANT STAR FRUIT 175 ML,BTL,MINUMAN,4800,4800,7000,45.83333,N,N,0,0,0,5,26,N,0,,0,0,0,0,0,0
'8997009781110,'8997009781110,HYDRO COCO 500 ML,BTL,MINUMAN,11029,11029,14000,26.93807,N,N,0,0,0,45,333,N,0,,0,0,0,0,0,0
'8992858527308,'8992858527308,HYDRO COCO 250 ML,BTL,MINUMAN,5828,5828,8000,37.26836,N,N,0,0,0,48,434,N,0,,0,0,0,0,0,0
'8996001600207,'8996001600207,TEH PUCUK HARUM 240 ML,BTL,MINUMAN,5500,5500,8000,45.45455,N,N,0,0,0,54,456,N,0,,0,0,0,0,0,0
'8992761166205,'8992761166205,FRESTEA MADU 350 ML,BTL,MINUMAN,2750,2750,5000,118.15009,N,N,0,0,0,57,38,N,0,,0,0,0,0,0,0
'8992761166052,'8992761166052,FRESTEA TEH ORIGINAL 350 ML,BTL,MINUMAN,3000,3000,5000,66.66667,N,N,0,0,0,22,106,N,0,,0,0,0,0,0,0
'8992761166229,'8992761166229,FRESTEA MARKISA 350 ML,BTL,MINUMAN,0,0,5000,0,N,N,0,0,0,0,67,N,0,,0,0,0,0,0,0
'8992761166212,'8992761166212,FRESTEA APEL 350 ML,BTL,MINUMAN,2292,2292,5000,118.15009,N,N,0,0,0,48,231,N,0,,0,0,0,0,0,0
'8992761122324,'8992761122324,FRESTEA TEH MELATI 500ML,BTL,MINUMAN,0,0,8000,0,N,N,0,0,0,0,-9,N,0,,0,0,0,0,0,0
'8992761122348,'8992761122348,FRSTEA MARKISA 500ML,BTL,MINUMAN,,0,8000,0,N,N,0,0,0,0,90,N,0,,0,0,0,0,0,0
'8992761122331,'8992761122331,FRESTEA APEL 500ML,BTL,MINUMAN,4917,4594.63,7000,42.36323,N,N,0,0,0,30,44,N,0,,0,0,0,0,0,0
'8992388133017,'8992388133017,NIU MILK TEA 330ML,BTL,MINUMAN,5500,5500,8000,45.45455,N,N,0,0,0,202,235,N,0,,0,0,0,0,0,0
'8992388133345,'8992388133345,NIU TEH TARIK,BTL,MINUMAN,5500,5500,8000,45.45455,N,N,0,0,0,147,229,N,0,,0,0,0,0,0,0
'8851019510132,'8851019510132,POCKY DOUBLE CHOCO,WFR,WAFFER,0,0,12000,0,N,N,0,0,0,0,18,N,0,,0,0,0,0,0,0
'8994504121311,'8994504121311,LUCKY STICK,WFR,WAFFER,0,0,10000,0,N,N,0,0,0,0,1,N,0,,0,0,0,0,0,0
'8851019210117,'8851019210117,POCKY CHOCOLATE FLAVOUR,WFR,WAFFER,7400,7400,12000,0,N,N,0,0,0,2,48,N,0,,0,0,0,0,0,0
'8851019210124,'8851019210124,POCKY STRAWBERRY FLAVOUR,WFR,WAFFER,0,0,12000,0,N,N,0,0,0,0,25,N,0,,0,0,0,0,0,0
'8851019210292,'8851019210292,POCKY COOKIES&CREAM,WFR,WAFFER,7400,7400,12000,0,N,N,0,0,0,2,38,N,0,,0,0,0,0,0,0
'8851019210193,'8851019210193,POCKY CHOCO BANANA,WFR,WAFFER,0,0,12000,0,N,N,0,0,0,0,25,N,0,,0,0,0,0,0,0
'8851019210223,'8851019210223,POCKY MATCHA GREEN TEA,WFR,WAFFER,7400,7400,12000,0,N,N,0,0,0,2,26,N,0,,0,0,0,0,0,0
'8996001302316,'8996001302316,MALKIST ABON 27G,WFR,WAFFER,550,550,1500,172.72727,N,N,0,0,0,90,334,N,0,,0,0,0,0,0,0
'8996001302620,'8996001302620,MALKIST COKELAT 21G,WFR,WAFFER,900,900,1500,87.5,N,N,0,0,0,20,280,N,0,,0,0,0,0,0,0
'8992775305034,'8992775305034,GERY SALUT 18G,WFR,WAFFER,800,800,1500,87.5,N,N,0,0,0,10,251,N,0,,0,0,0,0,0,0
'8992775305188,'8992775305188,GERRY SALUT MATCHA 18G,WFR,WAFFER,550,550,1500,172.72727,N,N,0,0,0,30,152,N,0,,0,0,0,0,0,0
'8996001312261,'8996001312261,MALKIST KEJU MANIS 23G,WFR,WAFFER,0,0,1500,0,N,N,0,0,0,0,66,N,0,,0,0,0,0,0,0
'8992761145019,'8992761145019,COLA COLA 25OML,BTL,MINUMAN,2333,2333,5000,114.31633,N,N,0,0,0,36,314,N,0,,0,0,0,0,0,0
'8997025060169,'8997025060169,BIG STRAWBERI 535ML,BTL,MINUMAN,0,0,5000,0,N,N,0,0,0,0,21,N,0,,0,0,0,0,0,0
'8997025060183,'8997025060183,BIG LEMON 535 ML,BTL,MINUMAN,0,0,5000,0,N,N,0,0,0,0,23,N,0,,0,0,0,0,0,0
'8997025060176,'8997025060176,BIG JERUK 535 ML,BTL,MINUMAN,0,0,5000,0,N,N,0,0,0,0,8,N,0,,0,0,0,0,0,0
'8992761145033,'8992761145033,FANTA 250ML,BTL,MINUMAN,2333,2333,5000,0,N,N,0,0,0,12,135,N,0,,0,0,0,0,0,0
'8992761145026,'8992761145026,SPRITE 250 ML,BTL,MINUMAN,2395,2395,5000,108.76827,N,N,0,0,0,36,209,N,0,,0,0,0,0,0,0
'8996006853387,'8996006853387,FRUIT TEA APEL 500 ML,BTL,MINUMAN,5000,5000,8000,60,N,N,0,0,0,35,30,N,0,,0,0,0,0,0,0
'8996006855541,'8996006855541,FRUIT TEA GUAVA 500 ML,BTL,MINUMAN,0,0,8000,0,N,N,0,0,0,24,160,N,0,,0,0,0,0,0,0
'8997035563544,'8997035563544,POCARI SWEAT 250ML,BTL,MINUMAN,5500,5500,7000,27.27273,N,N,0,0,0,95,672,N,0,,0,0,0,0,0,0
'8992761002053,'8992761002053,FANTA ANGGUR 390 ML,BTL,MINUMAN,4000,4000,7000,75,N,N,0,0,0,12,33,N,0,,0,0,0,0,0,0
'8992709818401,'8992709818401,MR.P HONEY ROASTED PEANUTS,KCK,KACANG,6000,6000,12000,100,N,N,0,0,0,0,13,N,0,,0,0,0,0,0,0
'8992709838409,'8992709838409,"MR,P CHILI ROASTED PENUTS",KCK,KACANG,6000,6000,12000,100,N,N,0,0,0,0,11,N,0,,0,0,0,0,0,0
'8992709538361,'8992709538361,MR.P CHILI ROASTEAD CASHEW,KCK,KACANG,19000,19000,25000,31.57895,N,N,0,0,0,0,4,N,0,,0,0,0,0,0,0
'8992709728403,'8992709728403,MR.P ROASTED CASHEWNUTS,KCK,KACANG,19300,19300,25000,29.53368,N,N,0,0,0,0,14,N,0,,21890,0,0,0,0,0
'8992709718404,'8992709718404,MR.P HONEY CASHEWNUTS,KCK,KACANG,19300,19300,25000,29.53368,N,N,0,0,0,0,5,N,0,,0,0,0,0,0,0
'8992709848408,'8992709848408,MR.P ORIGINAL GARLIC PEANUTS,KCK,KACANG,6000,6000,12000,100,N,N,0,0,0,0,4,N,0,,9000,0,0,0,0,0
'8992709818807,'8992709818807,MR.P HONEY 80G,KCK,KACANG,14300,14300,18000,25.87413,N,N,0,0,0,4,27,N,0,,0,0,0,0,0,0
'8992709848415,'8992709848415,MR.P ORIGINAL GARLIC 80G,KCK,KACANG,12000,12000,20000,66.66667,N,N,0,0,0,0,3,N,0,,0,0,0,0,0,0
'8992709718800,'8992709718800,MR.P HONEY CASHEW NUT 80G,KCK,KACANG,38000,38000,45000,18.42105,N,N,0,0,0,0,11,N,0,,38000,0,0,0,0,0
'8992709548360,'8992709548360,MR.P CHILI CASHEW NUTD 80G,KCK,KACANG,38000,38000,45000,18.42105,N,N,0,0,0,0,5,N,0,,0,0,0,0,0,0
'8992709728809,'8992709728809,MR.P ROASTED CASHEW NUTS 80G,KCK,KACANG,38000,38000,45000,18.42105,N,N,0,0,0,0,22,N,0,,0,0,0,0,0,0
'8992709838805,'8992709838805,MR.P CHILI ROASTED PENAUT 80G,KCK,KACANG,12000,12000,20000,66.66667,N,N,0,0,0,0,18,N,0,,0,0,0,0,0,0
'8992709667290,'8992709667290,MR.P KACANG ATOM 130G,KCK,KACANG,7200,7200,12000,66.66667,N,N,0,0,0,0,16,N,0,,7200,0,0,0,0,0
'8992709416249,'8992709416249,MR.P MIX NUT 80 G',KCK,KACANG,21000,21000,30000,42.85714,N,N,0,0,0,0,21,N,0,,0,0,0,0,0,0
'8996001318430,'8996001318430,BETTER VANILLA CREAM 22G,WFR,WAFFER,1750,1750,2500,42.85714,N,N,0,0,0,199,212,N,0,,0,0,0,0,0,0
'8996001302088,'8996001302088,MALKIST ROMA CRACKERS,WFR,WAFFER,900,900,1500,66.66667,N,N,0,0,0,66,411,N,0,,0,0,0,0,0,0
'8993175538541,'8993175538541,NEXTAR NANAS 42G,WFR,WAFFER,1750,1750,3000,71.42857,N,N,0,0,0,42,203,N,0,,0,0,0,0,0,0
'8993175539210,'8993175539210,NEXTAR COKELAT,WFR,WAFFER,1750,1750,3000,71.42857,N,N,0,0,0,12,276,N,0,,0,0,0,0,0,0
'8992775315033,'8992775315033,GERY SALUT,WFR,WAFFER,0,0,500,0,N,N,0,0,0,0,14,N,0,,0,0,0,0,0,0
'8992761002022,'8992761002022,SPRITE LEMON LIME 390ML,BTL,MINUMAN,4000,4000,7000,75,N,N,0,0,0,55,580,N,0,,0,0,0,0,0,0
'8996006855145,'8996006855145,TEH BOTOL SOSRO ORIGINAL 450ML,BTL,MINUMAN,5150,5150,8000,55.33981,N,N,0,0,0,78,539,N,0,,0,0,0,0,0,0
'8995227500124,'8999988888989,LARUTAN CAP KAKI TIGA 200ML,BTL,MINUMAN,3000,3000,5000,66.66667,N,N,0,0,0,95,166,N,0,,0,0,0,0,0,0
'8995227500261,'8995227500261,LARUTAN CAP KAKI TIGA 500ML,BTL,MINUMAN,5800,5800,8000,37.93103,N,N,0,0,0,140,488,N,0,,0,0,0,0,0,0
'8996129803504,'8996129803504,AIR CLEO 550ML,BTL,MINUMAN,0,0,5000,0,N,N,0,0,0,0,90,N,0,,0,0,0,0,0,0
'8992761139018,'8992761139018,AIR ADES 600ML,BTL,MINUMAN,0,0,5000,0,N,N,0,0,0,0,1186,N,0,,0,0,0,0,0,0
'LG,'8990007910094,LEM G,NULL,NULL,5000,5000,10000,100,N,N,0,0,0,79,184,N,0,,0,0,0,0,0,0
'8996006858016,'8996006858016,TEH BOTOL SOSRO ORIGINAL 350ML,BTL,MINUMAN,3600,3600,5000,38.88889,N,N,0,0,0,418,307,N,0,,0,0,0,0,0,0
'8992761002039,'8992761002039,FANTA STRAWBERY 390ML,BTL,MINUMAN,4400,4400,7000,59.09091,N,N,0,0,0,45,158,N,0,,0,0,0,0,0,0
'8992752112518,'8992752112518,MIZONE CRANBERRY 500ML,BTL,MINUMAN,3250,3250,6000,84.61538,N,N,0,0,0,148,419,N,0,,0,0,0,0,0,0
'8992752122708,'8992752122708,LEVITE MIX 350ML,BTL,MINUMAN,0,0,6000,0,N,N,0,0,0,0,13,N,0,,0,0,0,0,0,0
'8992752122609,'8992752122609,LEVITE TIMUN & LEMON 350ML,BTL,MINUMAN,0,0,6000,0,N,N,0,0,0,0,8,N,0,,0,0,0,0,0,0
'8992775712603,'8992775712603,MYTEA TEH OOLONG,BTL,MINUMAN,4250,4250,7000,64.70588,N,N,0,0,0,8,66,N,0,,0,0,0,0,0,0
'8992752011057,'8992752011057,AIR VIT 1500ML,BTL,MINUMAN,0,0,8000,0,N,N,0,0,0,0,0,N,0,,0,0,0,0,0,0
'8992761136185,'8992761136185,FANTA STRAWBERRY 1L,BTL,MINUMAN,9500,9500,12000,26.31579,N,N,0,0,0,18,24,N,0,,0,0,0,0,0,0
'8997035600324,'8997035600324,POCARI SWEAT 2L,BTL,MINUMAN,20000,20000,25000,25,N,N,0,0,0,10,148,N,0,,0,0,0,0,0,0
'8992761136178,'8992761136178,SPRITE LEMON 1L,BTL,MINUMAN,9500,9500,12000,26.31579,N,N,0,0,0,33,207,N,0,,0,0,0,0,0,0
'8992761136161,'8992761136161,COCA COLA ORIGINAL 1L,BTL,MINUMAN,9500,9500,13000,36.84211,N,N,0,0,0,73,410,N,0,,0,0,0,0,0,0
'089686816013,'089686816013,PEPSI BLUE 1.5L,BTL,MINUMAN,0,0,20000,0,N,N,0,0,0,0,3,N,0,,0,0,0,0,0,0
'8992696425316,'8992696425316,NESCAFE BLACK 200M,BTL,MINUMAN,0,0,7000,0,N,N,0,0,0,0,3,N,0,,0,0,0,0,0,0
'8792792585026,'8792792585026,ADEM SARI LEMON 350ML,BTL,MINUMAN,0,0,7000,0,N,N,0,0,0,0,1,N,0,,0,0,0,0,0,0
'749921030382,'749921030382,HILO CHOCOLATE AVOCADO 200ML,BTL,MINUMAN,0,0,6000,0,N,N,0,0,0,0,25,N,0,,0,0,0,0,0,0
'BS,'BS,BOOTSTRAP COLD BREW COFFEE,BTL,MINUMAN,26000,26000,36000,38.46154,N,N,0,0,0,0,32,N,0,,0,0,0,0,0,0
'8991002121089,'8991002121089,GOOD DAY CAPPUCINO 250ML,BTL,MINUMAN,5100,5100,8000,56.86275,N,N,0,0,0,174,496,N,0,,0,0,0,0,0,0
'8991002121003,'8991002121003,GOOD DAY TIRAMISU BLISS 250ML,BTL,MINUMAN,5200,5200,8000,53.84615,N,N,0,0,0,18,174,N,0,,0,0,0,0,0,0
'8992761145071,'8992761145071,FANTA JERUK 250ML,BTL,MINUMAN,0,0,5000,0,N,N,0,0,0,0,65,N,0,,0,0,0,0,0,0
'8992761002046,'8992761002046,FANTA JERUK 390ML,BTL,MINUMAN,4400,4400,7000,59.09091,N,N,0,0,0,66,84,N,0,,0,0,0,0,0,0
'8992761002015,'8992761002015,COCA COLA ORIGINAL 390ML,BTL,MINUMAN,4250,4250,7000,64.70588,N,N,0,0,0,144,840,N,0,,0,0,0,0,0,0
'8997035563414,'8997035563414,POCARI SWEAT 500ML,BTL,MINUMAN,6500,6500,9000,38.46154,N,N,0,0,0,207,1102,N,0,,0,0,0,0,0,0
'8886001026025,'8886001026025,ASTOR CHOCOLATE 150G,WFR,WAFFER,0,0,12000,0,N,N,0,0,0,0,12,N,0,,0,0,0,0,0,0
'8886001026056,'8886001026056,ASTOR CHOCOLATE 40G,WFR,WAFFER,5000,5000,7000,40,N,N,0,0,0,8,28,N,0,,0,0,0,0,0,0
'9310155540100,'9310155540100,FANTASTIC SEAWEED 100G,WFR,WAFFER,0,0,12000,0,N,N,0,0,0,0,5,N,0,,0,0,0,0,0,0
'8888166607392,'8888166607392,KHONG GUAN SALTCHEESE 175G,WFR,WAFFER,10000,10000,12000,20,N,N,0,0,0,4,13,N,0,,0,0,0,0,0,0
'8888166336568,'8888166336568,NISSIN CRISPY CRACKERS 225G,CML,CEMILAN,10500,10500,13000,23.80952,N,N,0,0,0,20,142,N,0,,0,0,0,0,0,0
'8886015201111,'8886015201111,GOOD TIME CLASSIC 72G,CML,CEMILAN,7500,7500,10000,33.33333,N,N,0,0,0,10,25,N,0,,0,0,0,0,0,0
'8996001302248,'8996001302248,ROMA SARI GANDUM 149G,CML,CEMILAN,6200,6200,8000,0,N,N,0,0,0,12,43,N,0,,0,0,0,0,0,0
'8992775305164,'8992775305164,GERY SALUT MATCHA LATTE 110G,CML,CEMILAN,5800,5800,8000,37.93103,N,N,0,0,0,16,36,N,0,,0,0,0,0,0,0
'8996001312445,'8996001312445,ROMA MALKIST TIRAMISU 120G,CML,CEMILAN,0,0,8000,0,N,N,0,0,0,0,22,N,0,,0,0,0,0,0,0
'8992775001783,'8992775001783,GERY SALUT CHOCOLATE COCONUT,WFR,WAFFER,5500,5500,8000,45.45455,N,N,0,0,0,6,29,N,0,,0,0,0,0,0,0
'8992775315057,'8992775315057,GERY SALUT CHOCOLATE 110G,WFR,WAFFER,5800,5800,8000,37.93103,N,N,0,0,0,10,32,N,0,,0,0,0,0,0,0
'8996001302026,'8996001302026,ROMA MALKIST CRACKERS 135G,WFR,WAFFER,5000,5000,8000,60,N,N,0,0,0,16,81,N,0,,0,0,0,0,0,0
'8992775305102,'8992775305102,GERY SALUT COCONUT 105G,WFR,WAFFER,5800,5800,8000,37.93103,N,N,0,0,0,10,35,N,0,,0,0,0,0,0,0
'8888166330306,'8888166330306,NISSIN LEMONIA LEMON 130G,WFR,WAFFER,8000,8000,10000,25,N,N,0,0,0,4,35,N,0,,0,0,0,0,0,0
'089686600308,'089686600308,CHEETOS JAGUNG BAKAR 75G,CML,CEMILAN,0,0,9000,0,N,N,0,0,0,0,113,N,0,,0,0,0,0,0,0
'8996001302323,'8996001302323,ROMA MALKIST ABON 135G,WFR,WAFFER,5850,5850,8000,36.75214,N,N,0,0,0,33,29,N,0,,0,0,0,0,0,0
'8992775315095,'8992775315095,GERY SALUT SWEET CHEESE 110G,WFR,WAFFER,5800,5800,8000,45.45455,N,N,0,0,0,14,48,N,0,,0,0,0,0,0,0
'8996001305003,'8996001305003,ROMA SARI GANDUM P.BUTTER 115G,WFR,WAFFER,6700,6700,8000,20.30075,N,N,0,0,0,41,124,N,0,,0,0,0,0,0,0
'8996001312278,'8996001312278,ROMA MALKIST KEJU MANIS 120G,WFR,WAFFER,6500,6500,8000,0,N,N,0,0,0,6,20,N,0,,0,0,0,0,0,0
'8996001302392,'8996001302392,ROMA MALKIST ABON 250G,WFR,WAFFER,0,0,13000,0,N,N,0,0,0,0,1,N,0,,0,0,0,0,0,0
'8996001301142,'8996001301142,ROMA BISKUIT KELAPA 300G,WFR,WAFFER,8250,8250,11000,33.33333,N,N,0,0,0,26,40,N,0,,0,0,0,0,0,0
'8996001312353,'8996001312353,ROMA MALKIST KELAPA KOPYOR,WFR,WAFFER,7000,7000,11000,22.22222,N,N,0,0,0,21,18,N,0,,0,0,0,0,0,0
'7622210946546,'7622210946546,BISKUAT SANDWICH CHOCOLATE 27G,CKL,COKELAT,0,0,2000,0,N,N,0,0,0,0,14,N,0,,0,0,0,0,0,0
'3005201901,'3005201901,PURI BALI COFFEE 100G,CFF,COFFE,26000,26000,40000,53.84615,N,N,0,0,0,0,9,N,0,,0,0,0,0,0,0
'502201707,'502201707,PURI BALI CALONARANG 200G,CFF,COFFE,44500,44500,60000,34.83146,N,N,0,0,0,0,0,N,0,,0,0,0,0,0,0
'017,'017,PURI BALI LEGONG 200G,CFF,COFFE,26000,26000,35000,34.61538,N,N,0,0,0,0,2,N,0,,0,0,0,0,0,0
'502201704,'502201704,PURI BALI PURI BALI 200G,CFF,COFFE,26000,26000,40000,53.84615,N,N,0,0,0,0,10,N,0,,0,0,0,0,0,0
'45,'45,KARTU REMI,KRT,KARTU,7000,7000,15000,114.28571,N,N,0,0,0,20,42,N,0,,0,0,0,0,0,0
'54,'54,DOMINO,KRT,KARTU,4000,4000,7000,75,N,N,0,0,0,0,56,N,0,,0,0,0,0,0,0
'K,'K,ODOL,NULL,NULL,0,0,15000,0,N,N,0,0,0,0,0,N,0,,0,0,0,0,0,0
'013256190418,'013256190418,TONG GARDEN SALTED MACADAMIAS,KCK,KACANG,0,0,30000,0,N,N,0,0,0,0,13,N,0,,0,0,0,0,0,0
'013256290514,'013256290514,TONG GARDEN SALTED ALMONDS 35G,KCK,KACANG,15151,15151,20000,32.00449,N,N,0,0,0,8,49,N,0,,0,0,0,0,0,0
'013256300411,'013256300411,TONG GARDEN HONEY ALMONDS 35G,KCK,KACANG,15151,15151,20000,32.00449,N,N,0,0,0,6,25,N,0,,0,0,0,0,0,0
'013256110515,'013256110515,TONG GARDEN SALTED PEANUTS 42G,KCK,KACANG,5827,5827,10000,71.6149,N,N,0,0,0,7,58,N,0,,0,0,0,0,0,0
'013256010402,'013256010402,TG SALTED PISTACHIOS,KCK,KACANG,15151,15151,20000,32.00449,N,N,0,0,0,8,36,N,0,,0,0,0,0,0,0
'013256160350,'013256160350,TONG GARDEN HONEY SUNFLOWER,KCK,KACANG,0,0,10000,0,N,N,0,0,0,0,16,N,0,,0,0,0,0,0,0
'013256140406,'013256140406,TONG GARDEN HONEY PEANUTS 42G,KCK,KACANG,5827,5827,10000,71.6149,N,N,0,0,0,7,45,N,0,,0,0,0,0,0,0
'013256210468,'013256210468,TONG GARDEN SALTED CASHEW NUTS,KCK,KACANG,15151,15151,20000,32.00449,N,N,0,0,0,8,67,N,0,,0,0,0,0,0,0
'013256220412,'013256220412,TONG GARDEN HONEY ROASTED 40G,KCK,KACANG,15151,15151,20000,32.00449,N,N,0,0,0,6,37,N,0,,0,0,0,0,0,0
'8850291102721,'8850291102721,TG CSHW NUT MACADAIMAS SALTED,KCK,KACANG,16927,16927,22000,29.96987,N,N,0,0,0,8,43,N,0,,0,0,0,0,0,0
'013256200414,'013256200414,TONG GARDEN HONEY MACADAMIAS,KCK,KACANG,24975,24975,30000,20.12012,N,N,0,0,0,6,16,N,0,,0,0,0,0,0,0
'8850291100031,'8850291100031,TONG GARDEN BBQ SUNFLOWER 30G,KCK,KACANG,0,0,10000,0,N,N,0,0,0,0,9,N,0,,0,0,0,0,0,0
'8850291180309,'8850291180309,TONG GARDEN SALTED PUMKINS 30G,KCK,KACANG,0,0,10000,0,N,N,0,0,0,0,13,N,0,,0,0,0,0,0,0
'GLN,'GLN,AIR GALON,BTL,MINUMAN,17500,17500,21000,20,N,N,0,0,0,311,1858,N,0,,0,0,0,0,0,0
'8850291100185,'8850291100185,TONG GARDEN PAPRIKA PUPMKINS,KCK,KACANG,0,0,10000,0,N,N,0,0,0,0,19,N,0,,0,0,0,0,0,0
'N2P,'N2P,NOTA 2PLY,BK,BUKU,4500,4500,7000,55.55556,N,N,0,0,0,0,41,N,0,,0,0,0,0,0,0
'AP104,'AP104,AMPLOP PAPERLINE 104,KRTS,NULL,170,170,1000,488.23529,N,N,0,0,0,0,151,N,0,,0,0,0,0,0,0
'AP110,'AP110,AMPLOP PAPERLINE 110,KRTS,NULL,200,200,2000,900,N,N,0,0,0,0,95,N,0,,0,0,0,0,0,0
'AP90,'AP90,AMPLOP PAPERLINE 90,KRTS,NULL,220,220,2500,1036.36364,N,N,0,0,0,0,11,N,0,,0,0,0,0,0,0
'8998866500340,'8998866500340,MAXI PROTEX SOFT CARE,SFX,NULL,550,550,2000,566.66667,N,N,0,0,0,20,24,N,0,,0,0,0,0,0,0
'8992727004169,'8992727004169,LAURIER DOUBLE COMFORT,SFX,NULL,0,0,2000,0,N,N,0,0,0,0,101,N,0,,0,0,0,0,0,0
'8998866500739,'8998866500739,MAXI PROTEX NON GEL,SFX,NULL,0,0,2000,0,N,N,0,0,0,0,4,N,0,,0,0,0,0,0,0
'8998866500357,'8998866500357,MAXI WING PROTEX SOFT CARE,SFX,NULL,550,2200,2000,0,N,N,0,0,0,20,18,N,0,,0,0,0,0,0,0
'8999999036690,'8999999036690,LUX MAGICAL SPELL,SBN,NULL,2800,2800,5000,78.57143,N,N,0,0,0,0,21,N,0,,0,0,0,0,0,0
'8993189270277,'8993189270277,CHARM BODY FIT,SFX,NULL,1300,1300,2000,0,N,N,0,0,0,20,69,N,0,,0,0,0,0,0,0
'8999999031107,'8999999031107,LUX LILY FRESH,SBN,NULL,2800,2800,5000,78.57143,N,N,0,0,0,0,15,N,0,,0,0,0,0,0,0
'8999999036607,'8999999036607,LUX SOFT ROSE,SBN,NULL,4300,10300,6000,39.53488,N,N,0,0,0,10,12,N,0,,0,0,0,0,0,0
'SBS,'SBS,PULPEN SNOWMAN V-5,PEN,NULL,2800,2800,6000,114.28571,N,N,0,0,0,34,108,N,0,,0,0,0,0,0,0
'GKBH,'GKBH,PEMOTONG KUKU SADANG,GNTG,NULL,5750,5750,12000,108.69565,N,N,0,0,0,0,7,N,0,,0,0,0,0,0,0
'GKIH,'GKIH,PEMOTONG KUKU BESAR,GNTG,NULL,7750,7750,20000,158.06452,N,N,0,0,0,0,7,N,0,,0,0,0,0,0,0
'8997016060512,'8997016060512,A SATU 16,RK,ROKOK,20650,20650,23000,11.38015,N,N,0,0,0,48,414,N,0,,2334.83,2334.83,-88.69333,-88.69333,0,0
'8997016060499,'8997016060499,A SATU KECIL,RK,ROKOK,11600,11600,15000,29.31034,N,N,0,0,0,20,173,N,0,,8900,0,-6.31579,0,0,0
'8999908442208,'8999908442208,POLARIS SODA WATER 330ML,BTL,MINUMAN,5000,5000,8000,60,N,N,0,0,0,60,267,N,0,,0,0,0,0,0,0
'8992756333513,'8992756333513,BEER CARLSBERG 33OML,BTL,MINUMAN,0,0,30000,0,N,N,0,0,0,0,97,N,0,,0,0,0,0,0,0
'8999999042646,'8999999042646,RINSO CAIR 40 ML,SBN,NULL,1150,1150,2000,73.91304,N,N,0,0,0,24,76,N,0,,1150,0,0,0,0,0
'8992756533685,'8992756533685,BEER CARLSBERG 620ML,BEER,BEER,0,0,43000,0,N,N,0,0,0,0,68,N,0,,0,0,0,0,0,0
'8886002100229,'8886002100229,BEER BALI HAI 330ML,BEER,BEER,16115,16115,25000,55.13497,N,N,0,0,0,24,88,N,0,,0,0,0,0,0,0
'8886002100021,'8886002100021,BEER BALI HAI 620ML,BEER,BEER,28625,28625,35000,22.27074,N,N,0,0,0,12,85,N,0,,0,0,0,0,0,0
'8997034250056,'8997034250056,BALI CIDER 330ML,BEER,BEER,27080,27080,31000,14.47563,N,N,0,0,0,120,104,N,0,,0,0,0,0,0,0
'8999999059309,'8999999059309,LIFEBOY TOTAL 10,SBN,NULL,2800,2800,5000,78.57143,N,N,0,0,0,12,33,N,0,,0,0,0,0,0,0
'8993560024185,'8993560024185,DETTOL COOL,SBN,NULL,2800,2800,5000,78.57143,N,N,0,0,0,12,27,N,0,,0,0,0,0,0,0
'8999999059316,'8999999059316,LIFEBOY MILD CARE,SBN,NULL,2800,2800,5000,78.57143,N,N,0,0,0,0,19,N,0,,0,0,0,0,0,0
'8993560024208,'8993560024208,DDETTOL SENSITIVE,SBN,NULL,2800,2800,5000,78.57143,N,N,0,0,0,0,4,N,0,,0,0,0,0,0,0
'8999999533731,'8999999533731,CITRA BENGKOANG,SBN,NULL,2800,2800,5000,78.57143,N,N,0,0,0,12,29,N,0,,0,0,0,0,0,0
'8999999059323,'8999999059323,LIFEBOY LEMON FRESH,SBN,NULL,2800,2800,5000,78.57143,N,N,0,0,0,0,30,N,0,,0,0,0,0,0,0
'8992959953020,'8992959953020,SWEETY PANTS M1',POP,NULL,3300,3300,5000,51.51515,N,N,0,0,0,0,11,N,0,,3300,0,0,0,0,0
'8993189270796,'8993189270796,MAMYPOKO X TRA KERING,POP,NULL,0,0,4000,0,N,N,0,0,0,0,14,N,0,,0,0,0,0,0,0
'8993189271748,'8993189271748,MAMYPOKO PANTS S1,POP,NULL,1500,1500,3000,100,N,N,0,0,0,0,0,N,0,,1500,0,0,0,0,0
'8993189272936,'8993189272936,MAMYPOKO PANTS MINI S 9 pcs,POP,NULL,15000,15000,20000,33.33333,N,N,0,0,0,0,1,N,0,,15000,0,0,0,0,0
'8993189271762,'8993189271762,MAMYPOKO PANTS S11,POP,NULL,15000,15000,20000,33.33333,N,N,0,0,0,0,4,N,0,,0,0,0,0,0,0
'8993189270826,'8993189270826,MAMYPOKO L8,POP,NULL,15500,15500,21000,35.48387,N,N,0,0,0,0,23,N,0,,0,0,0,0,0,0
'8993189270857,'8993189270857,MAMYPOKO PANTS XXL6,POP,NULL,15600,15600,22000,41.02564,N,N,0,0,0,0,8,N,0,,15600,0,0,0,0,0
'8993189270802,'8993189270802,MAMYPOKO PANTS M9,POP,NULL,15000,15000,20000,33.33333,N,N,0,0,0,0,6,N,0,,15000,0,0,0,0,0
'8993189272943,'8993189272943,MAMYPOKO STANDAR MINI S 22 pcs,POP,NULL,0,0,30000,0,N,N,0,0,0,0,1,N,0,,0,0,0,0,0,0
'8992727000383,'8992727000383,BIORE PURE MILD,SBN,NULL,8000,8000,15000,87.5,N,N,0,0,0,0,8,N,0,,8000,0,0,0,0,0
'8992727006514,'8992727006514,BIORE MILD SCRUB,SBN,NULL,8000,8000,15000,87.5,N,N,0,0,0,0,10,N,0,,8000,0,0,0,0,0
'8992727006279,'8992727006279,BIORE CHEERFUL CHOCOBERRY,SBN,NULL,8000,8000,15000,87.5,N,N,0,0,0,0,8,N,0,,0,0,0,0,0,0
'4902430792165,'4902430792165,PANTENE ANTI LEPEK 75ML,POP,NULL,12500,12500,18000,44,N,N,0,0,0,3,14,N,0,,0,0,0,0,0,0
'4902430399333,'4902430399333,PANTENE TOTAL DAMAGE CARE 70ML,SBN,NULL,16000,16000,18000,50,N,N,0,0,0,3,9,N,0,,12000,0,0,0,0,0
'4902430414944,'4902430414944,PANTENE LONG BLACK 75ML,SBN,NULL,12500,12500,18000,44,N,N,0,0,0,0,14,N,0,,0,0,0,0,0,0
'4902430399418,'4902430399418,PANTENE PERAWATAN RAMBUT 75ML,SBN,NULL,16000,16000,18000,50,N,N,0,0,0,11,19,N,0,,0,0,0,0,0,0
'4902430538572,'4902430538572,PANTENE MENUTRISI RAMBUT 70ML,SBN,NULL,12000,12000,18000,50,N,N,0,0,0,0,15,N,0,,0,0,0,0,0,0
'8992727000543,'8992727000543,BIORE ACTIVE ANTIBACTERIAL,SBN,NULL,8000,8000,15000,87.5,N,N,0,0,0,0,9,N,0,,0,0,0,0,0,0
'8992727003858,'8992727003858,BIORE LIVELY REFRESH,SBN,NULL,8000,8000,15000,87.5,N,N,0,0,0,0,10,N,0,,0,0,0,0,0,0
'8998866602563,'8998866602563,NUVO TEA TREE OIL,SBN,NULL,2800,2800,5000,78.57143,N,N,0,0,0,0,9,N,0,,0,0,0,0,0,0
'6901404010814,'6901404010814,BEE FLOWERBRAND,SBN,NULL,2800,2800,15000,435.71429,N,N,0,0,0,0,8,N,0,,0,0,0,0,0,0
'8999999533724,'8999999533724,CITRA KUKUR PEARLY,SBN,NULL,2800,2800,5000,78.57143,N,N,0,0,0,0,1,N,0,,0,0,0,0,0,0
'8999999710866,'8999999710866,PEPSODENT HERBAL 190G,SBN,NULL,15000,15000,20000,33.33333,N,N,0,0,0,0,10,N,0,,0,0,0,0,0,0
'8999999706180,'8999999706180,PEPSODENT WHITE 190G,SBN,NULL,11200,11200,15000,33.92857,N,N,0,0,0,0,12,N,0,,0,0,0,0,0,0
'089686596465,'089686596465,LAYS RUMPUT LAUT 78G,SNK,SNACK,0,0,13000,0,N,N,0,0,0,0,112,N,0,,0,0,0,0,0,0
'8996129801029,'8996129801029,CLEO GALON,BTL,MINUMAN,15000,15000,22000,46.66667,N,N,0,0,0,0,112,N,0,,0,0,0,0,0,0
'FLG,'FLG,FLUG MULTIMULPUS,KCK,KACANG,25500,25500,40000,0,N,N,0,0,0,12,44,N,0,,0,0,0,0,0,0
'8992696404441,'8992696404441,BEAR BRAND 189ML,BTL,MINUMAN,9233,9233,12000,29.96859,N,N,0,0,0,122,735,N,0,,0,0,0,0,0,0
'gas,'gas,GAS BSAR,NULL,NULL,195000,195000,230000,17.94872,N,N,0,0,0,5,132,N,0,,0,0,0,0,0,0
'GAS K,'GAS K,GAS KECIL,NULL,NULL,22000,22000,28000,27.27273,N,N,0,0,0,161,1445,N,0,,0,0,0,0,0,0
'8888021200171,'8888021200171,BATERAI,NULL,NULL,36700,36700,55000,49.86376,N,N,0,0,0,0,13,N,0,,0,0,0,0,0,0
'8999777000011,'8999777000011,NIVEA BODY LOTION,NULL,NULL,22600,22600,75000,231.85841,N,N,0,0,0,0,5,N,0,,0,0,0,0,0,0
'079656651485,'079656651485,SPORT 110SPF,NULL,NULL,222000,222000,270000,21.62162,N,N,0,0,0,0,9,N,0,,0,0,0,0,0,0
'079656000078,'079656000078,ALOE VERA GEL 230,NULL,NULL,133000,133000,160000,20.30075,N,N,0,0,0,0,-1,N,0,,0,0,0,0,0,0
'079656649598,'079656649598,ALOE VERA GEL 90,NULL,NULL,72000,72000,95000,31.94444,N,N,0,0,0,0,-1,N,0,,0,0,0,0,0,0
'8999777857837,'8999777857837,NIVEA SPF 30_100,NULL,NULL,92700,92700,130000,40.23732,N,N,0,0,0,2,25,N,0,,0,0,0,0,0,0
'4005808856671,'4005808856671,NIVEA SUN KIDS 50+,NULL,NULL,192600,192600,252000,30.84112,N,N,0,0,0,2,4,N,0,,0,0,0,0,0,0
'4005808260706,'4005808260706,NIVEA SUN PROTECT 50 _200ML,NULL,NULL,175000,175000,230000,31.42857,N,N,0,0,0,0,21,N,0,,0,0,0,0,0,0
'8999999050009,'8999999050009,SUNLIGHT,NULL,NULL,0,0,2000,0,N,N,0,0,0,0,38,N,0,,0,0,0,0,0,0
'4005808255559,'4005808255559,NIVEA SUN PROTEC SPF 50_200ML,NULL,NULL,149100,149100,200000,34.13816,N,N,0,0,0,0,8,N,0,,0,0,0,0,0,0
'4005808856695,'4005808856695,NIVEA SUN,NULL,NULL,192500,192500,250000,29.87013,N,N,0,0,0,0,15,N,0,,0,0,0,0,0,0
'073010414099,'073010414099,TAMPAX,NULL,NULL,0,0,80000,0,N,N,0,0,0,0,2,N,0,,0,0,0,0,0,0
'8998899994659,'8998899994659,AUTAN 100ML,NULL,NULL,10800,10800,18000,66.66667,N,N,0,0,0,0,28,N,0,,0,0,0,0,0,0
'8999777013202,'8999777013202,after sun,NULL,NULL,118000,118000,155000,31.35593,N,N,0,0,0,0,15,N,0,,0,0,0,0,0,0
'8999777013691,'8999777013691,sun kids,NULL,NULL,118800,118800,155000,30.47138,N,N,0,0,0,0,8,N,0,,0,0,0,0,0,0
'4005808269990,'4005808269990,after sun,NULL,NULL,150000,150000,195000,30,N,N,0,0,0,0,7,N,0,,0,0,0,0,0,0
'4005808009497,'4005808009497,nivea sun,NULL,NULL,144400,144400,200000,38.50416,N,N,0,0,0,0,10,N,0,,0,0,0,0,0,0
'8999777855987,'8999777855987,nivea kids,NULL,NULL,0,0,120000,0,N,N,0,0,0,0,3,N,0,,0,0,0,0,0,0
'4005808430208,'4005808430208,nivea sun,NULL,NULL,183000,183000,245000,33.87978,N,N,0,0,0,0,12,N,0,,0,0,0,0,0,0
'8999777857844,'8999777857844,nivea sun,NULL,NULL,0,0,150000,0,N,N,0,0,0,0,19,N,0,,0,0,0,0,0,0
'4005808713226,'4005808713226,nivea body serum,NULL,NULL,0,0,50000,0,N,N,0,0,0,0,5,N,0,,0,0,0,0,0,0
'50070657,'50070657,FISHERMANS FRIEND CITRUS 25G,NULL,NULL,0,0,20000,0,N,N,0,0,0,0,-2,N,0,,0,0,0,0,0,0
'50357154,'50357154,fishermans friend mint,NULL,NULL,0,0,20000,0,N,N,0,0,0,0,23,N,0,,0,0,0,0,0,0
'50604159,'50604159,FISHERMANS FRIEND LEMON 25G,NULL,NULL,11690,7014,15000,28.3148,N,N,0,0,0,6,1,N,0,,0,0,0,0,0,0
'8886013223207,'8886013223207,FRENCH FRIES 62G,NULL,NULL,7200,7200,9000,25,N,N,0,0,0,33,24,N,0,,4964.73,4964.73,-31.04543,-31.04543,0,0
'96068809,'96068809,FISHERMANS FRIEND B.CURRANT25G,NULL,NULL,11690,4676,15000,28.3148,N,N,0,0,0,6,-4,N,0,,0,0,0,0,0,0
'4005808854165,'4005808854165,nivea sun,NULL,NULL,0,0,150000,0,N,N,0,0,0,0,0,N,0,,0,0,0,0,0,0
'8999777004194,'8999777004194,nivea dry comfort,NULL,NULL,0,0,25000,0,N,N,0,0,0,0,8,N,0,,0,0,0,0,0,0
'8999777006259,'8999777006259,nivea invisible,NULL,NULL,0,0,20000,0,N,N,0,0,0,0,5,N,0,,0,0,0,0,0,0
'8999777007430,'8999777007430,nivea whitening hapy shave,NULL,NULL,0,0,55000,0,N,N,0,0,0,0,2,N,0,,0,0,0,0,0,0
'8996006320117,'8996006320117,TEH BOTOL ORIGINAL 200ML,BTL,MINUMAN,2400,2400,4000,66.66667,N,N,0,0,0,44,154,N,0,,0,0,0,0,0,0
'8999777004354,'8999777004354,nivea black n white,NULL,NULL,0,0,25000,0,N,N,0,0,0,0,5,N,0,,0,0,0,0,0,0
'8999777004552,'8999777004552,NIVEA BLACK & WHITE MAN,NULL,NULL,16700,16700,25000,49.7006,N,N,0,0,0,0,12,N,0,,0,0,0,0,0,0
'8997050801416,'8997050801416,tiger balm,NULL,NULL,0,0,27000,0,N,N,0,0,0,0,17,N,0,,0,0,0,0,0,0
'8992779311109,'8992779311109,AUTAN OFF,NULL,NULL,500,500,35000,41.12903,N,N,0,0,0,0,30,N,0,,0,0,0,0,0,0
'8997050801430,'8997050801430,tiger balm white,NULL,NULL,0,0,27000,0,N,N,0,0,0,0,10,N,0,,0,0,0,0,0,0
'8993058300500,'8993058300500,komix jahe,NULL,NULL,1400,1400,2500,78.57143,N,N,0,0,0,60,158,N,0,,0,0,0,0,0,0
'8993058300807,'8993058300807,komik jeruk,NULL,NULL,1500,1500,2500,66.66667,N,N,0,0,0,210,350,N,0,,0,0,0,0,0,0
'1412345371858,'100,ROTI,NULL,NULL,1000,2.76,2000,0,N,N,0,0,0,10025,1048,N,0,,0,0,0,0,0,0
'812345371312,'8123453713120,lintang cream ball,NULL,NULL,0,0,10000,0,N,N,0,0,0,0,124,N,0,,0,0,0,0,0,0
'8998899004105,'8998899004105,autan sahset,NULL,NULL,500,500,2000,0,N,N,0,0,0,48,103,N,0,,0,0,0,0,0,0
'8992772311014,'8992772311014,soffel,NULL,NULL,500,500,2000,0,N,N,0,0,0,24,261,N,0,,0,0,0,0,0,0
'305212311006,'305212311006,VASELINE ORIGINAL,NULL,NULL,40000,40000,60000,50,N,N,0,0,0,0,7,N,0,,0,0,0,0,0,0
'95506302,'95506302,STREPSILS MENTHOL COOL 21G,NULL,NULL,16666,16666,20000,20.0048,N,N,0,0,0,0,23,N,0,,0,0,0,0,0,0
'95506296,'95506296,strepsils original,OBT,OBAT NYAMUK,0,0,15000,0,N,N,0,0,0,0,13,N,0,,0,0,0,0,0,0
'95506319,'95506319,STREPSILS HONEY LEMON 21G,NULL,NULL,16666,16666,20000,20.0048,N,N,0,0,0,24,25,N,0,,0,0,0,0,0,0
'8991038110514,'8991038110514,kapas,NULL,NULL,4000,4000,15000,0,N,N,0,0,0,10,13,N,0,,0,0,0,0,0,0
'8992832601185,'8992832601185,casablanca romantic,NULL,NULL,0,0,20000,0,N,N,0,0,0,0,2,N,0,,0,0,0,0,0,0
'8992832601192,'8992832601192,casablanca classic,NULL,NULL,0,0,20000,0,N,N,0,0,0,0,3,N,0,,0,0,0,0,0,0
'8992832602137,'8992832602137,casablanca ambitious,NULL,NULL,0,0,20000,0,N,N,0,0,0,0,2,N,0,,0,0,0,0,0,0
'8992832601208,'8992832601208,casablanca energetik,NULL,NULL,0,0,20000,0,N,N,0,0,0,0,1,N,0,,0,0,0,0,0,0
'8992832604094,'8992832604094,casablanca elegance,NULL,NULL,0,0,20000,0,N,N,0,0,0,0,2,N,0,,0,0,0,0,0,0
'8992832602731,'8992832602731,casablanca sporty,NULL,NULL,0,0,20000,0,N,N,0,0,0,0,0,N,0,,0,0,0,0,0,0
'8992832601222,'8992832601222,casablanca fantasy,NULL,NULL,0,0,20000,0,N,N,0,0,0,0,1,N,0,,0,0,0,0,0,0
'8999999390198,'8999999390198,SUNLIGHT JERUK NIPIS 755ML,NULL,NULL,13000,13000,16000,23.07692,N,N,0,0,0,0,59,N,0,,0,0,0,0,0,0
'8997204340167,'8997204340167,MATOH SEA SALT,SNK,SNACK,13500,13500,18000,33.33333,N,N,0,0,100,12,90,N,0,,0,0,0,0,0,0
'8990800100050,'8990800100050,mentos buah,NULL,NULL,0,0,4000,0,N,N,0,0,0,0,96,N,0,,0,0,0,0,0,0
'8992003785812,'8992003785812,tejahe,NULL,NULL,0,0,3000,0,N,N,0,0,0,0,4,N,0,,0,0,0,0,0,0
'8993417212215,'8993417212215,eskulin cologne gel monday,NULL,NULL,0,0,18000,0,N,N,0,0,0,0,0,N,0,,0,0,0,0,0,0
'8993417212277,'8993417212277,eskulin cologne gel sunday,NULL,NULL,0,0,18000,0,N,N,0,0,0,0,0,N,0,,0,0,0,0,0,0
'8993417112270,'8993417112270,eskulin spesial day,C,CEMILAN,0,0,18000,0,N,N,0,0,0,0,0,N,0,,0,0,0,0,0,0
'8992770033130,'8992770033130,masako,NULL,NULL,0,0,1500,0,N,N,0,0,0,0,93,N,0,,0,0,0,0,0,0
'8997019212024,'8997019212024,garam,NULL,NULL,1200,1200,3000,150,N,N,0,0,0,13,53,N,0,,0,0,0,0,0,0
'8999777004859,'8999777004859,nivea dry comfort,NULL,NULL,39000,39000,55000,41.02564,N,N,0,0,0,0,8,N,0,,0,0,0,0,0,0
'8999777009243,'8999777009243,nivea creme soft,NULL,NULL,7000,7000,10000,42.85714,N,N,0,0,0,0,4,N,0,,0,0,0,0,0,0
'8999777888367,'8999777888367,nivea men extra white,NULL,NULL,25600,25600,36000,40.625,N,N,0,0,0,0,4,N,0,,0,0,0,0,0,0
'8999777813499,'8999777813499,nivea men acne control,NULL,NULL,0,0,38000,0,N,N,0,0,0,0,2,N,0,,0,0,0,0,0,0
'8999777000189,'8999777000189,nivea men whitening oil contro,NULL,NULL,24310,24310,38000,56.31427,N,N,0,0,0,0,5,N,0,,0,0,0,0,0,0
'8999777888381,'8999777888381,nivea men acne oil clear,NULL,NULL,0,0,39000,0,N,N,0,0,0,0,4,N,0,,0,0,0,0,0,0
'9556149001053,'9556149001053,gillette foamy lemon,NULL,NULL,22000,22000,35000,59.09091,N,N,0,0,0,6,14,N,0,,0,0,0,0,0,0
'047400245105,'047400245105,gillette foamy lime 175g,NULL,NULL,36000,36000,55000,52.77778,N,N,0,0,0,0,7,N,0,,0,0,0,0,0,0
'047400247307,'047400247307,GILLETTE POAMY 175,NULL,NULL,36000,36000,60000,66.66667,N,N,0,0,0,0,5,N,0,,0,0,0,0,0,0
'8999777000004,'8999777000004,nivea body lotion,NULL,NULL,0,0,28000,0,N,N,0,0,0,0,5,N,0,,0,0,0,0,0,0
'8999777005351,'8999777005351,nivea sun lotion,NULL,NULL,23600,23600,55000,133.05085,N,N,0,0,0,0,4,N,0,,0,0,0,0,0,0
'8992222050241,'8992222050241,gatsby,NULL,NULL,0,0,25000,0,N,N,0,0,0,0,1,N,0,,0,0,0,0,0,0
'079656400137,'079656400137,DEEP TANNING OIL 2 SPF,NULL,NULL,107000,107000,130000,21.49533,N,N,0,0,8,0,7,N,0,,0,0,0,0,0,0
'8997014050317,'8997014050317,milton strawberry,NULL,NULL,0,0,12000,0,N,N,0,0,0,0,0,N,0,,0,0,0,0,0,0
'8997014050287,'8997014050287,milton nanas,NULL,NULL,0,0,12000,0,N,N,0,0,0,0,0,N,0,,0,0,0,0,0,0
'8997014050256,'8997014050256,milton apel,NULL,NULL,0,0,12000,0,N,N,0,0,0,0,1,N,0,,0,0,0,0,0,0
'8940421052412,'8940421052412,dupa,NULL,NULL,6833,6833,9000,31.71374,N,N,0,0,0,40,189,N,0,,0,0,0,0,0,0
'8991102800020,'8991102800020,kiranti,NULL,NULL,0,0,8000,0,N,N,0,0,0,0,5,N,0,,0,0,0,0,0,0
'8992946522000,'8992946522000,minyak hemart,NULL,NULL,0,0,10000,0,N,N,0,0,0,0,19,N,0,,0,0,0,0,0,0
'8992946530357,'8992946530357,MINYAK HEMAT 1L,MYK,NULL,0,0,18000,0,N,N,0,0,0,0,13,N,0,,0,0,0,0,0,0
'8992628024143,'8992628024143,bimoli 620 ml,NULL,NULL,0,0,10000,0,N,N,0,0,0,6,21,N,0,,0,0,0,0,0,0
'8992628022156,'8992628022156,bimoli 1ltr,NULL,NULL,0,0,18000,0,N,N,0,0,0,0,9,N,0,,0,0,0,0,0,0
'8992628020152,'8992628020152,bimoli 2ltr,NULL,NULL,23000,23000,30000,30.43478,N,N,0,0,0,0,2,N,0,,0,0,0,0,0,0
'8993189270680,'8993189270680,charm safe night,NULL,NULL,0,0,5000,0,N,N,0,0,0,0,6,N,0,,0,0,0,0,0,0
'8992796011204,'8992796011204,viva milk cleancer cucumber,NULL,NULL,0,0,12000,0,N,N,0,0,0,0,4,N,0,,0,0,0,0,0,0
'8992796011303,'8992796011303,viva face tonik,NULL,NULL,0,0,12000,0,N,N,0,0,0,0,6,N,0,,0,0,0,0,0,0
'8992796011136,'8992796011136,viva milk cleancer bengkoang,NULL,NULL,0,0,12000,0,N,N,0,0,0,0,6,N,0,,0,0,0,0,0,0
'8992796011402,'8992796011402,viva astringent cucumber,NULL,NULL,0,0,12000,0,N,N,0,0,0,0,3,N,0,,0,0,0,0,0,0
'8999777890551,'8999777890551,nivea soft creme,NULL,NULL,18700,18700,35000,87.16578,N,N,0,0,0,0,6,N,0,,0,0,0,0,0,0
'8999777026172,'8999777026172,hansaplast jumbo,NULL,NULL,0,0,3000,0,N,N,0,0,0,0,24,N,0,,0,0,0,0,0,0
'8999777008895,'8999777008895,hansaplast,NULL,NULL,0,0,15000,0,N,N,0,0,0,0,11,N,0,,0,0,0,0,0,0
'8999777928490,'8999777928490,hansaplast,NULL,NULL,0,0,15000,0,N,N,0,0,0,0,9,N,0,,0,0,0,0,0,0
'089686400427,'089686400427,sambal pedas,NULL,NULL,6500,6500,8000,33.33333,N,N,0,0,0,7,16,N,0,,0,0,0,0,0,0
'711844120037,'711844120037,sambal abc,NULL,NULL,0,0,8000,0,N,N,0,0,0,0,10,N,0,,0,0,0,0,0,0
'8998866608008,'8998866608008,KECAP SEDAP MANIS,NULL,NULL,8700,8350,10000,14.94253,N,N,0,0,0,66,58,N,0,,0,0,0,0,0,0
'saos,'saos,KECAP ASIN RAJA RASA,NULL,NULL,0,0,12000,0,N,N,0,0,0,0,1,N,0,,0,0,0,0,0,0
'8992702000063,'8992702000063,INDOMILK COKLAT KALENG 370G,NULL,NULL,9000,9000,12000,33.33333,N,N,0,0,0,2,-4,N,0,,0,0,0,0,0,0
'8992702000018,'8992702000018,INDOMILK KENTAL MANIS KLG,NULL,NULL,10000,10000,13000,30,N,N,0,0,0,2,14,N,0,,0,0,0,0,0,0
'pm,'pm,pemotong kuku besar,NULL,NULL,0,0,20000,0,N,N,0,0,0,0,5,N,0,,0,0,0,0,0,0
'pk,'pk,pemotong kuku kecil,NULL,NULL,0,0,10000,0,N,N,0,0,0,0,8,N,0,,0,0,0,0,0,0
'ta,'455,TELUR AYAM,NULL,NULL,1766,1766,2500,41.56285,N,N,0,0,0,1311,2266,N,0,,0,0,0,0,0,0
'4987176600554,'4987176600554,vicks vaporub 10ml,NULL,NULL,0,0,15000,0,N,N,0,0,0,0,3,N,0,,0,0,0,0,0,0
'py py,'py,PAYUNG PELANGI BESAR,NULL,NULL,45000,45000,65000,44.44444,N,N,0,0,0,0,9,N,0,,0,0,0,0,0,0
'py,'pk,0,NULL,NULL,0,0,0,0,N,N,0,0,0,0,0,N,0,NULL,0,0,0,0,0,0
'P SATEN,'P SATEN,PAYUNG SATEN ORI,NULL,NULL,35000,35000,50000,42.85714,N,N,0,0,0,0,2,N,0,,0,0,0,0,0,0
'es,'es,ES CUBE,ES,ESKRIM,7000,7000,12000,71.42857,N,N,0,0,0,29,73,N,0,,0,0,0,0,0,0
'063548,'05643,LILIN KECIL ECERAN,NULL,NULL,2000,2000,4000,100,N,N,0,0,0,0,0,N,0,,0,0,0,0,0,0
'KK,'KK,KOREK KAYU,KRK,KOREK,0,0,1000,0,N,N,0,0,0,0,7,N,0,,0,0,0,0,0,0
'8992772585026,'8992772585026,ADEM SARI CHINGKU BTL 350ML,BTL,MINUMAN,6000,6000,8000,33.33333,N,N,0,0,0,135,275,N,0,,0,0,0,0,0,0
'84190376,'84190376,SMOKING PAPER,RK,ROKOK,0,0,30000,0,N,N,0,0,0,0,18,N,0,,0,0,0,0,0,0
'4970129745013,'4970129745013,pulpen,NULL,NULL,0,0,5000,0,N,N,0,0,0,0,61,N,0,,0,0,0,0,0,0
'8998866607353,'8998866607353,DAIA BESAR,NULL,NULL,20800,20800,25000,20.19231,N,N,0,0,0,0,7,N,0,,0,0,0,0,0,0
'8996001355046,'8996001355046,SUPER STAR TRIPLE COKLAT,NULL,NULL,917,917,1500,63.57688,N,N,0,0,0,72,295,N,0,,0,0,0,0,0,0
'8991002121010,'8991002121010,GOOD DAY FUNTASTIC MOCA 250ML,NULL,NULL,5042,5042,8000,58.6672,N,N,0,0,0,76,485,N,0,,0,0,0,0,0,0
'8991111153100,'8991111153100,listerin,NULL,NULL,0,0,17000,0,N,N,0,0,0,0,1,N,0,,0,0,0,0,0,0
'079656651508,'079656651508,SPORT SPF 110,NULL,NULL,168300,168300,220000,30.71895,N,N,0,0,0,0,12,N,0,,0,0,0,0,0,0
'079656400106,'079656400106,DEEP TANNING OIL 236 ML,NULL,NULL,99000,99000,125000,26.26263,N,N,0,0,9,0,7,N,0,,0,0,0,0,0,0
'079656004021,'079656004021,PROTECTIVE TANNING OIL 15 SPF,NULL,NULL,238000,238000,270000,13.44538,N,N,0,0,9,3,12,N,0,,0,0,0,0,0,0
'4970129000013,'4970129000013,spidol,NULL,NULL,0,0,10000,0,N,N,0,0,0,0,1,N,0,,0,0,0,0,0,0
'8996001308059,'8996001308059,ROMA SARI GANDUM SUSU&COKLAT,C,CEMILAN,1708,1708,3000,75.64403,N,N,0,0,0,12,13,N,0,,0,0,0,0,0,0
'8996006142511,'8996006142511,teh botol 25ml,NULL,NULL,3667,3667,5000,36.35124,N,N,0,0,0,72,153,N,0,,0,0,0,0,0,0
'8993176110074,'8993176110074,MINYAK KAYU PUTIH 60ML,NULL,NULL,20000,20000,25000,25,N,N,0,0,0,12,28,N,0,,0,0,0,0,0,0
'4902430507516,'4902430507516,head n shoulder,NULL,NULL,0,0,15000,0,N,N,0,0,0,0,4,N,0,,0,0,0,0,0,0
'4902430418300,'4902430418300,PANTENE HITAM & PANJANG 135ML,SMP,NULL,21200,21200,30000,41.50943,N,N,0,0,0,0,9,N,0,,0,0,0,0,0,0
'8992727004558,'8992727004558,laurier relax nigh,NULL,NULL,0,0,4000,0,N,N,0,0,0,0,19,N,0,,0,0,0,0,0,0
'4902430869133,'4902430869133,HEAD & SHOULDERS ANTI KETOMBE,SMP,NULL,21000,21000,30000,42.85714,N,N,0,0,0,0,6,N,0,,0,0,0,0,0,0
'8999999033170,'8999999033170,LIFEBUOY STRONG&SHINY 170ML,SMP,NULL,13000,13000,28000,115.38462,N,N,0,0,0,0,3,N,0,,0,0,0,0,0,0
'8999999033217,'8999999033217,LIFEBUOY ANTI DANDRUFF 170ML,SMP,NULL,21000,21000,30000,42.85714,N,N,0,0,0,0,3,N,0,,0,0,0,0,0,0
'4902430400947,'4902430400947,PANTENE ANTI KETOMBE 135ML,SMP,NULL,21000,21000,30000,42.85714,N,N,0,0,0,0,9,N,0,,0,0,0,0,0,0
'4902430792196,'4902430792196,PANTENE ANTI LEPEK 135ML,SMP,NULL,22100,22100,30000,35.74661,N,N,0,0,0,3,6,N,0,,0,0,0,0,0,0
'8998866105736,'8998866105736,ZINC HAIR FALL TREATMENT 170ML,SMP,NULL,21000,21000,28000,33.33333,N,N,0,0,0,0,0,N,0,,0,0,0,0,0,0
'8998866105743,'8998866105743,zinc cool,NULL,NULL,0,0,28000,0,N,N,0,0,0,0,1,N,0,,0,0,0,0,0,0
'8998866105767,'8998866105767,ZINC SOFTCARE170ML,SMP,NULL,22100,22100,28000,26.69683,N,N,0,0,0,0,2,N,0,,0,0,0,0,0,0
'8999999029685,'8999999029685,clear soft care,NULL,NULL,0,0,30000,0,N,N,0,0,0,0,3,N,0,,0,0,0,0,0,0
'8999999029821,'8999999029821,CLEAR STRONG & SOFT 170ML,SMP,NULL,22100,22100,30000,35.74661,N,N,0,0,0,0,0,N,0,,0,0,0,0,0,0
'8999999048181,'8999999048181,sunsilk black shine,NULL,NULL,0,0,30000,0,N,N,0,0,0,0,3,N,0,,0,0,0,0,0,0
'8992745120858,'8992745120858,hit 225ml,BEER,BEER,0,0,20000,0,N,N,0,0,0,0,2,N,0,,0,0,0,0,0,0
'8992745475019,'8992745475019,MITUBABY CHANGING DIAPER 50,POP,NULL,0,0,20000,0,N,N,0,0,0,2,9,N,0,,0,0,0,0,0,0
'8992745560173,'8992745560173,MITUBABY CHANGING PINK 50,POP,NULL,0,0,20000,0,N,N,0,0,0,2,6,N,0,,0,0,0,0,0,0
'8992745560166,'8992745560166,MITUBABY CHANGING BLUE 50,POP,NULL,0,0,20000,0,N,N,0,0,0,2,11,N,0,,0,0,0,0,0,0
'8992750540900,'8992750540900,MITUBABY CHANGING 10,POP,NULL,0,0,7000,0,N,N,0,0,0,0,11,N,0,,0,0,0,0,0,0
'8992745326755,'8992745326755,MITUBABY ANTISEPTIC,POP,NULL,0,0,4000,0,N,N,0,0,0,0,4,N,0,,0,0,0,0,0,0
'8992745540298,'8992745540298,MITUBABY FRESH&CLEAN 4,POP,NULL,0,0,4000,0,N,N,0,0,0,0,6,N,0,,0,0,0,0,0,0
'8992745550242,'8992745550242,MITUBABY FRESH BLUE 4,POP,NULL,0,0,4000,0,N,N,0,0,0,0,6,N,0,,0,0,0,0,0,0
'SOS,'SOS,SOSIS SONICE,C,CEMILAN,800,800,1500,87.5,N,N,0,0,0,286,644,N,0,,0,0,0,0,0,0
'8993058105013,'8993058105013,EXTRA JOSS KOTAK,BTL,MINUMAN,13000,13000,18000,38.46154,N,N,0,0,0,85,246,N,0,,0,0,0,0,0,0
'4902430400664,'4902430400664,CONDITIONER PANTENE 75ML,NULL,NULL,16000,16000,18000,80,N,N,0,0,0,8,17,N,0,,0,0,0,0,0,0
'4902430553636,'4902430553636,HEAD & SHOULDER LEMON 160ML,NULL,NULL,23000,23000,30000,30.43478,N,N,0,0,0,0,6,N,0,,0,0,0,0,0,0
'4902430792219,'4902430792219,PANTENE ANTI LEPEK 70ML,NULL,NULL,12500,12500,18000,44,N,N,0,0,0,0,8,N,0,,0,0,0,0,0,0
'4902430419017,'4902430419017,PANTENE LONG BLACK 70ML,NULL,NULL,16000,16000,18000,44,N,N,0,0,0,6,10,N,0,,0,0,0,0,0,0
'8999999529673,'8999999529673,CLEAR ICE COOL MENTHOL 80ML,NULL,NULL,15000,15000,18000,44,N,N,0,0,0,3,9,N,0,,0,0,0,0,0,0
'8998866606813,'8998866606813,ZINC SOFT CARE,NULL,NULL,10000,10000,15000,50,N,N,0,0,0,0,4,N,0,,0,0,0,0,0,0
'8999999529918,'8999999529918,CLEAR SUPERFRESH APPLE 80ML,NULL,NULL,13000,13000,18000,44,N,N,0,0,0,3,7,N,0,,0,0,0,0,0,0
'8999999529550,'8999999529550,CLEAR COMPLETE SOFT CARE 80ML,NULL,NULL,13000,13000,18000,44,N,N,0,0,0,3,10,N,0,,0,0,0,0,0,0
'4902430401159,'4902430401159,PANTEN NATUR,NULL,NULL,12500,12500,18000,44,N,N,0,0,0,2,13,N,0,,0,0,0,0,0,0
'8998866104920,'8998866104920,ZINC BLACK SHINE 70ML,NULL,NULL,10000,10000,15000,50,N,N,0,0,0,0,1,N,0,,0,0,0,0,0,0
'8992946519369,'8992946519369,SHINZUI,NULL,NULL,0,0,35000,0,N,N,0,0,0,0,2,N,0,,0,0,0,0,0,0
'8999908061102,'8999908061102,MARINA NATURAL SMOOTH&GLOW,NULL,NULL,0,0,12000,0,N,N,0,0,0,0,9,N,0,,0,0,0,0,0,0
'8999908060907,'8999908060907,MARINA PROTECS & CARES,NULL,NULL,0,0,15000,0,N,N,0,0,0,0,6,N,0,,0,0,0,0,0,0
'8999908214805,'8999908214805,MARINA RICH MOISTURIZING,NULL,NULL,0,0,15000,0,N,N,0,0,0,0,8,N,0,,0,0,0,0,0,0
'8999908045607,'8999908045607,MARINA NUTRI FRESH MINI,NULL,NULL,0,0,8000,0,N,N,0,0,0,0,4,N,0,,0,0,0,0,0,0
'899908060600,'8999908060600,MARINA MINI,NULL,NULL,0,0,8000,0,N,N,0,0,0,0,1,N,0,,0,0,0,0,0,0
'8999999528942,'8999999528942,CITRA PEARLYWHITE UV,NULL,NULL,0,0,18000,0,N,N,0,0,0,0,5,N,0,,0,0,0,0,0,0
'8999999003760,'8999999003760,CITRA 250ML,NULL,NULL,0,0,25000,0,N,N,0,0,0,0,0,N,0,,0,0,0,0,0,0
'8999999003722,'8999999003722,CITRA 120ML,NULL,NULL,0,0,15000,0,N,N,0,0,0,0,2,N,0,,0,0,0,0,0,0
'8999999003708,'8999999003708,CITRA BENGKUANG,NULL,NULL,0,0,15000,0,N,N,0,0,0,0,7,N,0,,0,0,0,0,0,0
'8999999719418,'8999999719418,VASELINE,NULL,NULL,0,0,32000,0,N,N,0,0,0,0,2,N,0,,0,0,0,0,0,0
'8998866105637,'8998866105637,EMERON LOVELY WHITE,NULL,NULL,0,0,15000,0,N,N,0,0,0,0,3,N,0,,0,0,0,0,0,0
'8998866105491,'8998866105491,EMERON 120ML,NULL,NULL,0,0,12000,0,N,N,0,0,0,0,4,N,0,,0,0,0,0,0,0
'8998866106306,'8998866106306,EMERON LOVELY WHITE 120ML,NULL,NULL,0,0,12000,0,N,N,0,0,0,0,2,N,0,,0,0,0,0,0,0
'8998866106504,'8998866106504,EMERON LOVELY 120ML,NULL,NULL,0,0,12000,0,N,N,0,0,0,0,4,N,0,,0,0,0,0,0,0
'8992796022101,'8992796022101,HAND & BODY,NULL,NULL,0,0,12000,0,N,N,0,0,0,0,2,N,0,,0,0,0,0,0,0
'4902430102254,'4902430102254,HEAD & SHOULDERS BRSH&HRUM 160,SMP,NULL,23000,23000,30000,30.43478,N,N,0,0,0,3,9,N,0,,0,0,0,0,0,0
'4902430450386,'4902430450386,REJOICE,NULL,NULL,0,0,40000,0,N,N,0,0,0,0,0,N,0,,0,0,0,0,0,0
'8999999029234,'8999999029234,SUNSILK,NULL,NULL,0,0,30000,0,N,N,0,0,0,0,1,N,0,,0,0,0,0,0,0
'4902430219983,'4902430219983,HERBAL ESSENCES,NULL,NULL,0,0,30000,0,N,N,0,0,0,0,1,N,0,,0,0,0,0,0,0
'4902430553629,'4902430553629,HEAD & SHOULDERS LEMON 70ML,SMP,NULL,12200,12200,18000,47.54098,N,N,0,0,0,0,13,N,0,,0,0,0,0,0,0
'4902430432245,'4902430432245,REJOICE,NULL,NULL,0,0,15000,0,N,N,0,0,0,0,7,N,0,,0,0,0,0,0,0
'4902430102247,'4902430102247,HEAD & SOLDER,NULL,NULL,22900,22900,30000,31.00437,N,N,0,0,0,3,10,N,0,,0,0,0,0,0,0
'4902430400886,'4902430400886,PANTENE HAIR FALL CONTROL135ML,SMP,NULL,21000,21000,30000,42.85714,N,N,0,0,0,0,7,N,0,,0,0,0,0,0,0
'4902430400978,'4902430400978,PANTENE HAIR FALL CONTROL135ML,NULL,NULL,22100,22100,30000,35.74661,N,N,0,0,0,6,10,N,0,,0,0,0,0,0,0
'4902430400602,'4902430400602,PANTENE TOTAL DAMAGE CARE160ML,SMP,NULL,22100,22100,30000,35.74661,N,N,0,0,0,0,13,N,0,,0,0,0,0,0,0
'8999999048174,'8999999048174,SUNSILK BLACK SHINE 70ML,NULL,NULL,12200,12200,18000,-14.28571,N,N,0,0,0,0,14,N,0,,0,0,0,0,0,0
'4902430430883,'4902430430883,HEAD & SHOUDERS SUTERA 70ML,SMP,NULL,12500,12500,18000,44,N,N,0,0,0,0,7,N,0,,0,0,0,0,0,0
'4902430414289,'4902430414289,HEAD & SHOULDERS BRSH&HRUM70ML,SMP,NULL,12200,12200,18000,47.54098,N,N,0,0,0,0,6,N,0,,0,0,0,0,0,0
'TESA,'TESA,TISUE TESSA,NULL,NULL,3000,3000,5000,66.66667,N,N,0,0,0,0,28,N,0,,0,0,0,0,0,0
'PASEO,'PASEO,TISSU PASEO,NULL,NULL,3000,3000,6000,100,N,N,0,0,0,0,15,N,0,,0,0,0,0,0,0
'JOLLY,'JOLLY,TISSUE JOLLY 90G,NULL,NULL,4000,4000,8000,100,N,N,0,0,0,0,11,N,0,,0,0,0,0,0,0
'8992759134117,'8992759134117,TISSUE NICE 60 SHEETS,NULL,NULL,4000,4000,8000,100,N,N,0,0,0,0,32,N,0,,0,0,0,0,0,0
'8992931027015,'8992931027015,TISSUE MULTI 100 SHEET,NULL,NULL,0,0,12000,0,N,N,0,0,0,0,12,N,0,,0,0,0,0,0,0
'8993053311013,'8993053311013,PASEO SOFT AND NATURAL,NULL,NULL,6000,6000,10000,0,N,N,0,0,0,5,11,N,0,,0,0,0,0,0,0
'8992759244021,'8992759244021,TISSUE NICE 200 SHEET,TS,NULL,4500,4500,8000,77.77778,N,N,0,0,0,0,11,N,0,,0,0,0,0,0,0
'TISU P,'TISU P,TISSUE PASEO SMART 250 SHEET,NULL,NULL,0,0,20000,0,N,N,0,0,0,0,35,N,0,,0,0,0,0,0,0
'8992759313529,'8992759313529,TISSUE NICE 250SHEETS,NULL,NULL,0,0,20000,0,N,N,0,0,0,0,12,N,0,,0,0,0,0,0,0
'8993053111408,'8993053111408,PASEO ELEGANT,NULL,NULL,0,0,25000,0,N,N,0,0,0,0,3,N,0,,0,0,0,0,0,0
'8993053111873,'8993053111873,TISSUE PASEO 100 SHEETS,NULL,NULL,19000,19000,20000,66.66667,N,N,0,0,0,6,12,N,0,,0,0,0,0,0,0
'4801010561309,'4801010561309,GOHNSONS BABY BLOSSOMS,NULL,NULL,3000,3000,6000,100,N,N,0,0,0,0,7,N,0,,0,0,0,0,0,0
'7640129890040,'7640129890040,ASEPSO,NULL,NULL,0,0,12000,0,N,N,0,0,0,0,12,N,0,,0,0,0,0,0,0
'8888103200617,'8888103200617,CUSSONS BABY,NULL,NULL,0,0,6000,0,N,N,0,0,0,0,13,N,0,,0,0,0,0,0,0
'8998866608312,'8998866608312,GIV,NULL,NULL,0,0,5000,0,N,N,0,0,0,0,18,N,0,,0,0,0,0,0,0
'8993005112019,'8993005112019,JF THE SKIN,NULL,NULL,0,0,12000,0,N,N,0,0,0,0,1,N,0,,0,0,0,0,0,0
'8998866608305,'8998866608305,GIVE,NULL,NULL,0,0,5000,0,N,N,0,0,0,3,5,N,0,,0,0,0,0,0,0
'8997029490337,'8997214430087, PAPAYA by Mamaya,SBN,NULL,16666,16666.67,22000,32.00528,N,N,0,0,0,10,8,N,0,,0,0,0,0,0,0
'8999999015947,'8999999015947,DOVE,NULL,NULL,0,0,5000,0,N,N,0,0,0,0,6,N,0,,0,0,0,0,0,0
'4801010562108,'4801010562108,GOHNSONS MILK SHOP,NULL,NULL,0,0,10000,0,N,N,0,0,0,0,4,N,0,,0,0,0,0,0,0
'8999999518790,'8999999518790,LIFEBUOY,NULL,NULL,0,0,15000,0,N,N,0,0,0,0,1,N,0,,0,0,0,0,0,0
'8992727002851,'8992727002851,BIORE MEN,NULL,NULL,0,0,15000,0,N,N,0,0,0,0,4,N,0,,0,0,0,0,0,0
'8992727001670,'8992727001670,COOL NERGY,NULL,NULL,0,0,15000,0,N,N,0,0,0,0,4,N,0,,0,0,0,0,0,0
'8992727003810,'8992727003810,HYGIENIC ENERGY,NULL,NULL,0,0,15000,0,N,N,0,0,0,0,5,N,0,,0,0,0,0,0,0
'8999999036492,'8999999036492,LUX,NULL,NULL,0,0,15000,0,N,N,0,0,0,0,2,N,0,,0,0,0,0,0,0
'8996006858320,'8996006858320,FRUIT TEA LEMON,BTL,MINUMAN,3667,3667,5000,36.35124,N,N,0,0,0,52,230,N,0,,0,0,0,0,0,0
'8996006858085,'8996006858085,FRUIT TEA APEL 350ML,BTL,MINUMAN,3250,3250,5000,53.84615,N,N,0,0,0,73,122,N,0,,0,0,0,0,0,0
'8997025060152,'8997025060152,BIG COLA HITAM,NULL,NULL,3500,3500,5000,42.85714,N,N,0,0,0,0,85,N,0,,0,0,0,0,0,0
'8994834003950,'8994834003950,FRENCH 2000,NULL,NULL,1800,1800,2500,38.88889,N,N,0,0,0,22,281,N,0,,0,0,0,0,0,0
'8993083932141,'8993083932141,VEGETABLE AND CHEESE,NULL,NULL,1800,1800,3000,66.66667,N,N,0,0,0,79,268,N,0,,0,0,0,0,0,0
'8886022941512,'8886022941512,ALKALINE AAA,NULL,NULL,0,0,15000,0,N,N,0,0,0,0,30,N,0,,0,0,0,0,0,0
'8888021201550,'8888021201550,ENERGIZER AA,NULL,NULL,0,0,30000,0,N,N,0,0,0,0,7,N,0,,0,0,0,0,0,0
'8999002245125,'8999002245125,ENERGIZER AA 4PACK,NULL,NULL,36600,36600,50000,36.61202,N,N,0,0,0,0,19,N,0,,0,0,0,0,0,0
'8999002675038,'8999002675038,ENERGIZER AA 6PACK,NULL,NULL,0,0,55000,0,N,N,0,0,0,0,9,N,0,,0,0,0,0,0,0
'8999002672129,'8999002672129,ENERGIZER AAA 4PACK,NULL,NULL,0,0,35000,0,N,N,0,0,0,0,5,N,0,,0,0,0,0,0,0
'8888021200546,'8888021200546,ENERGIZER AAA,NULL,NULL,0,0,25000,0,N,N,0,0,0,0,9,N,0,,0,0,0,0,0,0
'8888021200539,'8888021200539,ENERGIZER AA,NULL,NULL,21700,21700,30000,38.24885,N,N,0,0,0,0,23,N,0,,0,0,0,0,0,0
'8999002524916,'8999002524916,ENERGIZER,NULL,NULL,21700,21700,30000,38.24885,N,N,0,0,0,0,27,N,0,,0,0,0,0,0,0
'8999002311462,'8999002311462,EVEREADY,NULL,NULL,0,0,25000,0,N,N,0,0,0,0,13,N,0,,0,0,0,0,0,0
'8999002310564,'8999002310564,EVEREADY,NULL,NULL,11000,11000,25000,127.27273,N,N,0,0,0,0,24,N,0,,0,0,0,0,0,0
'8999002692417,'8999002692417,EVEREADY,NULL,NULL,0,0,15000,0,N,N,0,0,0,0,9,N,0,,0,0,0,0,0,0
'9312931540380,'9312931540380,ENERGIZER,NULL,NULL,87200,87200,100000,14.6789,N,N,0,0,0,0,4,N,0,,0,0,0,0,0,0
'8999002525012,'8999002525012,ENERGIZER,NULL,NULL,18600,18600,25000,34.4086,N,N,0,0,0,0,15,N,0,,0,0,0,0,0,0
'6920403162751,'6920403162751,EVEREADY,NULL,NULL,0,0,20000,0,N,N,0,0,0,0,4,N,0,,0,0,0,0,0,0
'8999002584057,'8999002584057,EVEREADY,NULL,NULL,13700,13700,20000,45.9854,N,N,0,0,0,0,16,N,0,,0,0,0,0,0,0
'8991102883023,'8991102883023,PROST BEER 330ML,NULL,NULL,19000,19000,25000,31.57895,N,N,0,0,0,0,24,N,0,,0,0,0,0,0,0
'8999999706081,'8999999706081,PEPSODEN 75G,NULL,NULL,4500,4500,10000,0,N,N,0,0,0,35,128,N,0,,0,0,0,0,0,0
'8992695744067,'8992695744067,SENSODYNE,NULL,NULL,0,0,35000,0,N,N,0,0,0,0,4,N,0,,0,0,0,0,0,0
'8999999707835,'8999999707835,CLOESEUP,NULL,NULL,9600,9600,15000,56.25,N,N,0,0,0,0,73,N,0,,0,0,0,0,0,0
'8992695734662,'8992695734662,SENSODYNE RAPID,NULL,NULL,0,0,48000,0,N,N,0,0,0,0,3,N,0,,0,0,0,0,0,0
'4800318407730,'4800318407739,SENSODYNE COOL GEL,NULL,NULL,0,0,46000,0,N,N,0,0,0,0,9,N,0,,0,0,0,0,0,0
'8991991161332,'8991991161332,SENSODYNE FRESH MINT,NULL,NULL,25704,25704,38000,47.83691,N,N,0,0,0,0,11,N,0,,0,0,0,0,0,0
'8999999707859,'8999999707859,CLOSEUP 160G,NULL,NULL,13000,13000,20000,53.84615,N,N,0,0,0,0,2,N,0,,0,0,0,0,0,0
'8997018900038,'8997018900038,BOKASHI KECIL,NULL,NULL,19000,19000,25000,0,N,N,0,0,0,18,5,N,0,,0,0,0,0,0,0
'8997018900021,'8997018900021,BOKASI BSR,NULL,NULL,37500,37500,45000,0,N,N,0,0,0,10,5,N,0,,0,0,0,0,0,0
'0124,'0124,BARA,NULL,NULL,0,0,6000,0,N,N,0,0,0,0,136,N,0,,0,0,0,0,0,0
'8992761147143,'8992761147143,SPRITE WATERLYMON,NULL,NULL,4900,4900,7000,55.55556,N,N,0,0,0,39,75,N,0,,0,0,0,0,0,0
'8992761164508,'8992761164508,NUTRI BOOST COFFE,NULL,NULL,6000,6000,8000,33.33333,N,N,0,0,0,0,18,N,0,,4000,4000,0,0,0,0
'8991111152080,'8991111152080,LISTERIN,NULL,NULL,0,0,35000,0,N,N,0,0,0,0,1,N,0,,0,0,0,0,0,0
'8996006853127,'8996006853127,TEBS MIX FRUIT 330ML,BTL,MINUMAN,4000,4000,6000,50,N,N,0,0,0,81,156,N,0,,0,0,0,0,0,0
'8998866602273,'8998866602273,HERS PROTEX EXTRA MAXI 8 PADS,NULL,NULL,0,0,8000,0,N,N,0,0,0,0,10,N,0,,0,0,0,0,0,0
'8998990212249,'8998990212249,NINA,NULL,NULL,0,0,12000,0,N,N,0,0,0,0,5,N,0,,0,0,0,0,0,0
'6921434400058,'6921434400058,FEMININE COMFORT,NULL,NULL,0,0,35000,0,N,N,0,0,0,0,9,N,0,,0,0,0,0,0,0
'8998866574044,'8998866574044,PROTEX REGULAR,NULL,NULL,0,0,8000,0,N,N,0,0,0,0,4,N,0,,0,0,0,0,0,0
'8998866500791,'8998866500791,PROTEX WINGS,NULL,NULL,0,0,7000,0,N,N,0,0,0,0,1,N,0,,0,0,0,0,0,0
'8993189270284,'8993189270284,CHARM BODY FIT,NULL,NULL,4500,4500,10000,122.22222,N,N,0,0,0,5,29,N,0,,0,0,0,0,0,0
'8993189270321,'8993189270321,CHARM BODY FIT EXTRA WINGS,NULL,NULL,0,0,6000,0,N,N,0,0,0,0,10,N,0,,0,0,0,0,0,0
'8998866602297,'8998866602297,HERS PROTEX EXTRA MAXI 24 PADS,NULL,NULL,8700,8700,15000,72.41379,N,N,0,0,0,0,4,N,0,,0,0,0,0,0,0
'8992727002998,'8992727002998,LARURIER DAYA SERAP MAKSIMAL,NULL,NULL,0,0,15000,0,N,N,0,0,0,0,17,N,0,,0,0,0,0,0,0
'8992727001731,'8992727001731,PANTYLINERS,NULL,NULL,0,0,15000,0,N,N,0,0,0,0,0,N,0,,0,0,0,0,0,0
'8850007331797,'8850007331797,CAREFREE,NULL,NULL,0,0,15000,0,N,N,0,0,0,0,4,N,0,,0,0,0,0,0,0
'8850007331490,'8850007331490,CAREFREE SUPER DRY 40 LINERS,NULL,NULL,0,0,25000,0,N,N,0,0,0,0,4,N,0,,0,0,0,0,0,0
'8992727004060,'8992727004060,LAURIER DOUBLE COMFORT ISI 18,NULL,NULL,8750,8750,12000,37.14286,N,N,0,0,0,0,18,N,0,,0,0,0,0,0,0
'8993189270673,'8993189270673,CHARM BODY FIT,NULL,NULL,1300,1857.14,3000,0,N,N,0,0,0,20,6,N,0,,0,0,0,0,0,0
'8992750540405,'8992750540405,MITU BOTOL,NULL,NULL,0,0,30000,0,N,N,0,0,0,0,0,N,0,,0,0,0,0,0,0
'8992772265058,'8992772265058,ANTIS,NULL,NULL,0,0,50000,0,N,N,0,0,0,0,2,N,0,,0,0,0,0,0,0
'8991111153117,'8991111153117,LISTERINE GUM CARE,NULL,NULL,0,0,35000,0,N,N,0,0,0,0,0,N,0,,0,0,0,0,0,0
'8991111153148,'8991111153148,LISTERINE SIWAK,NULL,NULL,0,0,35000,0,N,N,0,0,0,0,2,N,0,,0,0,0,0,0,0
'8992725910615,'8992725910615,LISTERINE CITRUS,NULL,NULL,0,0,35000,0,N,N,0,0,0,0,4,N,0,,0,0,0,0,0,0
'9556111620343,'9556111620343,DETOL BOTOL,NULL,NULL,0,0,30000,0,N,N,0,0,0,0,1,N,0,,0,0,0,0,0,0
'8999777857820,'8999777857820,NIVEA SPF 20_100ML,NULL,NULL,76600,76600,100000,30.5483,N,N,0,0,0,2,4,N,0,,0,0,0,0,0,0
'7319470012127,'7319470012127,NIVEA PROTECT & BROWN 20,NULL,NULL,144400,144400,190000,31.57895,N,N,0,0,0,2,9,N,0,,0,0,0,0,0,0
'8991906101026,'8991906101026,DJARUM SUPER,NULL,NULL,29200,29200,31000,6.16438,N,N,0,0,0,6,35,N,0,,24729.06,0,-15.31142,0,0,0
'RT,'RT0,ROTI 5000,WFR,WAFFER,0,0,5000,0,N,N,0,0,0,0,294,N,0,,0,0,0,0,0,0
'RT01,'RT01,ROTI SISIR,WFR,WAFFER,0,0,9000,0,N,N,0,0,0,0,105,N,0,,0,0,0,0,0,0
'8998866201469,'8998866201469,POTABEE BBQ,NULL,NULL,7400,7400,10000,35.13514,N,N,0,0,0,0,55,N,0,,0,0,0,0,0,0
'079656649536,'079656649536,ULTRA PROTECT SPF 30_90ml,NULL,NULL,151000,151000,185000,22.51656,N,N,0,0,0,7,3,N,0,,0,0,0,0,0,0
'079656650716,'079656650716,ULTRA PROTECT  SPF 80_90,NULL,NULL,154300,154300,200000,29.61763,N,N,0,0,0,0,4,N,0,,0,0,0,0,0,0
'8991102880039,'8991102880039,BLACK JACK,BTL,MINUMAN,19800,19800,26000,31.31313,N,N,0,0,0,0,21,N,0,,0,0,0,0,0,0
'8991115040093,'8991115040093,HAPPYDENT 14G,P,PERMEN,5800,5800,8000,37.93103,N,N,0,0,0,0,71,N,0,,0,0,0,0,0,0
'RT02,'RT02,ROTI LINTANG BAKERY,WFR,WAFFER,0,0,10000,0,N,N,0,0,0,0,190,N,0,,0,0,0,0,0,0
'8998009040023,'8998009040023,TEH KOTAK 200ML,BTL,MINUMAN,2150,2150,5000,132.55814,N,N,0,0,0,131,103,N,0,,0,0,0,0,0,0
'KJG0,'G,SUTRA,KOPI,COFFEE,0,0,20000,0,N,N,0,0,0,0,1,N,0,,0,0,0,0,0,0
'8852961002102,'8852961002102,SUTRA MERAH,CDM,NULL,5417,5417,12000,121.52483,N,N,0,0,0,0,45,N,0,,0,0,0,0,0,0
'8998866200837,'8998866200837,POP MIE SEDAP SOTO 81G,MIE,MIE,4500,4500,7000,47.36842,N,N,0,0,0,33,52,N,0,,0,0,0,0,0,0
'8991901101083,'8991901101083,CRYSTAL,NULL,NULL,13100,13100,16000,22.1374,N,N,0,0,0,10,340,N,0,,10900,10900,-16.79389,0,0,0
'84190819,'84190819,SMOKING DELUXE,NULL,NULL,0,0,23000,0,N,N,0,0,0,0,24,N,0,,0,0,0,0,0,0
'8414775013264,'8414775013264,SMOKING MASTER,NULL,NULL,0,0,20000,0,N,N,0,0,0,0,92,N,0,,0,0,0,0,0,0
'84157034,'84157034,SMOKING RED,NULL,NULL,6500,6500,12000,84.61538,N,N,0,0,0,0,69,N,0,,0,0,0,0,0,0
'84195937,'84195937,SMOKING DELUXE BSR,NULL,NULL,0,0,25000,0,N,N,0,0,0,0,66,N,0,,0,0,0,0,0,0
'KAT,'KAT,KATER,NULL,NULL,0,0,20000,0,N,N,0,0,0,0,0,N,0,,0,0,0,0,0,0
'8999777801304,'8999777801304,NIVEA CREME,NULL,NULL,18700,18700,35000,87.16578,N,N,0,0,0,0,5,N,0,,0,0,0,0,0,0
'8999777801335,'8999777801335,NIVEA CREME KCIL,NULL,NULL,13000,13000,25000,92.30769,N,N,0,0,0,0,7,N,0,,0,0,0,0,0,0
'8999777890544,'8999777890544,NIVEA CREME KCIL,NULL,NULL,11500,11500,20000,73.91304,N,N,0,0,0,0,8,N,0,,0,0,0,0,0,0
'8999777004484,'8999777004484,NIVEA MEN COOL KICK,NULL,NULL,16700,16700,25000,49.7006,N,N,0,0,0,0,14,N,0,,0,0,0,0,0,0
'8992742370683,'8992742370683,POLYYTEX SPONS,NULL,NULL,3100,3100,6000,93.54839,N,N,0,0,0,10,70,N,0,,0,0,0,0,0,0
'8998899013046,'8998899013046,BAYCLIN 200ML,NULL,NULL,7000,7000,10000,42.85714,N,N,0,0,0,0,18,N,0,,0,0,0,0,0,0
'8992745550266,'8992745550266,PROCLIN,NULL,NULL,3400,3400,5000,47.05882,N,N,0,0,0,0,3,N,0,,0,0,0,0,0,0
'8998899013077,'8998899013077,BAYCLIN 500ML,NULL,NULL,10500,10500,15000,42.85714,N,N,0,0,0,0,7,N,0,,0,0,0,0,0,0
'055500130078,'055500130078,PEMBERSIH LANTAI,NULL,NULL,0,0,25000,0,N,N,0,0,0,0,3,N,0,,0,0,0,0,0,0
'8999777004613,'8999777004613,nivea siver protex,NULL,NULL,16700,16700,25000,49.7006,N,N,0,0,0,0,9,N,0,,0,0,0,0,0,0
'8992745320142,'8992745320142,STELLA APPLE FIESTA,NULL,NULL,28000,28000,38000,35.71429,N,N,0,0,0,0,4,N,0,,0,0,0,0,0,0
'8886467100055,'8886467100055,PRINGLES HOT & SPICY,NULL,NULL,21000,21000,25000,19.04762,N,N,0,0,0,17,64,N,0,,0,0,0,0,0,0
'8993268115000,'8993268115000,AIR CHEERS 1500ML,NULL,NULL,3678,3678,8000,117.50952,N,N,0,0,0,24,173,N,0,,0,0,0,0,0,0
'8997035600928,'8997035600928,SOY JOY CHOCOLATE,NULL,NULL,0,0,10000,0,N,N,0,0,0,0,23,N,0,,0,0,0,0,0,0
'9556001174659,'9556001174659,MILO CALCIUM CAN 240ML,NULL,NULL,8300,8300,11000,32.53012,N,N,0,0,0,10,52,N,0,,0,0,0,0,0,0
'3014260803926,'3014260803926,ORAL B ALL ROUNDER,NULL,NULL,7700,7700,12000,55.84416,N,N,0,0,0,0,35,N,0,,0,0,0,0,0,0
'8992003782354,'8992003782354,ANTANGIN 15ML,NULL,NULL,3000,3000,5000,66.66667,N,N,0,0,0,12,155,N,0,,0,0,0,0,0,0
'FLG20,'FLG20,FLUG 20,FLG,NULL,0,0,20000,0,N,N,0,0,0,0,30,N,0,,0,0,0,0,0,0
'8997210140089,'8997210140089,GIN GILBEYS 350ML,BTL,MINUMAN,0,0,140000,0,N,N,0,0,0,0,5,N,0,,0,0,0,0,0,0
'8991102880107,'8991102880107,MIX MAX BLUEBERRY,NULL,NULL,19800,19800,28000,41.41414,N,N,0,0,0,0,9,N,0,,0,0,0,0,0,0
'8991102880190,'8991102880190,MIX MAX ICE GLACIER,NULL,NULL,19800,19800,28000,41.41414,N,N,0,0,0,0,7,N,0,,0,0,0,0,0,0
'8991102880169,'8991102880169,MIX MAX ECOTIC BLUE,NULL,NULL,19800,19800,28000,41.41414,N,N,0,0,0,0,7,N,0,,0,0,0,0,0,0
'8991102880114,'8991102880114,MIX MAX CRANBERRY,NULL,NULL,19800,19800,28000,41.41414,N,N,0,0,0,0,12,N,0,,0,0,0,0,0,0
'8991102880176,'8991102880176,MIX MAX CLASSIC,NULL,NULL,19800,19800,28000,41.41414,N,N,0,0,0,0,12,N,0,,0,0,0,0,0,0
'8991102880213,'8991102880213,MIX MAX GUAVA,NULL,NULL,19800,19800,28000,41.41414,N,N,0,0,0,0,9,N,0,,0,0,0,0,0,0
'8886022962135,'8886022962135,AROMATIC LEMON,NULL,NULL,0,0,15000,0,N,N,0,0,0,0,4,N,0,,0,0,0,0,0,0
'8886022962159,'8886022962159,AROMATIC CLOVE,NULL,NULL,0,0,15000,0,N,N,0,0,0,0,1,N,0,,0,0,0,0,0,0
'8992725051226,'8992725051226,MYLANTA 150ML,NULL,NULL,0,0,50000,0,N,N,0,0,0,0,1,N,0,,0,0,0,0,0,0
'8991111152059,'8991111152059,MYLANTA 50ML,NULL,NULL,0,0,30000,0,N,N,0,0,0,0,3,N,0,,0,0,0,0,0,0
'8993176803198,'8993176803198,TELON LANG 15ML,NULL,NULL,0,0,10000,0,N,N,0,0,0,0,6,N,0,,0,0,0,0,0,0
'8993176110135,'8993176110135,TELON LANG 30ML,NULL,NULL,0,0,15000,0,N,N,0,0,0,0,0,N,0,,0,0,0,0,0,0
'8999777854058,'8999777854058,NIVEA SUN SPF 30_150ML,NULL,NULL,131100,131100,175000,33.48589,N,N,0,0,0,0,24,N,0,,0,0,0,0,0,0
'8992765301008,'8992765301008,GILLETTE GOAL II,NULL,NULL,0,0,10000,0,N,N,0,0,0,0,13,N,0,,0,0,0,0,0,0
'6959097200074,'6959097200074,PEARMAX,NULL,NULL,0,0,10000,0,N,N,0,0,0,0,9,N,0,,0,0,0,0,0,0
'8888826019589,'8888826019589,GILLETTE BLUE II PLUS,NULL,NULL,0,0,13000,0,N,N,0,0,0,0,71,N,0,,0,0,0,0,0,0
'4902430745864,'4902430745864,GILLETTE BLUE SIMPLE 3,NULL,NULL,10525,10525,15000,42.51781,N,N,0,0,0,0,45,N,0,,10525,10525,0,0,0,0
'8992775112144,'8992775112144,KACANG KULIT GARUDA BAWANG 65G,KCK,KACANG,4100,4100,6000,46.34146,N,N,0,0,0,24,28,N,0,,0,0,0,0,0,0
'8992775112137,'8992775112137,KACANG KULIT GARUDA BAWANG 90G,KCK,KACANG,7600,7600,10000,31.57895,N,N,0,0,0,0,23,N,0,,0,0,0,0,0,0
'8886022971298,'8886022971298,ALKALINE AA 2 PCS,AIR,AIR,9000,9000,15000,66.66667,N,N,0,0,2,0,30,N,0,,0,0,0,0,0,0
'8995227500582,'8995227500582,cincau,NULL,NULL,4800,4800,7000,45.83333,N,N,0,0,0,14,163,N,0,,0,0,0,0,0,0
'8994231100221,'8994231100221,KOPI BANYUATIS 200GR,NULL,NULL,0,0,20000,0,N,N,0,0,0,0,35,N,0,,0,0,0,0,0,0
'8994231100108,'8994231100108,KOPI BANYUATIS 500GR,NULL,NULL,0,0,40000,0,N,N,0,0,0,0,29,N,0,,0,0,0,0,0,0
'8996001350522,'8996001350522,ROMA WAFER CHOCO BLAST,NULL,NULL,800,800,1500,87.5,N,N,0,0,0,20,42,N,0,,0,0,0,0,0,0
'8996001350515,'8996001350515,ZUPER KEJU,NULL,NULL,800,800,2000,150,N,N,0,0,0,0,32,N,0,,0,0,0,0,0,0
'8996001350676,'8996001350676,SUPER KEJU COKLAT,NULL,NULL,800,800,2000,150,N,N,0,0,0,0,29,N,0,,0,0,0,0,0,0
'8996001302637,'8996001302637,ROMA MALKIST COKLAT,NULL,NULL,6000,6000,8000,60,N,N,0,0,0,16,51,N,0,,5000,0,0,0,0,0
'8991111101316,'8991111101316,GOHNSONS BABI OIL 50ML,NULL,NULL,9600,9600,15000,56.25,N,N,0,0,0,0,5,N,0,,0,0,0,0,0,0
'8992725910424,'8992725910424,LISTERINE FRESH BRUST,NULL,NULL,19400,19400,27000,39.17526,N,N,0,0,0,0,6,N,0,,0,0,0,0,0,0
'8992725910332,'8992725910332,LISTERINE COOL MINT,NULL,NULL,19400,19400,27000,39.17526,N,N,0,0,0,0,3,N,0,,0,0,0,0,0,0
'9556006060346,'9556006060346,GOHNSONS BABY LOTION,NULL,NULL,13600,13600,20000,47.05882,N,N,0,0,0,0,6,N,0,,0,0,0,0,0,0
'8991111102924,'8991111102924,GOHNSONS COTTONTOUCH,NULL,NULL,17000,17000,25000,47.05882,N,N,0,0,0,0,1,N,0,,0,0,0,0,0,0
'8999777011031,'8999777011031,NIVEA PEARL & BEAUTY,NULL,NULL,38500,38500,55000,42.85714,N,N,0,0,0,0,9,N,0,,0,0,0,0,0,0
'8999777007515,'8999777007515,NIVEA MEN FRESH ACTIVE,NULL,NULL,39000,39000,55000,41.02564,N,N,0,0,0,0,2,N,0,,0,0,0,0,0,0
'8999777004972,'8999777004972,NIVEA MEN SPRY B&W,NULL,NULL,39000,39000,55000,41.02564,N,N,0,0,0,0,8,N,0,,0,0,0,0,0,0
'8999777004910,'8999777004910,NIVEA MEN SPRY COOL KICK,NULL,NULL,39000,39000,55000,41.02564,N,N,0,0,0,0,6,N,0,,0,0,0,0,0,0
'8999777004880,'8999777004880,NIVEA CLEAR B&W,NULL,NULL,39000,39000,55000,41.02564,N,N,0,0,0,0,11,N,0,,0,0,0,0,0,0
'8999777010676,'8999777010676,NIVEA MEN DEEP,NULL,NULL,39000,39000,55000,41.02564,N,N,0,0,0,0,5,N,0,,0,0,0,0,0,0
'8999777007591,'8999777007591,NIVEA MEN DRY IMPACT,NULL,NULL,39000,39000,55000,41.02564,N,N,0,0,0,0,2,N,0,,0,0,0,0,0,0
'8999777014261,'8999777014261,NIVEA MEN DEEP ESPRESSO,NULL,NULL,39000,39000,55000,41.02564,N,N,0,0,0,0,3,N,0,,0,0,0,0,0,0
'6931598210776,'6931598210776,KOREK G2000,NULL,NULL,2500,2500,5000,100,N,N,0,0,0,150,254,N,0,,0,0,0,0,0,0
'8992775110157,'8992775110157,KACANG KULIT GARUDA 65GR,KCK,KACANG,4200,4200,6000,42.85714,N,N,0,0,0,24,33,N,0,,0,0,0,0,0,0
'8993058000684,'8993058000684,EXTRAJOSS SACHET,BTL,MINUMAN,0,0,1500,0,N,N,0,0,0,0,662,N,0,,0,0,0,0,0,0
'8999777012151,'8999777012151,HANSAPLAS TRANSPARAN,NULL,NULL,8000,8000,15000,87.5,N,N,0,0,0,0,16,N,0,,0,0,0,0,0,0
'8995177109996,'8995177109996,GULAKU 500GR,NULL,NULL,0,0,15000,0,N,N,0,0,0,0,33,N,0,,0,0,0,0,0,0
'4987176008718,'4987176008718,VAPORUB 25G,NULL,NULL,0,0,10000,0,N,N,0,0,0,0,3,N,0,,0,0,0,0,0,0
'4987176000552,'4987176000552,VAPORUB 50G,NULL,NULL,0,0,20000,0,N,N,0,0,0,0,2,N,0,,0,0,0,0,0,0
'8999777012267,'8999777012267,HANSAPLAS ROLL,NULL,NULL,0,0,10000,0,N,N,0,0,0,0,12,N,0,,0,0,0,0,0,0
'109,'109,KOPI BANYUATIS ORIGINAL 100GR,NULL,NULL,0,0,15000,0,N,N,0,0,0,0,4,N,0,,0,0,0,0,0,0
'8991906101019,'8991906101019,DJARUM SUPER,NULL,NULL,23000,23000,25000,8.69565,N,N,0,0,0,28,59,N,0,,16845.15,16845.15,-26.7602,-26.7602,0,0
'8997031671373,'8997031671373,JHON D-BLEND,NULL,NULL,16000,16000,18000,12.5,N,N,0,0,0,0,2,N,0,,0,0,0,0,0,0
'8997031671397,'8997031671397,JHON BLACK,NULL,NULL,15000,15000,18000,20,N,N,0,0,0,0,1,N,0,,0,0,0,0,0,0
'TAS,'TAS,TAS,NULL,NULL,0,0,6000,0,N,N,0,0,0,0,39,N,0,,0,0,0,0,0,0
'8995077600227,'8995077600227,KACANG DUA KELINCI GARLIC 180G,KCK,KACANG,18500,18500,25000,11.11111,N,N,0,0,0,19,50,N,0,,0,0,0,0,0,0
'8992775112120,'8992775112120,KACANG GARUDA 220G,NULL,NULL,0,0,25000,0,N,N,0,0,0,0,12,N,0,,0,0,0,0,0,0
'8999002675137,'8999002675137,ENERGIZER,NULL,NULL,40000,40000,55000,37.5,N,N,0,0,0,0,5,N,0,,0,0,0,0,0,0
'ADEM,'ADEM,ADEM SARI,NULL,NULL,1916,1916,3000,56.5762,N,N,0,0,0,24,164,N,0,,0,0,0,0,0,0
'0899999940123,'8999999401238,RINS0 BUBUK 800 GR,NULL,NULL,16800,16800,20000,19.04762,N,N,0,0,10,0,2,N,0,,0,0,0,0,0,0
'8998899001166,'8998899001166,BAYGON 400 ML,NULL,NULL,0,0,45000,0,N,N,0,0,0,0,7,N,0,,0,0,0,0,0,0
'8992745130420,'8992745130420,HIT 415ML,NULL,NULL,27000,27000,40000,48.14815,N,N,0,0,0,0,7,N,0,,0,0,0,0,0,0
'12ASC,'0123ASC,BODREX,NULL,NULL,450,450,1000,122.22222,N,N,0,0,0,20,160,N,0,,0,0,0,0,0,0
'9556156049215,'9556156049215,SUSU KEDELAI,NULL,NULL,5000,5000,10000,100,N,N,0,0,0,0,11,N,0,,0,0,0,0,0,0
'8992775001806,'8992775001806,MALKIS,NULL,NULL,900,900,1500,66.66667,N,N,0,0,0,50,222,N,0,,0,0,0,0,0,0
'089686017748,'089686017748,SARIMI ISI 2,NULL,NULL,0,0,5000,0,N,N,0,0,0,0,104,N,0,,0,0,0,0,0,0
'8994222112318,'8994222112318,KACANG GANGSAR,NULL,NULL,4000,4000,6000,50,N,N,0,0,0,0,34,N,0,,0,0,0,0,0,0
'han,'han,hansaplas jumbo,NULL,NULL,0,0,1500,0,N,N,0,0,0,0,138,N,0,,0,0,0,0,0,0
'8995077600807,'8995077600807,TIC TAC ORIGINAL,NULL,NULL,5500,5500,7000,27.27273,N,N,0,0,0,17,33,N,0,,0,0,0,0,0,0
'8992759535457,'8992759535457,TISUE NICE ROLL,NULL,NULL,0,0,10000,0,N,N,0,0,0,0,4,N,0,,0,0,0,0,0,0
'susu,'susu,susu indomilk saset,NULL,NULL,1250,1250,2000,60,N,N,0,0,0,0,121,N,0,,0,0,0,0,0,0
'9310155520102,'9310155520102,FANTASTIC CHEESE,NULL,NULL,0,0,25000,0,N,N,0,0,0,0,4,N,0,,0,0,0,0,0,0
'089686598353,'089686598353,CHITATO ORIGINAL 68G,SNK,SNACK,10500,10500,12000,14.28571,N,N,0,0,0,13,187,N,0,,0,0,0,0,0,0
'69030376,'69030376,"snicker 21,5 g",WFR,WAFFER,0,0,5000,0,N,N,0,0,0,0,121,N,0,,0,0,0,0,0,0
'RT4,'RT4,ROTI MONI,C,CEMILAN,2500,2500,4000,60,N,N,0,0,0,24,92,N,0,,0,0,0,0,0,0
'8992742360844,'8992742360844,POLYTEX SABUT STAINLESS,NULL,NULL,2083,2083,5000,140.03841,N,N,0,0,0,0,27,N,0,,0,0,0,0,0,0
'8991001111647,'8991001111647,SILVERQUEEN CASHEW,NULL,NULL,16500,16500,22000,33.33333,N,N,0,0,0,0,37,N,0,,16500,0,0,0,0,0
'8991001121400,'8991001121400,SILVERQUEEN ALMOND,NULL,NULL,12200,12200,20000,63.93443,N,N,0,0,0,0,24,N,0,,0,0,0,0,0,0
'089686060027,'089686060027,POP MIE AYAM,MIE,MIE,4500,4500,7000,55.55556,N,N,0,0,0,190,314,N,0,,0,0,0,0,0,0
'012314,'3243252,BATERAI DYNAMAX AAA 1 PASANG,NULL,NULL,4500,4500,10000,122.22222,N,N,0,0,30,0,0,N,0,,0,0,0,0,0,0
'8997210108959,'8997210108959,BATERAI AFTA AA 1 PCS,NULL,NULL,4500,4500,5000,11.11111,N,N,0,0,0,0,3,N,0,,0,0,0,0,0,0
'8991906101422,'8991906101422,LA BOLD 16,RK,ROKOK,27000,27000,22000,5.26316,N,N,0,0,0,2,81,N,0,,12700,15800,-19.62025,0,0,0
'8992761122430,'8992761122430,FRESTEA MADU 500ML,BTL,MINUMAN,4250,4250,7000,73.18159,N,N,0,0,0,61,65,N,0,,0,0,0,0,0,0
'8992717781025,'8992717781025,SANTEN,NULL,NULL,2800,2800,4000,42.85714,N,N,0,0,0,16,128,N,0,,0,0,0,0,0,0
'4902430393126,'4902430393126,VICKS INHALER,NULL,NULL,0,0,17000,0,N,N,0,0,0,0,3,N,0,,0,0,0,0,0,0
'gula,'gula,GULA 1KG,NULL,NULL,17000,17000,20000,17.64706,N,N,0,0,0,11,73,N,0,,0,0,0,0,0,0
'8850291102738,'8850291102738,TG CSHW NUTS MIX HONEY ROASTED,NULL,NULL,16927,16927,22000,29.96987,N,N,0,0,0,6,22,N,0,,0,0,0,0,0,0
'8996001304990,'8996001304990,ROMA SARI GANDUM SUSU&COKLAT,C,CEMILAN,6300,6300,8000,26.98413,N,N,0,0,0,8,203,N,0,,6500,6500,3.1746,3.1746,0,0
'8992775001608,'8992775001608,CHOCOLATOS SWEET CHEESE,NULL,NULL,900,900,1500,66.66667,N,N,0,0,0,32,141,N,0,,0,0,0,0,0,0
'8886030323904,'8886030323904,PORSTEX 1000ML,NULL,NULL,17000,17000,25000,47.05882,N,N,0,0,0,0,6,N,0,,17000,0,0,0,0,0
'8993039111255,'8993039111255,REGAL KECIL,NULL,NULL,11500,11500,13000,44.44444,N,N,0,0,0,4,22,N,0,,9000,9000,0,0,0,0
'8993039112504,'8993039112504,REGAL BESAR,NULL,NULL,18000,18000,20000,11.11111,N,N,0,0,0,0,23,N,0,,18000,18000,0,0,0,0
'8992747180225,'8992747180225,VIXAL,NULL,NULL,15000,15000,20000,33.33333,N,N,0,0,0,0,8,N,0,,15000,15000,0,0,0,0
'80768258,'80768258,KINDER JOY,C,CEMILAN,0,0,15000,0,N,N,0,0,0,0,28,N,0,,0,0,0,0,0,0
'8886020001294,'8886020001294,SWALLOW KAPUR BARUS,NULL,NULL,16000,16000,20000,25,N,N,0,0,0,0,6,N,0,,0,0,0,0,0,0
'8999002691816,'8999002691816,EVEREADY AA2,NULL,NULL,18600,18600,25000,34.4086,N,N,0,0,0,0,12,N,0,,0,0,0,0,0,0
'arabica,'arabica,COFFE ARABICA & ROBUSTA,NULL,NULL,26000,26000,40000,53.84615,N,N,0,0,0,0,0,N,0,,0,0,0,0,0,0
'10,'01,GIN 700ML,NULL,NULL,0,0,250000,0,N,N,0,0,0,0,1,N,0,,0,0,0,0,0,0
'8992745730118,'8992745730118,BIOSOL 400ML,NULL,NULL,25200,25200,35000,38.88889,N,N,0,0,0,0,3,N,0,,0,0,0,0,0,0
'8999999407896,'8999999407896,WIPOL 450ML,NULL,NULL,20500,20500,15000,36.36364,N,N,0,0,0,5,3,N,0,,0,0,0,0,0,0
'055500130054,'055500130054,SOS BOTOL 800ML,NULL,NULL,11600,11600,20000,72.41379,N,N,0,0,0,0,2,N,0,,0,0,0,0,0,0
'8992779024207,'8992779024207,MR MUSCLE 800 ML,NULL,NULL,11000,11000,15000,36.36364,N,N,0,0,0,0,2,N,0,,0,0,0,0,0,0
'055500130221,'055500130221,PEMBERSIH LANTAI SOS,NULL,NULL,10200,10200,15000,47.05882,N,N,0,0,0,0,3,N,0,,0,0,0,0,0,0
'8999999401023,'8999999401023,MOLTO PEWANGI 900ML,NULL,NULL,12000,12000,18000,50,N,N,0,0,0,0,2,N,0,,0,0,0,0,0,0
'055500130238,'055500130238,S.O.S FLORAL BLOSSOM 750ML,NULL,NULL,11000,11000,15000,36.36364,N,N,0,0,0,0,8,N,0,,0,0,0,0,0,0
'8998899995403,'8998899995403,BAYGON 225ML,NULL,NULL,11900,11900,18000,51.2605,N,N,0,0,0,12,8,N,0,,0,0,0,0,0,0
'8998899400372,'8998899400372,BAYGON WATERBASE,NULL,NULL,17000,17000,25000,47.05882,N,N,0,0,0,0,4,N,0,,0,0,0,0,0,0
'8998899400358,'8998899400358,BAYGON 275ML,NULL,NULL,21900,21900,30000,36.9863,N,N,0,0,0,0,1,N,0,,0,0,0,0,0,0
'8992745120407,'8992745120407,HIT ORANGE 200ML,NULL,NULL,15500,15500,18000,38.46154,N,N,0,0,0,7,9,N,0,,0,0,0,0,0,0
'8992745730293,'8992745730293,HIT 225ML,NULL,NULL,13000,13000,20000,53.84615,N,N,0,0,0,0,6,N,0,,0,0,0,0,0,0
'8998899400341,'8998899400341,BAYGON,NULL,NULL,11000,11000,18000,63.63636,N,N,0,0,0,0,6,N,0,,0,0,0,0,0,0
'8992745730309,'8992745730309,HIT,NULL,NULL,13000,13000,20000,53.84615,N,N,0,0,0,0,5,N,0,,0,0,0,0,0,0
'8886015428136,'8886015428136,TIMTAM CLASIC CHOCOLATE,NULL,NULL,7000,7000,10000,42.85714,N,N,0,0,0,0,21,N,0,,0,0,0,0,0,0
'8886015427139,'8886015427139,TIMTAM VANILLA,NULL,NULL,7000,7000,10000,42.85714,N,N,0,0,0,6,26,N,0,,0,0,0,0,0,0
'8999909000773,'8999909000773,MARLBORO FILER BLACK 12,RK,ROKOK,22500,22500,25000,11.11111,N,N,0,0,0,0,60,N,0,,12800,12800,-20,-20,0,0
'8994231100733,'8994231100733,COFFE BANYUATIS,NULL,NULL,75000,75000,150000,100,N,N,0,0,0,0,0,N,0,,0,0,0,0,0,0
'8994231100818,'8994231100818,COFFE ARABICAROBUSTA BLEND,NULL,NULL,50000,50000,120000,140,N,N,0,0,0,0,0,N,0,,0,0,0,0,0,0
'RAM,'RAM,RAMAYANA,NULL,NULL,3000,3000,5000,66.66667,N,N,0,0,0,17,10,N,0,,0,0,0,0,0,0
'8999999047245,'8999999047245,rinso 1000,SBN,NULL,0,0,3000,0,N,N,0,0,0,200,80,N,0,,0,0,0,0,0,0
'8992761164492,'8992761164492,nutri boost,NULL,NULL,6083,6083,8000,31.51406,N,N,0,0,0,60,28,N,0,,0,0,0,0,0,0
'8992718853417,'8992718853417,NISSIN CUP NOODLES TOM YUM 75G,MIE,MIE,0,0,8000,0,N,N,0,0,0,0,86,N,0,,0,0,0,0,0,0
'8992718853400,'8992718853400,NISSIN CUP NOODLES GULAI AYAM,MIE,MIE,0,0,8000,0,N,N,0,0,0,0,69,N,0,,0,0,0,0,0,0
'3014260786847,'3014260786847,ORAL B SHINY CLEAN,NULL,NULL,4000,4000,10000,150,N,N,0,0,0,0,21,N,0,,0,0,0,0,0,0
'4210201028079,'4210201028079,ORAL B MICROTIN,NULL,NULL,9000,9000,13000,44.44444,N,N,0,0,0,0,36,N,0,,0,0,0,0,0,0
'4902430733298,'4902430733298,GILLETTE 3,NULL,NULL,23600,23600,35000,48.30508,N,N,0,0,0,0,13,N,0,,0,0,0,0,0,0
'4902430399425,'4902430399425,PANTENE TOTAL DAMAGE CARE135ML,SMP,NULL,22100,22100,30000,35.74661,N,N,0,0,0,0,10,N,0,,0,0,0,0,0,0
'4902430400879,'4902430400879,PANTENE HALUS & LEMBUT 135ML,SMP,NULL,22100,22100,30000,35.74661,N,N,0,0,0,0,5,N,0,,0,0,0,0,0,0
'4902430792325,'4902430792325,PANTEN ANTI LEPEK 135ML,SMP,NULL,22100,22100,30000,35.74661,N,N,0,0,0,0,6,N,0,,0,0,0,0,0,0
'4902430429382,'4902430429382,SHAMPO REJOICE,NULL,NULL,21100,21100,30000,42.18009,N,N,0,0,0,3,12,N,0,,0,0,0,0,0,0
'4902430428316,'4902430428316,SHAMPOO REJOICE,NULL,NULL,21100,21100,30000,42.18009,N,N,0,0,0,3,7,N,0,,0,0,0,0,0,0
'4902430772167,'4902430772167,CONDITIONER REJOICE,NULL,NULL,21100,21100,30000,42.18009,N,N,0,0,0,0,3,N,0,,0,0,0,0,0,0
'4902430772020,'4902430772020,REJOICE,NULL,NULL,21100,21100,30000,42.18009,N,N,0,0,0,0,1,N,0,,0,0,0,0,0,0
'8993560025113,'8993560025113,SABUN DETTOL,NULL,NULL,0,3000,5000,0,N,N,0,0,0,0,40,N,0,,0,0,0,0,0,0
'8992695100207,'8992695100207,PANADOL BIRU,NULL,NULL,8000,8000,13000,62.5,N,N,0,0,0,5,26,N,0,,0,0,0,0,0,0
'8992695110206,'8992695110206,PANADOL MERAH,NULL,NULL,10000,10000,15000,50,N,N,0,0,0,0,23,N,0,,0,0,0,0,0,0
'8994504102310,'8994504102310,HELLO PANDA CHOCO,NULL,NULL,7550,7550,10000,32.45033,N,N,0,0,0,7,25,N,0,,0,0,0,0,0,0
'8994504102327,'8994504102327,HELLO PANDA STRAW,NULL,NULL,7550,7550,10000,32.45033,N,N,0,0,0,7,22,N,0,,0,0,0,0,0,0
'8991001770301,'8991001770301,SELMAT BLACK VANILLA,NULL,NULL,9700,9700,15000,54.63918,N,N,0,0,0,0,5,N,0,,0,0,0,0,0,0
'8991001780492,'8991001780492,SELAMAT CHOCOLATE SANDWICH,NULL,NULL,9700,9700,15000,54.63918,N,N,0,0,0,0,16,N,0,,0,0,0,0,0,0
'8991001770486,'8991001770486,SELAMAT DOUBLE CHOCOLATE,NULL,NULL,9700,9700,15000,54.63918,N,N,0,0,0,0,6,N,0,,0,0,0,0,0,0
'8991001780232,'8991001780232,TWISTER CHOCOLATE,NULL,NULL,5994,5994,11000,39.24051,N,N,0,0,0,14,18,N,0,,0,0,0,0,0,0
'8991001780225,'8991001780225,TWISTER BLACK,NULL,NULL,5994,5994,7000,29.62963,N,N,0,0,0,12,15,N,0,,0,0,0,0,0,0
'8991001780126,'8991001780126,SELAMAT COKLAT MINI,NULL,NULL,4300,4300,6000,66.66667,N,N,0,0,0,6,25,N,0,,0,0,0,0,0,0
'8991001781420,'8991001781420,SELAMAT DOUBLE COKLAT MINI,NULL,NULL,4300,4300,6000,66.66667,N,N,0,0,0,6,15,N,0,,0,0,0,0,0,0
'8997028440029,'8997028440029,KRATINDENG CAN,NULL,NULL,0,0,12000,0,N,N,0,0,0,0,7,N,0,,0,0,0,0,0,0
'BUKU,'BUKU,BUKU,NULL,NULL,3500,3500,7000,100,N,N,0,0,0,30,54,N,0,,0,0,0,0,0,0
'8996001318911,'8996001318911,BETTER ISI 4,NULL,NULL,1800,1800,3000,66.66667,N,N,0,0,0,60,114,N,0,,0,0,0,0,0,0
'8999909001909,'8999909001909,MAGNUM FILTER,NULL,NULL,15000,15000,18000,20,N,N,0,0,0,10,43,N,0,,0,0,0,0,0,0
'8996006853400,'8996006853400,FRUITEA BLACKCURRANT,NULL,NULL,4450,4450,8000,79.77528,N,N,0,0,0,24,181,N,0,,0,0,0,0,0,0
'8999999195656,'8999999195656,TEH SARIWANGI ISI 50,NULL,NULL,0,0,12000,0,N,N,0,0,0,0,1,N,0,,0,0,0,0,0,0
'48933629,'48933629,OB COMFORT,NULL,NULL,65000,65000,85000,30.76923,N,N,0,0,0,0,17,N,0,,0,0,0,0,0,0
'073010006225,'073010006225,OB TAMPOS SUPER,NULL,NULL,65000,65000,85000,30.76923,N,N,0,0,0,0,11,N,0,,0,0,0,0,0,0
'073010214095,'073010214095,TAMPAX REGULER,NULL,NULL,55000,55000,90000,63.63636,N,N,0,0,0,0,20,N,0,,0,0,0,0,0,0
'073010314092,'073010314092,TAMPAX,NULL,NULL,55000,55000,90000,63.63636,N,N,0,0,0,0,18,N,0,,0,0,0,0,0,0
'8999777010768,'8999777010768,HANSAPLAS ANTI SEPTIK,NULL,NULL,33400,33400,45000,34.73054,N,N,0,0,0,0,4,N,0,,0,0,0,0,0,0
'8992761166236,'8992761166236,FRESTEA LECI SMALL,NULL,NULL,0,1700,5000,0,N,N,0,0,0,0,73,N,0,,0,0,0,0,0,0
'8992761122539,'8992761122539,FRESTEA LECI BIG,NULL,NULL,0,3500,8000,0,N,N,0,0,0,0,69,N,0,,0,0,0,0,0,0
'8999777090579,'8999777090579,KOYO PANAS,NULL,NULL,0,0,15000,0,N,N,0,0,0,0,8,N,0,,0,0,0,0,0,0
'7622300136055,'7622300136055,OREO STRAWBERRY 123G,SRL,SEREAL,7000,7000,10000,42.85714,N,N,0,0,20,10,79,N,0,,0,0,0,0,0,0
'8992760223015,'8992760223015,OREO CHOCOLATE CREME,SNK,SNACK,7000,7000,10000,42.85714,N,N,0,0,20,0,42,N,0,,0,0,0,0,0,0
'7622300442507,'7622300442507,OREO ICE CREAM,SNK,SNACK,8000,8000,10000,33.33333,N,N,0,0,20,18,48,N,0,,0,0,0,0,0,0
'lak,'lak,LAKBAN HITEM BSR,NULL,NULL,15000,15000,18000,20,N,N,0,0,0,6,15,N,0,,0,0,0,0,0,0
'LAK B,'LAK B,LAKBAN COKLAT BSR,NULL,NULL,0,0,15000,0,N,N,0,0,0,0,31,N,0,,0,0,0,0,0,0
'ISO,'ISO,ISOLASI KCIL',NULL,NULL,0,0,8000,0,N,N,0,0,0,0,32,N,0,,0,0,0,0,0,0
'FLUG,'FLUG,FLUG MULTIPLUS,NULL,NULL,14000,14000,40000,185.71429,N,N,0,0,0,0,11,N,0,,0,0,0,0,0,0
'FLUG K,'FLUG K,FLUG KECIL,NULL,NULL,7500,7500,30000,300,N,N,0,0,0,0,33,N,0,,0,0,0,0,0,0
'8998899995397,'8998899995397,BAYGONE,NULL,NULL,0,0,35000,0,N,N,0,0,0,0,1,N,0,,0,0,0,0,0,0
'8998866601436,'8998866601436,daia,NULL,NULL,0,0,18000,0,N,N,0,0,0,0,4,N,0,,0,0,0,0,0,0
'8992856893160,'8992856893160,VITALIS UNGU,NULL,NULL,0,0,22000,0,N,N,0,0,0,0,1,N,0,,0,0,0,0,0,0
'8850007331285,'8850007331285,CAREFREE BREATHBLE,NULL,NULL,0,0,15000,0,N,N,0,0,0,0,4,N,0,,0,0,0,0,0,0
'8996001301364,'8996001301364,KELAPA CREAM,NULL,NULL,1667,1667,3000,79.96401,N,N,0,0,0,36,61,N,0,,0,0,0,0,0,0
'SIRUP,'SIRUP,SIRUP,NULL,NULL,0,0,45000,0,N,N,0,0,0,0,1,N,0,,0,0,0,0,0,0
'8999999034672,'8999999034672,CORNETTO MINI DISC,NULL,NULL,24000,24000,32000,33.33333,N,N,0,0,0,0,1,N,0,,0,0,0,0,0,0
'8999999042257,'8999999042257,WALLS NEOPOLITANA,NULL,NULL,16000,16000,25000,56.25,N,N,0,0,0,0,2,N,0,,0,0,0,0,0,0
'8993053641042,'8993053641042,PASEO BABY WIPES,NULL,NULL,0,0,15000,0,N,N,0,0,0,0,15,N,0,,0,0,0,0,0,0
'8999999059781,'8999999059781,SUNLIGHT JERUK NIPIS 210ML,NULL,NULL,4500,4500,7000,55.55556,N,N,0,0,0,56,121,N,0,,0,0,0,0,0,0
'079656649550,'079656649550,SPORT  SPF*30_90ML,NULL,NULL,159000,159000,185000,16.3522,N,N,0,0,0,3,4,N,0,,0,0,0,0,0,0
'8993189320279,'8993189320279,CHARM SAFE FLIGHT 35CM,NULL,NULL,0,0,15000,0,N,N,0,0,0,0,21,N,0,,0,0,0,0,0,0
'8997218380074,'8997218380074,ICHITAN THAI MILK TEA 310ML,NULL,NULL,7500,7500,9000,20,Y,N,0,0,0,97,162,N,0,,0,0,0,0,0,0
'8992718853530,'8992718853530,GEKIKARA RAMEN,NULL,NULL,0,0,10000,0,N,N,0,0,0,0,37,N,0,,0,0,0,0,0,0
'089686601053,'089686601053,CHEETOS PUFFS,NULL,NULL,4900,4900,8000,63.26531,N,N,0,0,0,0,34,N,0,,0,0,0,0,0,0
'011747233026,'011747233026,KACANG GARING 80GR,NULL,NULL,5700,5700,7000,22.80702,N,N,0,0,0,11,40,N,0,,0,0,0,0,0,0
'8995077601514,'8995077601514,TIC TAC SAPI PANGGANG 90G,KCK,KACANG,5500,5500,8000,45.45455,N,N,0,0,0,18,36,N,0,,0,0,0,0,0,0
'8995077603433,'8995077603433,TIC TAC MIX,NULL,NULL,5500,5500,8000,45.45455,N,N,0,0,0,11,31,N,0,,0,0,0,0,0,0
'8995077602405,'8995077602405,TIC TAC AYAM BAWANG,KCK,KACANG,5500,5500,6000,20,N,N,0,0,0,20,38,N,0,,0,0,0,0,0,0
'8995077600814,'8995077600814,TIC TAC PEDAS 90G,NULL,NULL,5500,5500,8000,45.45455,N,N,0,0,0,20,51,N,0,,0,0,0,0,0,0
'8995077602498,'8995077602498,TIC TAC RUMPUT LAUT,NULL,NULL,5500,5500,8000,45.45455,N,N,0,0,0,6,23,N,0,,0,0,0,0,0,0
'011747233033,'011747233033,KACANG GARLING 200GR,NULL,NULL,10750,10750,18000,67.44186,N,N,0,0,0,0,31,N,0,,0,0,0,0,0,0
'8995077600296,'8995077600296,KACANG DUA KELINCI BAWANG 75G,KCK,KACANG,8000,8000,12000,30.43478,N,N,0,0,0,41,45,N,0,,0,0,0,0,0,0
'8995077602696,'8995077602696,SUKRO OVEN,NULL,NULL,8100,8100,10000,55.47264,N,N,0,0,0,3,23,N,0,,0,0,0,0,0,0
'8995077602412,'8995077602412,SUKRO KRIBO,NULL,NULL,5568,5568,10000,79.5977,N,N,0,0,0,0,10,N,0,,0,0,0,0,0,0
'8995077601897,'8995077601897,SUKRO BBQ,NULL,NULL,5568,5568,8000,43.67816,N,N,0,0,0,0,30,N,0,,0,0,0,0,0,0
'079656649543,'079656649543,ULTRA PROTECT SFP 50_90ml,NULL,NULL,183000,183000,220000,20.21858,N,N,0,0,0,3,-1,N,0,,0,0,0,0,0,0
'079656603682,'079656603682,ULTRAMIST LOTION SFP50,NULL,NULL,309000,309000,325000,5.17799,N,N,0,0,9,0,7,N,0,,0,0,0,0,0,0
'079656650730,'079656650730,ULTRAMIST SPF 50,NULL,NULL,254000,254000,280000,10.23622,N,N,0,0,9,0,11,N,0,,0,0,0,0,0,0
'079656400250,'079656400250,DEEP TANNING OIL 4,NULL,NULL,118000,118000,145000,22.88136,N,N,0,0,9,0,8,N,0,,0,0,0,0,0,0
'079656400885,'079656400885,DEP TANNING OIL 8,NULL,NULL,169000,169000,190000,12.42604,N,N,0,0,0,3,6,N,0,,0,0,0,0,0,0
'80001249,'80001249,LOACKER VANILA,NULL,NULL,9091,16210,12000,31.99868,N,N,0,0,0,14,14,N,0,,8300,0,-8.70091,0,0,0
'103,'103,COFFE BANYUATIS ARABICA ORGNIC,NULL,NULL,28000,28000,40000,42.85714,N,N,0,0,0,0,0,N,0,,0,0,0,0,0,0
'102,'102,COFFE BANYUATIS LUWAK,NULL,NULL,70000,70000,95000,35.71429,N,N,0,0,0,0,5,N,0,,0,0,0,0,0,0
'105,'105,COFFE BANYUATIS TUBRUK,NULL,NULL,32000,32000,55000,71.875,N,N,0,0,0,0,5,N,0,,0,0,0,0,0,0
'101,'101,COFFE BANYUATIS LANANG,NULL,NULL,28000,28000,40000,42.85714,N,N,0,0,0,0,2,N,0,,0,0,0,0,0,0
'rotii,'rotii,ROTI 3000,NULL,NULL,2000,2000,3000,50,N,N,0,0,0,165,925,N,0,,0,0,0,0,0,0
'pem,'pem,PEMBERSIH KACA,NULL,NULL,0,0,12000,0,N,N,0,0,0,0,0,N,0,,0,0,0,0,0,0
'8999777857875,'8999777857875,NIVEA  LOTION WHITE,NULL,NULL,143300,143300,187000,30.49546,N,N,0,0,0,0,2,N,0,,0,0,0,0,0,0
'LAS,'LAS,KARTU REMI Las Vengas,NULL,NULL,5000,5000,15000,200,N,N,0,0,0,5,37,N,0,,4500,4500,-10,-10,0,0
'8999999535490,'8999999535490,FEAST WICH,NULL,NULL,6600,6600,10000,51.51515,N,N,0,0,0,0,22,N,0,,0,0,0,0,0,0
'8995077600166,'8995077600166,SUKRO ORIGINAL,NULL,NULL,0,0,8000,0,N,N,0,0,0,0,29,N,0,,0,0,0,0,0,0
'8996001326404,'8996001326404,KISS APPLE PEACH,NULL,NULL,4500,4500,10000,122.22222,N,N,0,0,0,0,4,N,0,,0,0,0,0,0,0
'8996001326275,'8996001326275,KISS GRAPE,NULL,NULL,4500,4500,10000,122.22222,N,N,0,0,0,0,8,N,0,,0,0,0,0,0,0
'8996001326220,'8996001326220,KIS CHERRY,NULL,NULL,4500,4500,10000,122.22222,N,N,0,0,0,0,7,N,0,,0,0,0,0,0,0
'8996001320051,'8996001320051,KOPOKO COFFE CANDY,NULL,NULL,8250,8250,11000,33.33333,N,N,0,0,0,2,17,N,0,,0,0,0,0,0,0
'8996001320136,'8996001320136,KOPIKO CAPUCINO CANDY,NULL,NULL,5500,5500,12000,118.18182,N,N,0,0,0,0,11,N,0,,0,0,0,0,0,0
'8996001338056,'8996001338056,TAMARIN CANDY,NULL,NULL,4500,4500,10000,122.22222,N,N,0,0,0,0,6,N,0,,0,0,0,0,0,0
'KOM,'KOM,KOMBUCHA,NULL,NULL,0,0,35000,0,N,N,0,0,0,30,21,N,0,,0,0,0,0,0,0
'8993053321326,'8993053321326,PASEO ELEGANT 50 SHEET,KRTS,NULL,15000,15000,20000,33.33333,N,N,0,0,0,0,13,N,0,,0,0,0,0,0,0
'8990800022574,'8990800022574,MENTOS RAINBOW,NULL,NULL,2400,2400,4000,66.66667,N,N,0,0,0,14,81,N,0,,0,0,0,0,0,0
'nice,'NICE,TISSUE TOILET NICE 238 SHEETS,NULL,NULL,3000,3000,7000,133.33333,N,N,0,0,0,0,11,N,0,,0,0,0,0,0,0
'8992761151157,'8992761151157,NUTRIBOOST COFFE,NULL,NULL,3900,3900,6000,53.84615,N,N,0,0,0,0,11,N,0,,0,0,0,0,0,0
'8992761151140,'8992761151140,NUTRIBOOST COKLAT,NULL,NULL,3900,3900,6000,53.84615,N,N,0,0,0,0,11,N,0,,0,0,0,0,0,0
'8993496001076,'8993496001076,MINYAK GORENG SANIA,NULL,NULL,23000,23000,28000,21.73913,N,N,0,0,0,0,4,N,0,,0,0,0,0,0,0
'8992745140955,'8992745140955,HIT LILY BLOSSOM,NULL,NULL,15500,15500,16000,0,N,N,0,0,0,9,16,N,0,,0,0,0,0,0,0
'8992745120957,'8992745120957,HIT FRESH CITRUS,NULL,NULL,25200,25200,35000,38.88889,N,N,0,0,0,0,2,N,0,,0,0,0,0,0,0
'8992745705598,'8992745705598,HIT BLOOMING,NULL,NULL,25200,25200,35000,38.88889,N,N,0,0,0,0,1,N,0,,0,0,0,0,0,0
'8992745326229,'8992745326229,STELLA GREEN FANTASY,NULL,NULL,26700,26700,40000,49.81273,N,N,0,0,0,0,2,N,0,,0,0,0,0,0,0
'8992745550310,'8992745550310,PROCLIN SAET,NULL,NULL,2000,2000,3000,50,N,N,0,0,0,0,29,N,0,,0,0,0,0,0,0
'749921011145,'749921011145,NUTRISARI JERUK,NULL,NULL,3200,3200,5000,56.25,N,N,0,0,0,0,5,N,0,,0,0,0,0,0,0
'749921030580,'749921030580,HILO COKLAT TARO,NULL,NULL,4900,4900,7000,42.85714,N,N,0,0,0,0,11,N,0,,0,0,0,0,0,0
'8993053211672,'8993053211672,PASEO TOILET 510 SHEETS,TS,NULL,7000,7000,15000,114.28571,N,N,0,0,10,0,18,N,0,,0,0,0,0,0,0
'8997206581322,'8997206581322,STRONGBOW GOLDEN APPLE,BTL,MINUMAN,20200,20200,28000,38.61386,N,N,0,0,12,0,9,N,0,,0,0,0,0,0,0
'8997206580721,'8997206580721,HEINEKEN,NULL,NULL,0,0,45000,0,N,N,0,0,0,0,30,N,0,,0,0,0,0,0,0
'tts,'tts,TISU TESSA 2000,TS,NULL,0,0,2000,0,N,N,0,0,0,0,19,N,0,,0,0,0,0,0,0
'8997225200051,'8997225200051,GREEN SANDS,NULL,NULL,5500,5500,8000,45.45455,N,N,0,0,0,20,63,N,0,,4844.23,4844.23,-11.92307,-11.92307,0,0
'8998866202435,'8998866202435,JAPOTA JAPAN SEAWEED,NULL,NULL,5000,5000,7000,40,N,N,0,0,6,0,3,N,0,,0,0,0,0,0,0
'8993004785139,'8993004785139,RING,NULL,NULL,875,875,1500,71.42857,N,N,0,0,0,0,18,N,0,,875,875,0,0,0,0
'8998009040313,'8998009040313,TEH KOTAK LEMON,NULL,NULL,2600,2600,5000,66.66667,N,N,0,0,0,11,121,N,0,,2729,2729,-9.03333,-9.03333,0,0
'8998009040306,'8998009040306,TEH KOTAK APLE,NULL,NULL,2600,2600,5000,66.66667,N,N,0,0,0,14,175,N,0,,2729,0,-9.03333,0,0,0
'8999999006204,'8999999006204,WIPOL 800ML,NULL,NULL,0,0,30000,0,N,N,0,0,0,0,4,N,0,,0,0,0,0,0,0
'8991102380706,'8991102380706,FULLO CHOCOLATE,NULL,NULL,437,437,500,14.41648,N,N,0,0,0,0,13,N,0,,366,366,0,0,0,0
'8991102381017,'8991102381017,FULLO,NULL,NULL,366,366,500,36.61202,N,N,0,0,0,0,19,N,0,,0,0,0,0,0,0
'8991102308892,'8991102308892,BLASTO,NULL,NULL,750,750,1500,100,N,N,0,0,0,32,39,N,0,,750,0,0,0,0,0
'8991102987738,'8991102987738,TANGO STRAWBERY,NULL,NULL,1800,1800,2500,38.88889,N,N,0,0,0,10,56,N,0,,1400,1400,-22.22222,-22.22222,0,0
'8991102989282,'8991102989282,TANGO BUBLEGUM,NULL,NULL,1400,1400,2500,78.57143,N,N,0,0,0,0,18,N,0,,1400,0,0,0,0,0
'8991102387286,'8991102387286,TANGO CHOCOLATE 47G,NULL,NULL,1850,1850,3000,62.16216,N,N,0,0,0,11,52,N,0,,1400,0,-24.32432,0,0,0
'8991102987394,'8991102987394,TANGO CHEESE,NULL,NULL,1400,1400,2500,78.57143,N,N,0,0,0,0,15,N,0,,1400,0,0,0,0,0
'8991102387262,'8991102387262,TANGO VANILA 47G,NULL,NULL,1850,1850,3000,62.16216,N,N,0,0,0,26,57,N,0,,1400,0,-24.32432,0,0,0
'8994834000454,'8994834000454,ME SOBA,NULL,NULL,450,450,500,11.11111,N,N,0,0,0,20,8,N,0,,0,0,0,0,0,0
'8992745320074,'8992745320074,STELLA FANTASY BOUNGENVILLE,PH,NULL,9300,9300,13000,39.78495,N,N,0,0,0,0,2,N,0,,0,0,0,0,0,0
'8992745320135,'8992745320135,STELLA TROPIC SENSATION,PH,NULL,9300,9300,13000,39.78495,N,N,0,0,0,0,0,N,0,,0,0,0,0,0,0
'8992745325437,'8992745325437,STELLA ORANGE REFILL MATIC,PH,NULL,0,0,35000,0,N,N,0,0,0,0,2,N,0,,0,0,0,0,0,0
'8992745325420,'8992745325420,STELLA LEMON REFILLL MATIC,PH,NULL,0,0,35000,0,N,N,0,0,0,0,3,N,0,,0,0,0,0,0,0
'8992745325550,'8992745325550,STELLA WILD REFILL MATIC,PH,NULL,0,0,35000,0,N,N,0,0,0,0,2,N,0,,0,0,0,0,0,0
'8992745320067,'89927453200670,STELLA APPLE FIESTA,PH,NULL,0,0,15000,0,N,N,0,0,0,0,0,N,0,,0,0,0,0,0,0
'8992745320685,'8992745320685,STELLA LIME CARNIVAL,PH,NULL,0,0,15000,0,N,N,0,0,0,0,0,N,0,,0,0,0,0,0,0
'8997206580714,'8997206580714,HEINEKEN 330ml,AIR,AIR,24000,24000,30000,25,N,N,0,0,0,0,-3,N,0,,0,0,0,0,0,0
'8850291110900,'8850291110900,SUNFLOWER,SBN,NULL,10250,10250,15000,46.34146,N,N,0,0,0,0,32,N,0,,12000,12000,0,0,0,0
'7499221163183,'7499221163183,YOGURUTO ORIGINAL 200ML,BTL,MINUMAN,0,0,10000,0,N,N,0,0,0,0,4,N,0,,0,0,0,0,0,0
'7499221123132,'7499221123132,YOGURUTO STRAWBERRY 200ML,BTL,MINUMAN,0,0,10000,0,N,N,0,0,0,0,5,N,0,,0,0,0,0,0,0
'7499221133155,'7499221133155,YOGURUTO BLACKCURRANT 200ML,BTL,MINUMAN,0,0,10000,0,N,N,0,0,0,0,4,N,0,,0,0,0,0,0,0
'7499221133162,'7499221133162,YOGURUTO PEACH 200ML,BTL,MINUMAN,0,0,10000,0,N,N,0,0,0,0,5,N,0,,0,0,0,0,0,0
'8996001440353,'8996001440353,NERGEN JAHE,NULL,NULL,0,0,2000,0,N,N,0,0,0,0,6,N,0,,0,0,0,0,0,0
'8996001440049,'8996001440049,ENERGEN COKLAT,NULL,NULL,0,0,2000,0,N,N,0,0,0,0,41,N,0,,0,0,0,0,0,0
'8998898101409,'8998898101409,TOLAK ANGIN,NULL,NULL,3500,3500,5000,42.85714,N,N,0,0,0,84,382,N,0,,3000,0,-14.28571,0,0,0
'8992745540717,'8992745540717,MITU BABY BLUE 20 SHEETS,POP,NULL,0,0,10000,0,N,N,0,0,0,3,11,N,0,,0,0,0,0,0,0
'8997212800028,'8997212800028,YUZU GREEN TEA,NULL,NULL,4000,4000,8000,100,N,N,0,0,0,0,7,N,0,,4000,4000,0,0,0,0
'8997212800011,'8997212800011,YUZU TEA,NULL,NULL,4000,4000,8000,100,N,N,0,0,0,0,7,N,0,,4000,4000,0,0,0,0
'8997212800035,'8997212800035,YUZU ISOTONIK,NULL,NULL,3500,3500,7000,100,N,N,0,0,0,0,7,N,0,,3500,0,0,0,0,0
'8992752112310,'8992752112310,MIZONE STAR FRUIT 500ML,NULL,NULL,3250,3250,6000,84.61538,N,N,0,0,0,0,84,N,0,,0,0,0,0,0,0
'8998866202404,'8998866202404,MIE SEDAP CUP SELECTION,MIE,MIE,5000,5000,7000,40,N,N,12,0,0,20,83,N,0,,0,0,0,0,0,0
'8888166321106,'8888166321106,SALTCHEESE 200G,MKN,NULL,10000,10000,13000,30,N,N,0,0,10,0,1,N,0,,0,0,0,0,0,0
'8992919856026,'8992919856026,SUGUS JERUK 30GR,P,PERMEN,3000,3000,5000,66.66667,N,N,0,0,24,0,13,N,0,,0,0,0,0,0,0
'8992919856019,'8992919856019,SUGUS BLACKCURANT 30GR,P,PERMEN,3000,3000,5000,66.66667,N,N,0,0,24,0,27,N,0,,0,0,0,0,0,0
'8992919856033,'8992919856033,SUGUS STRAWBERRY 30GR,P,PERMEN,3000,3000,5000,66.66667,N,N,0,0,24,0,19,N,0,,0,0,0,0,0,0
'8997035563476,'8997035563476,SOYJOY ANGGUR,NULL,NULL,6500,6500,12000,84.61538,N,N,0,0,0,0,18,N,0,,6500,6500,0,0,0,0
'8997035601192,'8997035601192,SOYJOY CRISPY,NULL,NULL,6500,6500,12000,84.61538,N,N,0,0,0,0,12,N,0,,6500,0,0,0,0,0
'8997025060060,'8997025060060,BIG COLA ORANGE,NULL,NULL,3500,3500,5000,42.85714,N,N,0,0,0,0,19,N,0,,3500,0,0,0,0,0
'8999999548605,'8999999548605,CORNETTO BLACK,NULL,NULL,10000,10000,15000,50,N,N,0,0,0,0,20,N,0,,10000,0,0,0,0,0
'8999898962533,'8999898962533,MILK DIAMOND,NULL,NULL,0,0,28000,0,N,N,0,0,0,0,8,N,0,,0,0,0,0,0,0
'6920001800000,'6920001800000,GUNTING BESAR,NULL,NULL,9167,3752,15000,63.63041,N,N,0,0,0,12,11,N,0,,10250,10250,11.81412,11.81412,0,0
'6920001650001,'6920001650001,GUNTING SEDANG,NULL,NULL,5909,6201.14,10000,81.81818,N,N,0,0,0,22,22,N,0,,7750,0,40.90909,0,0,0
'6920001450007,'6920001450007,GUNTING KECIL,NULL,NULL,4750,4750,10000,110.52632,N,N,0,0,0,0,16,N,0,,4750,0,0,0,0,0
'089686017199,'089686017199,SARIMI KALDU AYAM,NULL,NULL,0,0,3000,0,N,N,0,0,0,0,6,N,0,,0,0,0,0,0,0
'8888826016243,'8888826016243,GILLETTE DAISY,NULL,NULL,19525,19525,25000,28.04097,N,N,0,0,0,0,11,N,0,,19525,19525,0,0,0,0
'4902430400862,'4902430400862,PANTANE CONDITIONER,NULL,NULL,0,0,18000,0,N,N,0,0,0,0,8,N,0,,0,0,0,0,0,0
'4902430400640,'4902430400640,PANTENE HALUS & LEMBUT 75ML,NULL,NULL,12500,12500,18000,44,N,N,0,0,0,0,9,N,0,,0,0,0,0,0,0
'8998899004211,'8998899004211,AUTAN WANGI BUNGA,NULL,NULL,7900,7900,15000,89.87342,N,N,0,0,0,0,12,N,0,,25000,25000,0,0,0,0
'4902430433082,'4902430433082,HEAD & SHOULDERS ANTI HAIRFALL,SMP,NULL,12500,12500,18000,44,N,N,0,0,0,0,5,N,0,,12500,12500,0,0,0,0
'4902430414296,'4902430414296,HEAD & SHOULDER MENTHOL DINGIN,SMP,NULL,12500,12500,18000,44,N,N,0,0,0,0,3,N,0,,12500,0,0,0,0,0
'4902430163866,'4902430163866,HERBAL ESSENCES,NULL,NULL,23000,23000,30000,30.43478,N,N,0,0,0,0,3,N,0,,23000,0,0,0,0,0
'4902430219976,'4902430219976,HERBAL CONDITIONER,NULL,NULL,23000,23000,30000,30.43478,N,N,0,0,0,0,1,N,0,,23000,0,0,0,0,0
'4902430268318,'4902430268318,HERBAL SMOOTH,NULL,NULL,23000,2300,30000,30.43478,N,N,0,0,0,0,3,N,0,,0,0,0,0,0,0
'4902430429375,'4902430429375,REJOISE KETOMBE,NULL,NULL,22000,22000,30000,36.36364,N,N,0,0,0,3,2,N,0,,0,0,0,0,0,0
'4902430163910,'4902430163910,HERBAL DAMAGED,NULL,NULL,23000,23000,30000,30.43478,N,N,0,0,0,0,3,N,0,,23000,0,0,0,0,0
'8998899004297,'8998899004297,AUTAN LOTION,NULL,NULL,7900,7900,15000,89.87342,N,N,0,0,0,0,9,N,0,,0,0,0,0,0,0
'4987176018083,'4987176018083,VICK IN HALER,NULL,NULL,15000,15000,20000,33.33333,N,N,0,0,0,0,5,N,0,,15000,0,0,0,0,0
'8992931006232,'8992931006232,TISU TESSA SMALL,NULL,NULL,0,0,3000,0,N,N,0,0,0,0,42,N,0,,0,0,0,0,0,0
'079656649567,'079656649567,SPORT SPF 50_90ML,SBN,NULL,193000,193000,220000,13.98964,N,N,0,0,0,6,4,N,0,,136000,0,-18.31832,0,0,0
'089686017700,'089686017700,SARIMI,NULL,NULL,0,0,3000,0,N,N,0,0,0,0,126,N,0,,0,0,0,0,0,0
'8991926101068,'8991926101068,FORTE FRESH MENTHOL 20,NULL,NULL,24000,24000,26000,8.33333,N,N,0,0,0,2,2,N,0,,0,0,0,0,0,0
'8886001100855,'8886001100855,PERMEN KIS BARLEY,NULL,NULL,4500,4500,8000,77.77778,N,N,0,0,0,0,12,N,0,,4500,4500,0,0,0,0
'8996001356364,'8996001356364,ASTOR,NULL,NULL,5000,5000,6000,50,N,N,0,0,0,4,11,N,0,,0,0,0,0,0,0
'8996001356340,'8996001356340,ASTOR,MIE,MIE,4000,4000,6000,50,N,N,0,0,0,0,8,N,0,,0,0,0,0,0,0
'8999999195670,'8999999195670,SARI WANGI 100,NULL,NULL,19000,19000,25000,31.57895,N,N,0,0,0,0,10,N,0,,19000,0,0,0,0,0
'8991002304017,'8991002304017,RELAXA,NULL,NULL,5000,5000,8000,60,N,N,0,0,0,2,6,N,0,,0,0,0,0,0,0
'8999999540333,'8999999540333,SARI WANGI SASET,NULL,NULL,875,875,2000,128.57143,N,N,0,0,0,12,47,N,0,,875,0,0,0,0,0
'8999898963400,'8999898963400,JUNGLE JUICE  STRAWBERRY 1L,BTL,MINUMAN,0,0,30000,0,N,N,0,0,0,0,2,N,0,,0,0,0,0,0,0
'8999898440031,'8999898440031,JUNGLE JUICE GUAVA 1L,BTL,MINUMAN,0,0,30000,0,N,N,0,0,0,0,3,N,0,,0,0,0,0,0,0
'211,'211,GALON KOSONG,NULL,NULL,0,0,50000,0,N,N,0,0,0,0,23,N,0,,0,0,0,0,0,0
'2111,'2111,ROTI 1500,NULL,NULL,1000,1000,1500,50,N,N,0,0,0,662,695,N,0,,0,0,0,0,0,0
'8992841222029,'8992841222029,kopi setia bali,NULL,NULL,13500,13500,18000,33.33333,N,N,0,0,0,11,48,N,0,,13250,13250,-1.85185,-1.85185,0,0
'8995177101266,'8995177101266,GULAKU,NULL,NULL,3000,3000,7000,133.33333,N,N,0,0,0,0,14,N,0,,0,0,0,0,0,0
'8990800021850,'8990800021850,MENTOS STRAWBERY,NULL,NULL,1166,1166,4000,243.05317,N,N,0,0,0,0,21,N,0,,1166,0,0,0,0,0
'8990800021874,'8990800021874,MENTOS ANGGUR,NULL,NULL,1166,1166,4000,243.05317,N,N,0,0,0,0,48,N,0,,1166,0,0,0,0,0
'089686400816,'089686400816,INDOFOOD SAMBAL EKSTRA PEDAS,SBL,NULL,5500,5500,8000,45.45455,N,N,0,0,0,8,13,N,0,,0,0,0,0,0,0
'555,'5550,NASA,NULL,NULL,2083,2083,8000,284.06145,N,N,0,0,0,0,4,N,0,,2083,0,0,0,0,0
'108,'108,ROBUSTA COFF LUWAK 100G,NULL,NULL,0,0,150000,0,N,N,0,0,0,0,0,N,0,,0,0,0,0,0,0
'8994705031372,'8994705031372,KATER,NULL,NULL,0,0,20000,0,N,N,0,0,0,0,2,N,0,,0,0,0,0,0,0
'4801010560500,'4801010560500,JONSON BABY SOAP,NULL,NULL,0,0,10000,0,N,N,0,0,0,0,5,N,0,,0,0,0,0,0,0
'6921434400041,'6921434400041,FEMINIE COMPORT,NULL,NULL,32000,32000,38000,18.75,N,N,0,0,0,7,9,N,0,,0,0,0,0,0,0
'6921434400065,'6921434400065,FEMINIE COMFORT,NULL,NULL,25000,25000,35000,40,N,N,0,0,0,0,7,N,0,,0,0,0,0,0,0
'8999999042608,'8999999042608,rinso cair,NULL,NULL,0,0,20000,0,N,N,0,0,0,0,15,N,0,,0,0,0,0,0,0
'8991102385053,'8991102385053,WAFFLE CRANCHOX 7GR,NULL,NULL,400,400,1000,150,N,N,0,0,0,0,46,N,0,,0,0,0,0,0,0
'8991102386586,'8991102386586,WAFFALE CRANCHOX 35GR,NULL,NULL,1500,1500,2500,66.66667,N,N,0,0,0,0,28,N,0,,0,0,0,0,0,0
'8991102750806,'8991102750806,WHITE CHEESE,NULL,NULL,1500,1500,3000,100,N,N,0,0,0,0,8,N,0,,0,0,0,0,0,0
'8991102381215,'8991102381215,FULLO STRO,NULL,NULL,400,400,1000,150,N,N,0,0,0,0,11,N,0,,0,0,0,0,0,0
'8991102381000,'8991102381000,FULLO VANILLA,NULL,NULL,400,400,1000,150,N,N,0,0,0,0,16,N,0,,0,0,0,0,0,0
'8851932439336,'8851932439336,WALL'S FEAST POP VNL & CRM,NULL,NULL,8000,8000,11000,37.5,N,N,0,0,0,12,6,N,0,,0,0,0,0,0,0
'8992745705659,'8992745705659,STELLA GANTUNG,NULL,NULL,7300,7300,12000,64.38356,N,N,0,0,0,0,0,N,0,,0,0,0,0,0,0
'8996006856715,'8996006856715,TEBS MIX FRUIT 500ML,NULL,NULL,7000,7000,8000,37.93103,N,N,0,0,0,92,320,N,0,,0,0,0,0,0,0
'4005808694822,'4005808694822,NIVEA MEN DRK SHINI FOAM,NULL,NULL,24310,24310,35000,43.97367,N,N,0,0,0,0,4,N,0,,0,0,0,0,0,0
'8997210140096,'8997210140096,gilbeys,MIE,MIE,0,0,340000,0,N,N,0,0,0,0,1,N,0,,0,0,0,0,0,0
'113,'113,FAMOUS,NULL,NULL,0,0,35000,0,N,N,0,0,0,0,2,N,0,,0,0,0,0,0,0
'BERAS,'BERAS,BERAS RATU,NULL,NULL,54000,54000,65000,20.37037,N,N,0,0,0,0,7,N,0,,54000,0,0,0,0,0
'double,'double,DOUBLE TIP BESAR,NULL,NULL,0,0,10000,0,N,N,0,0,0,0,2,N,0,,0,0,0,0,0,0
'114,'114,DOUBLE TIP KCIL,NULL,NULL,0,0,7000,0,N,N,0,0,0,0,0,N,0,,0,0,0,0,0,0
'4902430401142,'4902430401142,PANTENE HAIR FALL CONTROL 70ML,SMP,NULL,16000,16000,18000,44,N,N,0,0,0,5,15,N,0,,0,0,0,0,0,0
'4902430401173,'4902430401173,PANTENE ANTI KETOMBE 70ML,SMP,NULL,16000,16000,18000,47.54098,N,N,0,0,0,3,10,N,0,,0,0,0,0,0,0
'8992931005220,'89929310052200,TESSA,NULL,NULL,0,0,20000,0,N,N,0,0,0,0,6,N,0,,0,0,0,0,0,0
'4902430399531,'4902430399531,PANTENE HALUS & LEMBUT 70ML,SMP,NULL,16000,16000,18000,47.54098,N,N,0,0,0,5,9,N,0,,0,0,0,0,0,0
'4902430429399,'4902430429399,REJOICE ANTI DANDRUFF 70ML,SMP,NULL,12200,12200,18000,47.54098,N,N,0,0,0,0,4,N,0,,0,0,0,0,0,0
'8888826016175,'8888826016175,GILLETE VECTOR,NULL,NULL,19525,19525,26000,33.16261,N,N,0,0,0,6,6,N,0,,0,0,0,0,0,0
'8992745140689,'8992745140689,HIT GOOD KNIGHT FRESH,NULL,NULL,19500,19500,25000,28.20513,N,N,0,0,0,7,7,N,0,,0,0,0,0,0,0
'8992752112006,'8992752112006,MIZONE MINI 350,NULL,NULL,2500,2500,5000,100,N,N,0,0,0,0,35,N,0,,0,0,0,0,0,0
'8998866605144,'8998866605144,CLING LEMON FRESH,NULL,NULL,3750,3750,7000,86.66667,N,N,0,0,5,0,4,N,0,,0,0,0,0,0,0
'8999999047221,'8999999047221,RINSO,NULL,NULL,833,833,2000,0,N,N,0,0,0,18,239,N,0,,0,0,0,0,0,0
'8996001600221,'8996001600221,KOPIKO COFFEE LATTE,NULL,NULL,5300,5300,7000,32.07547,N,N,0,0,0,7,40,N,0,,0,0,0,0,0,0
'8996196000950,'8996196000950,PIATTOS SAPI PANGGANG 75G,C,CEMILAN,7300,7300,10000,36.9863,N,N,0,0,0,15,12,N,0,,0,0,0,0,0,0
'8992695724069,'8992695724069,SENSODYNE GENTLE WHITENING,NULL,NULL,27888,27888,38000,36.25932,N,N,0,0,0,0,10,N,0,,0,0,0,0,0,0
'8992695705266,'8992695705266,SENSODYNE FRESH MINT,NULL,NULL,14587,14587,23000,57.67464,N,N,0,0,0,0,11,N,0,,0,0,0,0,0,0
'8992695725264,'8992695725264,SENSODYNE GENTLE WHITENING KCI,NULL,NULL,14587,14587,23000,57.67464,N,N,0,0,0,0,10,N,0,,0,0,0,0,0,0
'8992695120205,'8992695120205,PANADOL FLU BATUK,NULL,NULL,10508,10508,15000,42.74838,N,N,0,0,0,0,8,N,0,,0,0,0,0,0,0
'8992709687281,'8992709687281,MR.P KACANG ATOM PEDAS,NULL,NULL,7613,7613,12000,57.62511,N,N,0,0,0,0,18,N,0,,0,0,0,0,0,0
'8998989300155,'8998989300155,GUDANG GARAM HITAM,NULL,NULL,14900,14900,18000,20.80537,N,N,0,0,0,0,6,N,0,,0,0,0,0,0,0
'0502201701,'0502201701,PURI BALI COFFE 200GR,NULL,NULL,20000,20000,60000,200,N,N,0,0,0,0,2,N,0,,0,0,0,0,0,0
'0100,'0100,KACANG METE KECIL,NULL,NULL,5000,5000,7000,40,N,N,0,0,0,0,93,N,0,,0,0,0,0,0,0
'kcm,'kcm,Kacang Mattew,KCK,KACANG,0,0,7000,0,N,N,0,0,0,0,55,N,0,,0,0,0,0,0,0
'8998866604932,'8998866604932,DAIA LEMON,NULL,NULL,0,0,20000,0,N,N,0,0,0,0,7,N,0,,0,0,0,0,0,0
'8991906101767,'8991906101767,76,NULL,NULL,9400,9400,12000,27.65957,N,N,0,0,0,0,8,N,0,,9400,9400,0,0,0,0
'8991912101041,'8991912101041,ZIGA,NULL,NULL,8500,8500,11000,29.41176,N,N,0,0,0,0,1,N,0,,8500,8500,0,0,0,0
'8991102213189,'8991102213189,BLASTER,NULL,NULL,4136,4136,7000,69.24565,N,N,0,0,0,0,2,N,0,,4136,0,0,0,0,0
'8991102230308,'8991102230308,BLASTER,NULL,NULL,4136,4136,7000,69.24565,N,N,0,0,0,0,2,N,0,,4136,0,0,0,0,0
'8991102987639,'8991102987639,TANGO VANILA,NULL,NULL,4750,4771.43,7000,47.36842,N,N,0,0,0,20,19,N,0,,3773,3773,-20.56842,-20.56842,0,0
'8991102384841,'8991102384841,TANGO COKLAT,NULL,NULL,4900,4900,7500,50,N,N,0,0,0,13,16,N,0,,3773,0,-24.54,0,0,0
'8990800022543,'8990800022543,MENTOS MINI,NULL,NULL,2357,2357,5000,112.13407,N,N,0,0,0,14,134,N,0,,0,0,0,0,0,0
'8992759114348,'8992759114348,TISU NICE 20 0 SHEETS,TS,NULL,0,0,15000,0,N,N,0,0,0,0,6,N,0,,0,0,0,0,0,0
'9300647000922,'9300647000922,ORAL-B GUM CARE 100ML,NULL,NULL,32525,32525,45000,38.35511,N,N,0,0,0,6,3,N,0,,0,0,0,0,0,0
'089686598865,'089686598865,CHITATO PARTY PACK,NULL,NULL,17600,17600,25000,42.04545,N,N,0,0,0,0,5,N,0,,0,0,0,0,0,0
'8994755030479,'8994755030479,GOOD TIME RAINBOW 72G,NULL,NULL,7500,7500,10000,33.33333,N,N,0,0,0,13,23,N,0,,0,0,0,0,0,0
'8994755030240,'8994755030240,GOOD TIME COFFE,NULL,NULL,7500,7500,10000,33.33333,N,N,0,0,0,13,13,N,0,,0,0,0,0,0,0
'8994755030677,'8994755030677,GOOD TIME MILKY VANILLA,NULL,NULL,8000,8000,12000,50,N,N,0,0,0,0,3,N,0,,0,0,0,0,0,0
'8886015203115,'8886015203115,GOOD TIME DOUBLE CHOC,NULL,NULL,7000,7000,10000,42.85714,N,N,0,0,0,18,34,N,0,,0,0,0,0,0,0
'8999909000988,'8999909000988,SAMPOERNA KRETEK,NULL,NULL,14500,14500,17000,17.24138,N,N,0,0,0,113,156,N,0,,0,0,0,0,0,0
'8851932393836,'8851932393836,ES KRIM CORN,NULL,NULL,10909,10909,15000,37.50115,N,N,0,0,0,0,2,N,0,,0,0,0,0,0,0
'8851932393850,'8851932393850,ES KRIM DURIAN,NULL,NULL,13000,13000,18000,38.46154,N,N,0,0,0,0,0,N,0,,0,0,0,0,0,0
'8998866602549,'8998866602549,NUVO,NULL,NULL,3000,3000,5000,66.66667,N,N,0,0,0,0,21,N,0,,0,0,0,0,0,0
'8998103000534,'8998103000534,COSSONS BABY SOFT&SMOOTH,NULL,NULL,3000,3000,5000,66.66667,N,N,0,0,0,0,28,N,0,,0,0,0,0,0,0
'8998866888622,'8998866888622,GIV,NULL,NULL,3000,3000,5000,66.66667,N,N,0,0,0,0,10,N,0,,0,0,0,0,0,0
'8993027164034,'8993027164034,HAPYTOS,NULL,NULL,11000,11000,15000,36.36364,N,N,0,0,0,4,26,N,0,,0,0,0,0,0,0
'8998899995519,'8998899995519,baygon Liquid Elektrik alat,OBT,OBAT NYAMUK,32000,32000,40000,25,N,N,0,0,0,0,2,N,0,,0,0,0,0,0,0
'8997035601017,'8997035601017,ION WATER,NULL,NULL,5500,5500,7000,20.68966,N,N,0,0,0,14,26,N,0,,0,0,0,0,0,0
'8991002103832,'8991002103832,GOOD DAY COKLAT,NULL,NULL,1200,1200,2000,66.66667,N,N,0,0,0,20,80,N,0,,0,0,0,0,0,0
'8991002103931,'8991002103931,GOOD DAY NUT,NULL,NULL,1200,1200,2000,66.66667,N,N,0,0,0,20,47,N,0,,0,0,0,0,0,0
'8999999036867,'8999999036867,LUX MAGICAL SPELL,NULL,NULL,0,0,25000,0,N,N,0,0,3,0,2,N,0,,0,0,0,0,0,0
'8999999036829,'8999999036829,LUX SOFT ROSE,NULL,NULL,0,0,25000,0,N,N,0,0,4,0,1,N,0,,0,0,0,0,0,0
'JAS,'JAS,JAS HUJAN PLASTIK,JAS,NULL,9000,9000,15000,66.66667,N,N,0,0,40,36,92,N,0,,0,0,0,0,0,0
'0SAFAS,'0ASFADFA,SMIRNOFF VODKA,NULL,NULL,0,0,350000,0,N,N,0,0,0,0,9,N,0,,0,0,0,0,0,0
'8998866201841,'8998866201841,GOLDA DOLCE LATTE,BTL,MINUMAN,2750,2750,5000,81.81818,N,N,0,0,10,40,159,N,0,,0,0,0,0,0,0
'8886022962166,'8886022962166,AROMA TERAPI,NULL,NULL,15000,15833.33,20000,60,N,N,0,0,0,4,1,N,0,,12500,0,0,0,0,0
'8886022862022,'8886022862022,MINYAK ANGIN,NULL,NULL,15000,17500,20000,60,N,N,0,0,0,4,2,N,0,,12500,0,0,0,0,0
'8998838060032,'8998838060032,CUTTER A-300,NULL,NULL,10000,10000,15000,50,N,N,0,0,0,0,15,N,0,,0,0,0,0,0,0
'4005808432394,'4005808432394,NIVEA PROTECT & BRONZE,NULL,NULL,0,0,190000,0,N,N,0,0,0,0,4,N,0,,0,0,0,0,0,0
'6957029422037,'6957029422037,FANOS,NULL,NULL,10000,10000,20000,100,N,N,0,0,0,0,2,N,0,,0,0,0,0,0,0
'8992775110140,'8992775110140,KACANG GARUDA 155G,KCK,KACANG,10600,10600,14000,27.27273,N,N,0,0,0,12,27,N,0,,0,0,0,0,0,0
'8992775210222,'8992775210222,KACANG ATOM GARUDA,NULL,NULL,8000,8000,10000,25,N,N,0,0,0,3,22,N,0,,0,0,0,0,0,0
'8996001600498,'8996001600498,PUCUK HARUM,NULL,NULL,2300,2300,4000,73.91304,N,N,0,0,0,24,12,N,0,,2300,2300,0,0,0,0
'8999999516802,'8999999516802,CORNETTO BLACK&WHITE MINI,ES,ESKRIM,4364,4364,7000,60.4033,N,N,0,0,0,12,76,N,0,,0,0,0,0,0,0
'749921006868,'749921006868,HILO TEEN,NULL,NULL,5000,5000,7000,40,N,N,0,0,0,0,4,N,0,,5000,0,0,0,0,0
'749921030450,'749921030450,HILO BANANA,NULL,NULL,5800,5800,7000,20.68966,N,N,0,0,0,0,2,N,0,,5800,0,0,0,0,0
'749921030405,'749921030405,HILO SCOOL,NULL,NULL,5000,5000,7000,40,N,N,0,0,0,0,6,N,0,,5000,0,0,0,0,0
'749921030016,'749921030016,HILO SCHOOL VANILA,NULL,NULL,5000,5000,7000,40,N,N,0,0,0,0,5,N,0,,5000,0,0,0,0,0
'8991102770477,'8991102770477,CHIZMILL,NULL,NULL,1454,1454,2000,37.55158,N,N,0,0,0,0,42,N,0,,0,0,0,0,0,0
'11844110113,'11844110113,KECAP MANIS,NULL,NULL,6500,6500,8000,23.07692,N,N,0,0,0,8,9,N,0,,0,0,0,0,0,0
'RBR001,'RBR001,BRAWIJAYA S HITAM,NULL,NULL,0,0,75000,0,N,N,0,0,0,0,0,N,0,,0,0,0,0,0,0
'RAR001,'RAR001,AIRLANGGA S KUNING,NULL,NULL,0,0,75000,0,N,N,0,0,0,0,2,N,0,,0,0,0,0,0,0
'GCB001,'GCB001,BRAWIJAYA PANJANG HITAM,NULL,NULL,0,0,80000,0,N,N,0,0,0,0,2,N,0,,0,0,0,0,0,0
'GCA001,'GCA001,AIRLANGGA PJNG KUNING,NULL,NULL,0,0,80000,0,N,N,0,0,0,0,0,N,0,,0,0,0,0,0,0
'8997777070232,'8997777070232,DOUBLE TIP BIG SIZE,NULL,NULL,0,0,20000,0,N,N,0,0,0,0,3,N,0,,0,0,0,0,0,0
'8992727000048,'8992727000048,LAURIER ACTIVE DAY,NULL,NULL,4000,4500,7000,75,N,N,0,0,0,14,15,N,0,,0,0,0,0,0,0
'9556156033597,'9556156033597,YEOS LYCHEE DRINK,NULL,NULL,0,0,8000,0,N,N,0,0,0,0,83,N,0,,0,0,0,0,0,0
'8991002122000,'8991002122000,ABC EXO CHOCOMALT 230ML,BTL,MINUMAN,4250,4250,6000,41.17647,N,N,0,0,0,12,21,N,0,,0,0,0,0,0,0
'8994231100511,'8994231100511,KOPI BANYUATIS 100GR,NULL,NULL,16000,16000,50000,212.5,N,N,0,0,0,0,1,N,0,,0,0,0,0,0,0
'8999999047207,'8999999047207,PADDLE POP RAINBOW,NULL,NULL,2546,2546,5000,96.38649,N,N,0,0,12,72,63,N,0,,0,0,0,0,0,0
'8998989300230,'8998989300230,GUDANG GARAM SIGNATURE,NULL,NULL,15800,15800,20000,26.58228,N,N,0,0,0,0,7,N,0,,0,0,0,0,0,0
'8992222054966,'8992222054966,POMADE,NULL,NULL,15000,15000,20000,33.33333,N,N,0,0,0,0,9,N,0,,0,0,0,0,0,0
'8992222050418,'8992222050418,GATSBY TREATMENT,NULL,NULL,4000,4000,12000,200,N,N,0,0,0,0,5,N,0,,0,0,0,0,0,0
'8995077605482,'8995077605482,SUKRO JAGUNG BAKAR,NULL,NULL,6600,6600,12000,81.81818,N,N,0,0,0,0,14,N,0,,0,0,0,0,0,0
'8992946521416,'8992946521416,SINZUI MYORI,NULL,NULL,4300,4300,6000,39.53488,N,N,0,0,0,10,13,N,0,,3500,0,-18.60465,0,0,0
'8992946511790,'8992946511790,SINZUI MATSU,NULL,NULL,3500,3500,5000,42.85714,N,N,0,0,0,0,11,N,0,,0,0,0,0,0,0
'902,'902,Jarum Needles bulat,GNTG,NULL,3000,3000,6000,100,N,N,0,0,0,0,4,N,0,,0,0,0,0,0,0
'071661120277,'071661120277,ALOE VERA GEL 56G,NULL,NULL,65000,65000,85000,30.76923,N,N,0,0,0,0,5,N,0,,0,0,0,0,0,0
'8992727004107,'8992727004107,BIORE CLEAR FRES,NULL,NULL,17500,17500,25000,42.85714,N,N,0,0,0,0,5,N,0,,17500,0,0,0,0,0
'8992727006057,'8992727006057,BIORE CHEERFUL,NULL,NULL,17500,17500,25000,42.85714,N,N,0,0,0,0,5,N,0,,0,0,0,0,0,0
'8999999500672,'8999999500672,VIXAL KECIL,NULL,NULL,4700,4700,8000,70.21277,N,N,0,0,0,0,4,N,0,,0,0,0,0,0,0
'8992727006163,'8992727006163,BIORE BRIGHT SAKURA,NULL,NULL,17500,17500,25000,42.85714,N,N,0,0,0,0,5,N,0,,17500,0,0,0,0,0
'8998899001623,'8998899001623,BAYGON BAKAR LAVENDER,BYN,NULL,4500,4500,8000,77.77778,N,N,0,0,6,0,23,N,0,,0,0,0,0,0,0
'8998899001579,'8998899001579,"BAYGON BAKAR MAX 0,015MC",BYN,NULL,4500,4500,8000,77.77778,N,N,0,0,12,0,24,N,0,,4500,0,0,0,0,0
'8996689215007,'8996689215007,TIGA RODA JUMBO,NULL,NULL,4500,4500,8000,77.77778,N,N,0,0,0,0,8,N,0,,0,0,0,0,0,0
'8999908045706,'8999908045706,MARINA NATURAL NUTRI FRESH,NULL,NULL,6500,6500,12000,84.61538,N,N,0,0,0,0,4,N,0,,0,0,0,0,0,0
'8993176110081,'8993176110081,KAYU PUTIH,NULL,NULL,12500,12500,15000,56.25,N,N,0,0,0,17,20,N,0,,0,0,0,0,0,0
'8992112025021,'8992112025021,DEKOLGEN,NULL,NULL,1950,1950,5000,156.41026,N,N,0,0,0,0,10,N,0,,1950,1950,0,0,0,0
'8999777001186,'8999777001186,KOYO HANGAT,NULL,NULL,825,825,2000,142.42424,N,N,0,0,0,0,15,N,0,,0,0,0,0,0,0
'8992858667202,'8992858667202,PROCOLD FLU,NULL,NULL,3000,3000,8000,166.66667,N,N,0,0,0,0,10,N,0,,0,0,0,0,0,0
'8993176110029,'8993176110029,MINYAK ANGIN 6ML,NULL,NULL,11000,11000,20000,81.81818,N,N,0,0,0,0,4,N,0,,0,0,0,0,0,0
'8995179100229,'8995179100229,MINYAK ANGIN 2ML,NULL,NULL,3600,3600,10000,177.77778,N,N,0,0,0,0,8,N,0,,0,0,0,0,0,0
'5038483158272,'5038483158272,DUREX,NULL,NULL,14500,14500,25000,72.41379,N,N,0,0,0,0,8,N,0,,14500,0,0,0,0,0
'5038483158425,'5038483158425,DUREX,NULL,NULL,14500,14500,25000,72.41379,N,N,0,0,0,0,2,N,0,,0,0,0,0,0,0
'5038483223505,'5038483223505,DUREX,NULL,NULL,14500,14500,25000,72.41379,N,N,0,0,0,0,7,N,0,,0,0,0,0,0,0
'8992727005081,'8992727005081,LAURIER DOUBLE COMFORT ISI 28,NULL,NULL,11500,11500,15000,30.43478,N,N,0,0,0,0,3,N,0,,0,0,0,0,0,0
'8992959953099,'8992959953099,SWEETY,NULL,NULL,17500,17500,25000,42.85714,N,N,0,0,0,0,4,N,0,,0,0,0,0,0,0
'00023644,'00023644,PASEO,NULL,NULL,0,5000,6000,0,N,N,0,0,0,0,20,N,0,,0,0,0,0,0,0
'8993053131093,'8993053131093,TISSUE PASEO 70 SHEETS,NULL,NULL,4500,4500,8000,77.77778,N,N,0,0,0,0,4,N,0,,0,0,0,0,0,0
'8993163502134,'8993163502134,TISSUE MONTISS 50 SHEET,NULL,NULL,1800,1800,5000,177.77778,N,N,0,0,0,0,5,N,0,,0,0,0,0,0,0
'8996129809131,'8996129809131,CLEO 220ML,NULL,NULL,833,1428,2000,140.09604,N,N,0,0,0,24,12,N,0,,0,0,0,0,0,0
'8993053211030,'8993053211030,TISSUE PASEO 300 + 30 SHEET,NULL,NULL,25000,25000,35000,40,N,N,0,0,0,0,5,N,0,,25000,0,0,0,0,0
'8992727004053,'8992727004053,LAURIER DOUBLE COMFORT,NULL,NULL,4000,4000,7000,75,N,N,0,0,0,0,10,N,0,,0,0,0,0,0,0
'8998866500135,'8998866500135,PROTEX,NULL,NULL,5000,5000,10000,100,N,N,0,0,0,0,5,N,0,,0,0,0,0,0,0
'8992931025035,'8992931025035,TISSUE MULTI 200 SHEET,NULL,NULL,8500,8500,8000,77.77778,N,N,0,0,0,4,15,N,0,,0,0,0,0,0,0
'8992931005204,'8992931005204,TISSUE TESSA 50 SHEETS,NULL,NULL,0,0,8000,0,N,N,0,0,0,0,5,N,0,,0,0,0,0,0,0
'8998866500128,'8998866500128,PROTEX MAXI WING,NULL,NULL,3000,3000,5000,66.66667,N,N,0,0,0,0,10,N,0,,0,0,0,0,0,0
'8993189270840,'8993189270840,MAMY POKO XL 7,NULL,NULL,15500,15500,25000,61.29032,N,N,0,0,0,0,13,N,0,,0,0,0,0,0,0
'8992959953082,'8992959953082,SWEETY L8,NULL,NULL,19500,19500,28000,43.58974,N,N,0,0,0,0,5,N,0,,0,0,0,0,0,0
'8992870410206,'8992870410206,SALOMPAS,NULL,NULL,7000,7778,10000,42.85714,N,N,0,0,0,22,22,N,0,,5700,0,-18.57143,0,0,0
'8991001122032,'8991001122032,DELFI CASHEW 40G,NULL,NULL,10440,10440,13000,24.52107,N,N,0,0,0,10,22,N,0,,5300,0,0,0,0,0
'8994755010310,'8994755010310,TIMTAM MAXI VANILLA 16G,NULL,NULL,875,875,1500,71.42857,N,N,0,0,0,24,-18,N,0,,875,0,0,0,0,0
'8994755010303,'8994755010303,TIMTAM MAXI COKLAT 16G,NULL,NULL,875,875,1500,71.42857,N,N,0,0,0,84,6,N,0,,875,875,0,0,0,0
'8997016060490,'8997016060499,0,NULL,NULL,0,0,0,0,N,N,0,0,0,0,1,N,0,NULL,0,0,0,0,0,0
'4809010740212,'4809010740212,PAPAYA WHITENING SOAP,NULL,NULL,9800,9800,15000,53.06122,N,N,0,0,0,0,8,N,0,,0,0,0,0,0,0
'8998866888639,'8998866888639,GIV GREEN TEA & ALMOND OIL,NULL,NULL,2300,2300,5000,117.3913,N,N,0,0,0,0,11,N,0,,0,0,0,0,0,0
'8998009010682,'8998009010682,SUSU ULTRA 200ML,NULL,NULL,4500,4500,6000,33.33333,N,N,0,0,0,0,18,N,0,,4500,0,0,0,0,0
'8996001600313,'8996001600313,KOPIKO,NULL,NULL,4100,4100,6000,46.34146,N,N,0,0,0,2,12,N,0,,0,0,0,0,0,0
'8992857010665,'8992857010665,VAPE BAKAR LAVENDER 0.031MC,BYN,NULL,0,0,8000,0,N,N,0,0,0,0,17,N,0,,0,0,0,0,0,0
'8992775709061,'8992775709061,GOOD MOOD LEMON & MADU,NULL,NULL,3650,3650,5000,36.9863,N,N,0,0,0,15,26,N,0,,0,0,0,0,0,0
'8992775709085,'8992775709085,GOOD MOOD BLACKCURRANT,NULL,NULL,3650,3650,5000,36.9863,N,N,0,0,0,13,22,N,0,,0,0,0,0,0,0
'8992775709047,'8992775709047,GOOD MOOD JERUK,NULL,NULL,3600,3600,5000,38.88889,N,N,0,0,0,0,20,N,0,,0,0,0,0,0,0
'8992775212110,'8992775212110,KACANG TELUR,NULL,NULL,6400,6400,10000,56.25,N,N,0,0,0,0,19,N,0,,0,0,0,0,0,0
'8992775000274,'8992775000274,CHOCOLATOS SWEET CHEESE,NULL,NULL,1700,1700,3000,76.47059,N,N,0,0,0,10,62,N,0,,0,0,0,0,0,0
'8992775001073,'8992775001073,CHOCOLATOS BOTOL,NULL,NULL,4800,4800,7000,45.83333,N,N,0,0,0,0,6,N,0,,0,0,0,0,0,0
'8992931005228,'8992931005228,TISSUE TESSA 250 SHEET,NULL,NULL,8000,8000,20000,150,N,N,0,0,0,0,18,N,0,,0,0,0,0,0,0
'8999777000448,'8999777000448,body serum,NULL,NULL,0,0,55000,0,N,N,0,0,0,0,2,N,0,,0,0,0,0,0,0
'8997210140126,'8997210140126,CAPTAIN MORGAN,NULL,NULL,0,0,340000,0,N,N,0,0,0,0,3,N,0,,0,0,0,0,0,0
'8999999524791,'8999999524791,LIFEBUOY KASTURI MUSK,NULL,NULL,2900,2900,5000,72.41379,N,N,0,0,0,0,7,N,0,,2900,0,0,0,0,0
'8993175546805,'8993175546805,NEXTAR,SBN,NULL,2000,2000,3000,50,N,N,0,0,0,24,73,N,0,,0,0,0,0,0,0
'06540,'0312,SPON PIRING KECIL,NULL,NULL,1500,1500,3000,100,N,N,0,0,0,24,9,N,0,,0,0,0,0,0,0
'0846354,'096874906,RAUTAN PENSIL,NULL,NULL,2000,2000,4000,100,N,N,0,0,0,24,0,N,0,,0,0,0,0,0,0
'011,'011,LILIN KECIL,NULL,NULL,24000,24000,18000,0,N,N,0,0,0,2,5,N,0,,0,0,0,0,0,0
'8992696419742,'8992696419742,NESCAFE CREAM,NULL,NULL,3700,3700,5000,35.13514,N,N,0,0,0,0,31,N,0,,3700,0,0,0,0,0
'8992696422650,'8992696422650,NESCAFE VANILA,NULL,NULL,3700,3700,5000,35.13514,N,N,0,0,0,0,27,N,0,,0,0,0,0,0,0
'8992775002155,'8992775002155,CHOCOLATOS KOTAK,NULL,NULL,3200,3200,5000,56.25,N,N,0,0,0,0,8,N,0,,0,0,0,0,0,0
'8998899001470,'8998899001470,BAYGON SILKY LAVENDER,NULL,NULL,40500,40500,50000,42.85714,N,N,0,0,0,2,11,N,0,,0,0,0,0,0,0
'8998899400327,'8998899400327,BAYGON ORANGE BLOSSOM,NULL,NULL,17000,17000,25000,47.05882,N,N,0,0,0,0,6,N,0,,0,0,0,0,0,0
'8998899400228,'8998899400228,AUTAN ALL NIGHT,NULL,NULL,7900,7900,15000,89.87342,N,N,0,0,0,0,6,N,0,,0,0,0,0,0,0
'8997206581308,'8997206581308,STRONGBOW DARK FRUIT,NULL,NULL,20200,20200,28000,38.61386,N,N,0,0,0,0,-4,N,0,,0,0,0,0,0,0
'749921030085,'749921030085,HILO TEEN,NULL,NULL,5000,5000,7000,40,N,N,0,0,0,0,2,N,0,,5000,0,0,0,0,0
'8690637922589,'8690637922589,MAGNUM DOUBLE COKLAT,NULL,NULL,14600,14600,20000,36.9863,N,N,0,0,0,0,0,N,0,,0,0,0,0,0,0
'8999777007270,'8999777007270,NIVEA DRY IMPACT,NULL,NULL,16700,16700,25000,49.7006,N,N,0,0,0,0,2,N,0,,0,0,0,0,0,0
'8999777010638,'8999777010638,NIVEA DEEP BLACK CHARCOAL,NULL,NULL,16700,16700,25000,49.7006,N,N,0,0,0,0,2,N,0,,0,0,0,0,0,0
'8999777014209,'8999777014209,NIVEA WHITENING ANTIBAKTERI,NULL,NULL,18800,18800,25000,32.97872,N,N,0,0,0,0,3,N,0,,0,0,0,0,0,0
'SANDAL,'SANDAL,SANDAL FLEPPEER,NULL,NULL,49500,49500,60000,21.21212,N,N,0,0,0,0,2,N,0,,0,0,0,0,0,0
'8998968400203,'8998968400203,HALIM,NULL,NULL,12300,12300,18000,46.34146,N,N,0,0,0,0,5,N,0,,0,0,0,0,0,0
'8991002121065,'8991002121065,GOOD DAY AVOCADO,NULL,NULL,5050,5050,8000,58.41584,N,N,0,0,0,76,130,N,0,,0,0,0,0,0,0
'90169533,'90169533,CAFEMIO CAPUCINO,NULL,NULL,20800,20800,27000,29.80769,N,N,0,0,0,0,8,N,0,,0,0,0,0,0,0
'90169540,'90169540,CAFEMIO MACHIATO,NULL,NULL,20800,20800,27000,29.80769,N,N,0,0,0,0,8,N,0,,0,0,0,0,0,0
'90087769,'90087769,HAPPY DAY PINEAPPLE,NULL,NULL,36000,36000,50000,38.88889,N,N,0,0,0,0,5,N,0,,0,0,0,0,0,0
'9008700120258,'9008700120258,HAPPY DAY STRAWBERRY,NULL,NULL,36000,36000,50000,38.88889,N,N,0,0,0,0,2,N,0,,0,0,0,0,0,0
'90087066,'90087066,HAPPY DAY ORANGE,NULL,NULL,36000,36000,50000,38.88889,N,N,0,0,0,0,6,N,0,,0,0,0,0,0,0
'90087011,'90087011,HAPPY DAY APPLE,NULL,NULL,36000,36000,50000,38.88889,N,N,0,0,0,0,3,N,0,,0,0,0,0,0,0
'8718291777380,'8718291777380,LAMPU PHILIPS 11W,NULL,NULL,0,0,30000,0,N,N,0,0,0,0,2,N,0,,0,0,0,0,0,0
'6957029422075,'6957029422075,LAMPU FANOS 7W,NULL,NULL,0,0,32000,0,N,N,0,0,0,0,0,N,0,,0,0,0,0,0,0
'8997204340181,'8997204340181,MATOH BALADO 75G,SNK,SNACK,13500,13500,18000,33.33333,N,N,0,0,30,9,46,N,0,,0,0,0,0,0,0
'6928892573201,'6928892573201,OKACHI FLUG,NULL,NULL,18500,18500,30000,62.16216,N,N,0,0,0,0,1,N,0,,18500,0,0,0,0,0
'8999002319659,'8999002319659,"BATERAI EVEREADY 1,5 V",NULL,NULL,14000,14000,35000,150,N,N,0,0,0,0,5,N,0,,0,0,0,0,0,0
'8998009040290,'8998009040290,TEH KOTAK BLACKCURRANT,NULL,NULL,2600,2600,5000,66.66667,N,N,0,0,0,14,62,N,0,,0,0,0,0,0,0
'8991001111296,'8991001111296,SILVERQUEEN ALMOND MILK CHOCO,CKL,COKELAT,7500,7500,10000,40.84507,N,N,0,0,0,11,13,N,0,,0,0,0,0,0,0
'JH,'JH,JAS HUJAN LENGAN,NULL,NULL,69000,69000,90000,30.43478,N,N,0,0,0,0,6,N,0,,0,0,0,0,0,0
'PAYUNG LIP,'PAYUNG LIP,PAYUNG LIPAT,NULL,NULL,27000,27000,50000,85.18519,N,N,0,0,0,0,3,N,0,,0,0,0,0,0,0
'8999909001213,'8999909001213,PHILIPMORRIS,NULL,NULL,12000,12000,15000,25,N,N,0,0,0,0,13,N,0,,0,0,0,0,0,0
'8999999706173,'8999999706173,PEPSODENT 120g,SBN,NULL,8000,8000,12000,0,N,N,0,0,0,6,8,N,0,,0,0,0,0,0,0
'7610700607046,'7610700607046,PERMEN RICOLA LEMON,NULL,NULL,7500,7500,12000,60,N,N,0,0,0,0,5,N,0,,0,0,0,0,0,0
'7610700607985,'7610700607985,PERMEN ROCOLA SWITZERLAND,NULL,NULL,7500,7500,12000,60,N,N,0,0,0,0,1,N,0,,0,0,0,0,0,0
'8992761164485,'8992761164485,PULPY ANGGUR,NULL,NULL,3400,3400,7000,105.88235,N,N,0,0,0,0,8,N,0,,0,0,0,0,0,0
'8992775204054,'8992775204054,GARUDA ORIGINAL,NULL,NULL,4500,4500,6000,33.33333,N,N,0,0,0,0,19,N,0,,4500,4500,0,0,0,0
'8992858687408,'8992858687408,WOODS CHERRY 15G,P,PERMEN,0,0,7000,0,N,N,0,0,0,0,1,N,0,,0,0,0,0,0,0
'8992222050401,'8992222050401,GAT SBY WG,NULL,NULL,8500,8500,12000,41.17647,N,N,0,0,0,0,1,N,0,,0,0,0,0,0,0
'8992222052979,'8992222052979,GAT SBY WG,NULL,NULL,8500,8500,12000,41.17647,N,N,0,0,0,0,2,N,0,,0,0,0,0,0,0
'8992222020039,'8992222020039,MANDOM,NULL,NULL,18500,18500,25000,35.13514,N,N,0,0,0,0,0,N,0,,0,0,0,0,0,0
'8999777009229,'8999777009229,NIVEA SOFT CARE,NULL,NULL,7000,7000,10000,42.85714,N,N,0,0,0,0,3,N,0,,0,0,0,0,0,0
'8992775318201,'8992775318201,GERY BANTAL,NULL,NULL,1650,1650,2500,51.51515,N,N,0,0,0,5,33,N,0,,1650,1650,0,0,0,0
'8992775406366,'8992775406366,OKY JELY,NULL,NULL,1583,1583,2000,26.34239,N,N,0,0,0,96,54,N,0,,13500,0,752.81112,0,0,0
'MT,'MT,MOUNTEA,NULL,NULL,0,0,2000,0,N,N,0,0,0,0,19,N,0,,0,0,0,0,0,0
'PARFUM,'PARFUM,PARFUM,NULL,NULL,6000,6000,10000,66.66667,N,N,0,0,0,0,7,N,0,,6000,0,0,0,0,0
'8998866202343,'8998866202343,MIE SEDAP KOREAN SPICY,NULL,NULL,3875,3875,3500,-9.67742,Y,N,0,0,24,70,150,N,0,,0,0,0,0,0,0
'456,'456,JAS HUJAN PONCO,NULL,NULL,0,0,70000,0,N,N,0,0,0,0,10,N,0,,0,0,0,0,0,0
'8992775305140,'8992775305140,GERY SALUT KELAPA,NULL,NULL,0,0,3000,0,N,Y,0,0,0,-24,0,N,0,,0,0,0,0,0,0
'8993560151041,'8993560151041,STREPSIL SUGAR FREE,NULL,NULL,11500,11500,15000,30.43478,N,N,0,0,0,0,12,N,0,,0,0,0,0,0,0
'95506913,'95506913,STREPSILL ORANGE FLAVOUR,NULL,NULL,10000,10000,15000,50,N,N,0,0,0,0,7,N,0,,0,0,0,0,0,0
'8998866803649,'8998866803649,SO KLIN VIOLET BLOSSOM 750ML,NULL,NULL,15800,15800,20000,26.58228,N,N,0,0,0,0,6,N,0,,0,0,0,0,0,0
'8991918101014,'8991918101014,GEO MILD,NULL,NULL,23500,23500,27000,14.89362,N,N,0,0,0,166,293,N,0,,0,0,0,0,0,0
'8991038111757,'8991038111757,SELECTION FACIAL COTTON 75GR,NULL,NULL,0,0,15000,0,N,Y,0,0,0,0,0,N,0,,0,0,0,0,0,0
'8992931007109,'8992931007109,TISSUE TESSA SERBET 50 SHEET,NULL,NULL,0,0,20000,0,N,Y,0,0,0,0,0,N,0,,0,0,0,0,0,0
'8997218380128,'8997218380128,ICHITAN THAI MILK COFFEE 310ML,BTL,MINUMAN,7500,7500,9000,20,N,N,0,0,0,62,74,N,0,,0,0,0,0,0,0
'8998685186305,'8998685186305,FROZZ,NULL,NULL,6500,6500,10000,53.84615,N,N,0,0,0,0,5,N,0,,6500,0,0,0,0,0
'8992993250321,'8992993250321,TEPUNG ROTI PANCAKE,NULL,NULL,12000,12000,20000,66.66667,N,N,0,0,0,0,2,N,0,,0,0,0,0,0,0
'8992775000076,'8992775000076,GERY CHOCO,NULL,NULL,0,0,2500,0,N,N,0,0,0,0,5,N,0,,0,0,0,0,0,0
'8992775000663,'8992775000663,GERY,NULL,NULL,0,0,2500,0,N,N,0,0,0,0,14,N,0,,0,0,0,0,0,0
'8999168211248,'8999168211248,ESSE CHANGE DOUBLE,NULL,NULL,39700,39700,43000,8.31234,N,N,0,0,0,24,64,N,0,,24901.45,0,-37.27595,0,0,0
'8992752122807,'8992752122807,LEVITA,NULL,NULL,0,0,5000,0,N,N,0,0,0,0,10,N,0,,0,0,0,0,0,0
'8997027810335,'8997027810335,SISIR,NULL,NULL,0,0,5000,0,N,N,0,0,0,0,9,N,0,,0,0,0,0,0,0
'8995077605253,'8995077605253,KUACI FUZO,NULL,NULL,11400,1140,15000,31.57895,N,N,0,0,0,0,5,N,0,,11400,11400,0,0,0,0
'8995077602788,'8995077602788,SUKRO KEDELE,NULL,NULL,5600,5600,8000,42.85714,N,N,0,0,0,0,5,N,0,,5600,5600,0,0,0,0
'8992761164447,'8992761164447,ULPY GUAVA,NULL,NULL,0,0,6000,0,N,N,0,0,0,0,4,N,0,,0,0,0,0,0,0
'852,'GAA,AIR PANAS,NULL,NULL,0,0,1000,0,N,N,0,0,0,0,1,N,0,,0,0,0,0,0,0
'4005808862832,'4005808862832,PROTECT REFRES,NULL,NULL,182000,182000,250000,37.36264,N,N,0,0,0,0,0,N,0,,182000,0,0,0,0,0
'kasa,'kasa,KASA HIDROPHILE 10CM,NULL,NULL,0,0,7000,0,N,N,0,0,0,0,0,N,0,,0,0,0,0,0,0
'8991002103337,'8991002103337,GOOD DAY VANILLA LATTE 20G,CFF,COFFE,700,700,2000,185.71429,Y,N,0,0,0,0,43,N,0,,0,0,0,0,0,0
'8886030229916,'8886030229916,HAND SOAP APPLE 375ML,PH,NULL,15000,15000,20000,33.33333,Y,N,0,0,1,0,1,N,0,,0,0,0,0,0,0
'8886030229930,'8886030229930,HAND SOAP GRAPE 375ML,NULL,NULL,15000,15000,20000,33.33333,Y,N,0,0,5,0,0,N,0,,0,0,0,0,0,0
'8886030229947,'8886030229947,HAND SOAP LEMON 375ML,NULL,NULL,15000,15000,20000,33.33333,N,N,0,0,2,0,1,N,0,,0,0,0,0,0,0
'8886030229954,'8886030229954,HAND SOAP ORANGE 375ML,NULL,NULL,15000,15000,20000,33.33333,N,N,0,0,2,0,0,N,0,,0,0,0,0,0,0
'8992761136017,'8992761136017,COCA COLA 1.5L,NULL,NULL,12000,12000,16000,33.33333,N,N,0,0,0,0,31,N,0,,0,0,0,0,0,0
'100,'1000,ISOLASI BENING BESAR,NULL,NULL,12500,12500,18000,20,N,N,0,0,0,6,20,N,0,,15000,0,0,0,0,0
'200,'200,MASKER,NULL,NULL,700,700,5000,614.28571,N,N,0,0,2,0,94,N,0,,3500,0,0,0,0,0
'300,'300,ISOLASI HITAM KECIL,NULL,NULL,4000,4000,12000,0,N,N,0,0,0,10,18,N,0,,0,0,0,0,0,0
'9555376800828,'9555376800828,soy been,NULL,NULL,3900,3900,5000,28.20513,N,N,0,0,0,0,14,N,0,,3900,0,0,0,0,0
'8994222112189,'8994222112189,KACANG FGANGSAR S,NULL,NULL,0,0,2000,0,N,N,0,0,0,0,24,N,0,,0,0,0,0,0,0
'107,'107,KOPI BANYUATIS LEGGONG 200G,KOPI,COFFEE,25500,25500,30000,17.64706,N,N,0,0,0,0,0,N,0,,0,0,0,0,0,0
'8992775315125,'8992775315125,GERRY WAFFLE,NULL,NULL,1600,1600,2000,25,N,N,0,0,0,0,14,N,0,,1600,1600,0,0,12,0
'8996001600269,'8996001600269,LE MINERAL,BTL,MINUMAN,2200,2200,4000,81.81818,N,N,0,0,0,180,573,N,0,,4166,0,89.36364,0,0,0
'8991111101415,'8991111101415,JOHNSHON BABY,P,PERMEN,0,0,15000,0,N,N,0,0,0,0,6,N,0,,0,0,0,0,0,0
'5038483158210,'5038483158210,DUREK,NULL,NULL,12500,12500,25000,100,N,N,0,0,0,0,3,N,0,,12500,0,0,0,0,0
'5038483363355,'5038483363355,DUREK,NULL,NULL,12500,12500,25000,100,N,N,0,0,0,0,2,N,0,,0,0,0,0,0,0
'8852961003246,'8852961003246,SUTRA,CDM,NULL,0,0,35000,0,N,N,0,0,0,0,3,N,0,,0,0,0,0,0,0
'00026115,'00026115,HAND SANITIZER,NULL,NULL,20000,20000,30000,50,N,N,0,0,0,0,0,N,0,,55000,55000,0,0,0,0
'8992931005112,'8992931005112,TESSA 50 SHEET,NULL,NULL,3500,3500,5000,194.11765,N,N,0,0,0,4,16,N,0,,1700,0,0,0,0,0
'8992727000062,'8992727000062,LAURIER ACTIVE DAY ISI 20,SFX,NULL,10000,10000,15000,50,N,N,0,0,0,0,6,N,0,,10000,10000,0,0,0,0
'8992759515435,'8992759515435,TISSUE NICE 60 SHEET,NULL,NULL,5250,5250,10000,90.47619,N,N,0,0,0,0,7,N,0,,5250,0,0,0,0,0
'8992841224429,'8992841224429,SETIA BALI 400,NULL,NULL,26000,26000,35000,34.61538,N,N,0,0,0,0,4,N,0,,26000,26000,0,0,0,0
'8998866500142,'8998866500142,PROTEX,NULL,NULL,9000,9000,12000,33.33333,N,N,0,0,0,0,6,N,0,,9000,0,0,0,0,0
'8998866602280,'8998866602280,HERS PROTEX 12 PADS,NULL,NULL,4500,4500,10000,135.29412,N,N,0,0,0,8,11,N,0,,4250,0,0,0,0,0
'8998866604512,'8998866604512,FRES GRAPE & LYCHEE,NULL,NULL,1500,1500,5000,233.33333,N,N,0,0,0,0,35,N,0,,1500,0,0,0,0,0
'8998866800204,'8998866800204,SABUN FRES ORANGE,NULL,NULL,1500,1500,5000,233.33333,N,N,0,0,0,0,24,N,0,,1500,0,0,0,0,0
'8998866603669,'8998866603669,FRES APPLE & KIWI,KCK,KACANG,1500,1500,5000,233.33333,N,N,0,0,0,0,30,N,0,,0,0,0,0,0,0
'089686598957,'089686598957,CHITATO KEJU,NULL,NULL,9500,9500,12000,26.31579,N,N,0,0,0,11,28,N,0,,6794,0,-28.48421,0,0,0
'8993560027223,'8993560027223,DETTOL SKIN CARE,NULL,NULL,22000,22000,30000,36.36364,N,N,0,0,0,0,5,N,0,,22000,0,0,0,0,0
'hz,'hz,HAND SANITAIZER,NULL,NULL,25000,25000,35000,40,N,N,0,0,0,0,3,N,0,,25000,25000,0,0,0,0
'8995108509567,'8995108509567,EBO,NULL,NULL,8500,8500,11000,29.41176,N,N,0,0,0,2,4,N,0,,0,0,0,0,0,0
'8992775203415,'8992775203415,GARUDA ROSTA,NULL,NULL,1600,1600,3000,87.5,N,N,0,0,0,0,5,N,0,,1600,1600,0,0,0,0
'8992775002582,'8992775002582,DILAN COKLAT 24G,NULL,NULL,1667,1667,2500,49.97001,N,N,0,0,0,72,143,N,0,,1500,0,-10.018,0,0,0
'749921006110,'749921006110,NUTRI SARI SAHCET,NULL,NULL,1250,1250,2000,60,N,N,0,0,0,0,31,N,0,,0,0,0,0,0,0
'9556156053694,'9556156053694,cincau madu,NULL,NULL,0,0,5000,0,N,N,0,0,0,0,2,N,0,,0,0,0,0,0,0
'8996001305041,'8996001305041,ROMA SANDWICH CHOCOLATE 216G,NULL,NULL,6300,6300,9000,42.85714,N,N,0,0,0,2,19,N,0,,4900,0,-22.22222,0,0,0
'8996001301562,'8996001301562,MALKIST COKLAT KELAPA,NULL,NULL,650,650,1000,53.84615,N,N,0,0,0,0,86,N,0,,650,0,0,0,0,0
'8997032821074,'8997032821074,GT,NULL,NULL,25700,25700,28000,8.94942,N,N,0,0,0,9,20,N,0,,15000,0,-41.63424,0,0,0
'8999999045265,'8999999045265,RINSO + MOLTO 770G,NULL,NULL,17000,17000,25000,47.05882,N,N,0,0,0,0,8,N,0,,17000,17000,0,0,0,0
'8992717781230,'8992717781230,SANTAN KARA,NULL,NULL,33500,33500,38000,13.43284,N,N,0,0,0,0,2,N,0,,0,0,0,0,0,0
'8997050805315,'8997050805315,HAND SANITIZER SANIZ 60ML,NULL,NULL,10000,10000,15000,50,N,N,0,0,0,0,12,N,0,,10000,10000,0,0,0,0
'8992748195303,'8992748195303,LEM TIKUS,NULL,NULL,0,0,30000,0,N,N,0,0,0,0,4,N,0,,0,0,0,0,0,0
'8998866605137,'8998866605137,PEMBERSIH KACA,NULL,NULL,0,0,15000,0,N,N,0,0,0,0,1,N,0,,0,0,0,0,0,0
'a,'a,,KDBB,NULL,0,0,0,0,N,N,0,0,0,0,0,N,0,NULL,0,0,0,0,0,0
'8998989300087,'8998989300087,GG,NULL,NULL,0,0,20000,0,N,N,0,0,0,0,1,N,0,,0,0,0,0,0,0
'8998989500128,'8998989500128,GUDANG GARAM,NULL,NULL,11900,11900,15000,26.05042,N,N,0,0,0,0,1,N,0,,11900,0,0,0,0,0
'8992775913000,'8992775913000,MINUMAN COKLAT,NULL,NULL,1600,1600,3000,87.5,N,N,0,0,0,0,13,N,0,,1600,1600,0,0,0,0
'8992775000250,'8992775000250,COKLAT LATE,NULL,NULL,1600,1600,3000,87.5,N,N,0,0,0,0,3,N,0,,1600,0,0,0,0,0
'991102222211,'99110222211,TEH GELAS TINGGI,NULL,NULL,1375,1375,2000,45.45455,N,N,0,0,0,72,96,N,0,,0,0,0,0,0,0
'8993004788239,'8993004788239,ONION RING,NULL,NULL,0,0,2000,0,N,N,0,0,0,0,4,N,0,,0,0,0,0,0,0
'8991998111811,'8991998111811,CAFFINO,NULL,NULL,1700,1700,3000,76.47059,N,N,0,0,0,0,37,N,0,,1700,0,0,0,0,0
'8992775001844,'8992775001844,COKLAT WAFER,NULL,NULL,825,825,2000,142.42424,N,N,0,0,0,0,15,N,0,,825,825,0,0,0,0
'8991906101521,'8991906101521,JARUM WAVE,NULL,NULL,14700,14700,16000,8.84354,N,N,0,0,0,0,5,N,0,,0,0,0,0,0,0
'8998899995090,'8998899995090,BYGON,NULL,NULL,32000,34000,45000,45.16129,N,N,0,0,0,21,23,N,0,,31000,0,0,0,0,0
'8886030322907,'8886030322907,PORSTEX 500ML,NULL,NULL,12500,12500,16000,28,N,N,0,0,0,3,4,N,0,,11000,0,-12,0,0,0
'334,'334,kapur barus,NULL,NULL,0,0,15000,0,N,N,0,0,0,0,4,N,0,,0,0,0,0,0,0
'8992779022203,'8992779022203,Mr Muscle pembersih Lantai,SBN,NULL,12000,12000,15000,25,Y,N,0,0,0,0,0,N,0,,12000,0,0,0,0,0
'8992779258800,'8992779258800,MR MUSCLE ORANGE 800ML,SBN,NULL,11000,11000,15000,36.36364,N,N,0,0,0,0,0,N,0,,11000,0,0,0,0,0
'8998866605151,'8998866605151,CLING APPLE FRESH,SBN,NULL,3500,3500,7000,100,N,N,0,0,0,0,1,N,0,,0,0,0,0,0,0
'2020,'2020,MENTE 40G,NULL,NULL,7600,7600,10000,31.57895,N,N,0,0,0,0,0,N,0,,7600,0,0,0,0,0
'8992775000854,'8992775000854,PILUS GARUDA,NULL,NULL,0,0,1000,0,N,N,0,0,0,0,38,N,0,,0,0,0,0,0,0
'8992775311981,'8992775311981,CHOCOLATOS,NULL,NULL,750,285.71,1500,100,N,N,0,0,0,104,91,N,0,,0,0,0,0,0,0
'8992775311479,'8992775311479,CHOCOLATOS,NULL,NULL,1333,1333,1500,87.5,N,N,0,0,0,12,55,N,0,,0,0,0,0,0,0
'8998127921709,'8998127921709,DUNHILL WHITE 16,RK,ROKOK,27500,27500,30000,9.09091,Y,N,0,0,20,43,78,N,0,,0,0,0,0,0,0
'0004,'0004,Masker Lama,NULL,NULL,3000,3000,5000,66.66667,N,N,0,0,30,0,28,N,0,,0,0,0,0,0,0
'55,'55,anting,NULL,NULL,0,0,7000,0,N,Y,0,0,0,0,0,N,0,,0,0,0,0,0,0
'089686017717,'089686017717,SARIMI SOTO,NULL,NULL,0,0,5000,0,N,N,0,0,0,0,20,N,0,,0,0,0,0,0,0
'8991038110354,'8991038110354,KAPAS,NULL,NULL,4300,4300,8000,86.04651,N,N,0,0,0,5,36,N,0,,4300,0,0,0,0,0
'8997002050411,'8997002050411,SUSU SOYA,NULL,NULL,5252,5252,7000,33.28256,N,N,0,0,0,0,22,N,0,,5252,5252,0,0,0,0
'8998899995670,'8998899995670,BAYGON BAKAR FRESHSCENT 0.01MC,BYN,NULL,3300,3300,8000,142.42424,N,N,0,0,0,0,3,N,0,,0,0,0,0,0,0
'8995077601361,'8995077601361,TIKTAK,NULL,NULL,900,900,1500,66.66667,N,N,0,0,0,0,105,N,0,,0,0,0,0,0,0
'8996001301111,'8996001301111,ROMA BISKUIT KELAPA 27G,C,CEMILAN,900,900,1500,66.66667,N,N,0,0,0,30,-35,N,0,,0,0,0,0,0,0
'013,'013,PENJEPIT RAMBUT,NULL,NULL,0,0,8000,0,N,Y,0,0,0,0,0,N,0,,0,0,0,0,0,0
'8996001600399,'8996001600399,"LE MINERAL 1,5L",NULL,NULL,4900,4900,7000,42.85714,N,N,0,0,0,120,230,N,0,,3750,0,-23.46939,0,0,0
'125,'125,MITU BABY TISUE BASAH,NULL,NULL,0,0,18000,0,N,Y,0,0,0,0,0,N,0,,0,0,0,0,0,0
'8993053211047,'8993053211047,TISSUE PASEO 300 SHEETS,NULL,NULL,0,0,70000,0,N,N,0,0,2,0,2,N,0,,0,0,0,0,0,0
'8998866602556,'8998866602556,NUVO FAMESOL,SBN,NULL,3750,3750,5000,33.33333,Y,N,0,0,6,3,6,N,0,,0,0,0,0,0,0
'8886013700104,'8886013700104,MIE GEMEZ ENAAK,NULL,NULL,900,900,1500,66.66667,N,N,0,0,0,270,164,N,0,,0,0,0,0,0,0
'8992775001998,'8992775001998,GERY SANDWICH,NULL,NULL,0,0,1500,0,N,N,0,0,0,0,15,N,0,,0,0,0,0,0,0
'8996001350829,'8996001350829,WAFELLO CHOCO BLAST 48G,NULL,NULL,1700,1700,3000,76.47059,N,N,0,0,0,20,45,N,0,,0,0,0,0,0,0
'8996001351918,'8996001351918,KEJU CHOKO,NULL,NULL,0,0,3000,0,N,N,0,0,0,0,7,N,0,,0,0,0,0,0,0
'5456,'654654,KAPUR BARUS,NULL,NULL,0,0,18000,0,N,Y,0,0,0,0,0,N,0,,0,0,0,0,0,0
'12345345,'745114068958,KACIP HONAGA,NULL,NULL,0,0,1500,0,N,Y,0,0,0,0,0,N,0,,0,0,0,0,0,0
'546,'546,LEM CASTOL KECIL,NULL,NULL,0,0,7000,0,N,Y,0,0,0,0,0,N,0,,0,0,0,0,0,0
'5645,'54645,LEM CASTOL BESAR,NULL,NULL,0,0,10000,0,N,N,0,0,0,0,1,N,0,,0,0,0,0,0,0
'8994803000089,'8994803000089,TISSUE BASAH BAYI LOTTE,NULL,NULL,0,0,10000,0,N,Y,0,0,0,0,0,N,0,,0,0,0,0,0,0
'681,'971,BATERAI ABC KECIL,BTI,NULL,0,0,10000,0,N,N,0,0,0,0,0,N,0,,0,0,0,0,0,0
'8888021100327,'8888021100327,BATERAI EVEREADY 9V,BTI,NULL,0,0,12000,0,N,Y,0,0,0,0,0,N,0,,0,0,0,0,0,0
'4711734112308,'4711734112308,KACIP SDI STAPLER NO.10,NULL,NULL,0,0,22000,0,N,N,0,0,0,0,2,N,0,,0,0,0,0,0,0
'8998899001401,'8998899001401,BAYGON LIQUID ELEKTRIK 33ML,BYN,NULL,0,0,23000,0,N,Y,0,0,0,0,0,N,0,,0,0,0,0,0,0
'8992745140559,'8992745140559,"HIT NON STOP FRESH 12,38LV",BYN,NULL,15500,15500,20000,29.03226,N,N,0,0,0,6,4,N,0,,0,0,0,0,0,0
'8992745140566,'8992745140566,HIT NON STOP FLORAL 12.38LV,BYN,NULL,0,6750,17000,0,N,N,0,0,0,2,0,N,0,,0,0,0,0,0,0
'8998899940397,'8998899940397,BAYGON LIQUID ELEKTIK HIJAU,BYN,NULL,0,0,23000,0,N,Y,0,0,0,0,0,N,0,,0,0,0,0,0,0
'87841,'654,NASA 120 GR,PGI,NULL,0,0,23000,0,N,N,0,0,0,0,0,N,0,,0,0,0,0,0,0
'8998899001975,'8998899001975,BAYGON MAT ELEKTRIK 43MV,BYN,NULL,0,0,15000,0,N,N,0,0,0,0,3,N,0,,0,0,0,0,0,0
'8998899001319,'89988990013190,BAYGON MAT ELEKTRIK MALAM 43MV,BYN,NULL,0,0,15000,0,N,N,0,0,0,0,1,N,0,,0,0,0,0,0,0
'8992745140580,'89927451405800,HIT FLORAL 49MV,BYN,NULL,0,0,16000,0,N,N,0,0,0,0,9,N,0,,0,0,0,0,0,0
'8992745120186,'8992745120186,"HIT ALAT + KABEL 0,566MV",BYN,NULL,0,0,13000,0,N,N,0,0,0,0,3,N,0,,0,0,0,0,0,0
'8992745999980,'8992745999980,"HIT GREEN TEA 0,566 MV",BYN,NULL,0,0,10000,0,N,N,0,0,0,0,3,N,0,,0,0,0,0,0,0
'8992745120636,'8992745120636,"HIT CLASSIC 0,566 MV",BYN,NULL,0,0,10000,0,N,Y,0,0,0,0,0,N,0,,0,0,0,0,0,0
'8990800004563,'8990800004563,MENTOS FRUIT 135G,P,PERMEN,7000,6750,9000,38.46154,N,N,0,0,0,6,3,N,0,,0,0,0,0,0,0
'8999909002821,'8999909002821,MARLBORO FILTER BLACK 16,NULL,NULL,30400,30400,33000,8.55263,N,N,0,0,0,20,24,N,0,,21000,0,-26.31579,0,0,0
'8850291103544,'8850291103544,PARTY SNACK 185G,NULL,NULL,14000,14000,20000,42.85714,N,N,0,0,0,0,6,N,0,,14000,0,0,0,0,0
'0132565104140,'013256510414,TG PARTY SNACK,NULL,NULL,5827,5827,10000,71.6149,N,N,0,0,0,6,10,N,0,,5500,0,-5.61181,0,0,0
'013256111802,'013256111802,KACANG SHANDONG,NULL,NULL,16000,16000,22000,37.5,N,N,0,0,0,0,6,N,0,,0,0,0,0,0,0
'8992138212504,'8992138212504,KOPI BUBUK KUPU-KUPU BOLA,KOPI,COFFEE,18500,18500,24000,29.72973,Y,N,0,0,5,0,7,N,0,,0,0,0,0,0,0
'089686043433,'089686043433,INDOME PEDAS,NULL,NULL,2735,2735,4000,46.25229,N,N,0,0,0,0,35,N,0,,2735,0,0,0,0,0
'8992725910417,'8992725910417,LISTERINE 100ML,NULL,NULL,8000,8000,12000,50,N,N,0,0,0,0,5,N,0,,0,0,0,0,0,0
'8992775203422,'8992775203422,ROSTA 100G,NULL,NULL,7400,7400,10000,35.13514,N,N,0,0,0,0,4,N,0,,7400,0,0,0,0,0
'8992775203453,'8992775203453,ROSTA PEDAS,NULL,NULL,7400,7400,10000,35.13514,N,N,0,0,0,0,3,N,0,,7400,0,0,0,0,0
'8996001304549,'8996001304549,SLAI OLAI STRAWBERRY,NULL,NULL,1700,1700,3000,76.47059,N,N,0,0,0,170,62,N,0,,0,0,0,0,0,0
'8996001304921,'8996001304921,SLAI OLAI NANAS,NULL,NULL,1700,1700,3000,76.47059,N,N,0,0,0,70,36,N,0,,800,0,-39.985,0,0,0
'8996001304983,'8996001304983,SLAI OLAI BLUE BERRY,NULL,NULL,1700,1700,3000,76.47059,N,N,0,0,0,126,59,N,0,,0,0,0,0,0,0
'8996001304013,'8996001304013,SLAI OLAI STRAWBERRY 192G,NULL,NULL,8500,8500,12000,57.89474,N,N,0,0,0,4,4,N,0,,7600,0,0,0,0,0
'8997218380135,'8997218380135,ICHITAN THAI GREEN TEA 310ML,BTL,MINUMAN,7500,7500,9000,20,N,N,0,0,0,60,41,N,0,,0,0,0,0,0,0
'8999168211323,'8999168211323,ESSE CAFE,NULL,NULL,25000,25000,28000,12,N,N,0,0,0,0,1,N,0,,25000,0,0,0,0,0
'8997009780243,'8997009780243,OVE JUICE GUAVA,NULL,NULL,5000,5000,8000,60,N,N,0,0,0,0,2,N,0,,5000,0,0,0,0,0
'8997009780397,'8997009780397,LOVE JUICEPOMEGRANATE,NULL,NULL,5000,5000,8000,60,N,N,0,0,0,0,5,N,0,,0,0,0,0,0,0
'8997009781134,'8997009781134,LOVE JUICE MANGO,NULL,NULL,5000,5000,8000,60,N,N,0,0,0,0,3,N,0,,0,0,0,0,0,0
'8997009781219,'8997009781219,BITS,NULL,NULL,6000,6000,9000,50,N,N,0,0,0,0,4,N,0,,6000,0,0,0,0,0
'8997009781493,'8997009781493,HYDRO COCO 330ML,NULL,NULL,7550,7550,10000,32.45033,N,N,0,0,0,38,62,N,0,,0,0,0,0,0,0
'8690637925122,'8690637925122,MAGNUM DOUBLE BERRY,NULL,NULL,0,0,20000,0,N,N,0,0,0,0,10,N,0,,0,0,0,0,0,0
'8999999558802,'8999999558802,CORNETO TRAWBERRY,NULL,NULL,0,0,12000,0,N,N,0,0,0,0,8,N,0,,0,0,0,0,0,0
'8999999280253,'8999999280253,PADDLE POP TRICO,NULL,NULL,1450,1450,5000,243.64261,N,Y,0,0,0,0,-38,N,0,,1450,0,-0.34364,0,0,0
'8999999528935,'8999999528935,CITRA BENGKOANG GRN TEA 120ML,PH,NULL,11000,11000,15000,36.36364,Y,N,0,0,6,0,0,N,0,,0,0,0,0,0,0
'8999999528881,'8999999528881,CITRA BENGKOANG GRN TEA 230ML,PH,NULL,19000,19000,25000,31.57895,Y,N,0,0,6,0,2,N,0,,0,0,0,0,0,0
'p,'0,big top,JAS,NULL,0,0,65000,0,N,N,0,0,0,0,4,N,0,,0,0,0,0,0,0
'8997025730123,'8997025730123,OXYGEN 470ML,BTL,MINUMAN,8500,8500,12000,41.17647,Y,N,0,0,6,24,5,N,0,,0,0,0,0,0,0
'8997017791262,'8997017791262,WIN BOLD KRETEK FILTER,SBN,NULL,24900,24900,27000,8.43373,Y,N,0,0,2,4,6,N,0,,0,0,0,0,0,0
'8999999036638,'8999999500399,LUX BOTANICALS,SBN,NULL,3000,3000,5000,66.66667,Y,N,12,0,0,0,10,N,0,,0,0,0,0,0,0
'8999908059802,'8999908059802,My Baby 50g,TS,NULL,0,0,8000,0,N,N,0,0,0,0,1,N,0,,0,0,0,0,0,0
'5544,'5544,SANDAL SWALLOW,SNK,SNACK,11000,12250,20000,81.81818,N,N,0,0,0,9,3,N,0,,0,0,0,0,0,0
'8995108509574,'8995108509574,KUACI RRBO 70G GREEN TEA,NULL,NULL,8500,8500,11000,29.41176,N,N,0,0,0,3,3,N,0,,0,0,0,0,0,0
'8992752112013,'8992752112013,MIZONE LYCHEE LEMON 500ML,BTL,MINUMAN,3500,3500,6000,71.42857,N,N,0,0,12,118,167,N,0,,0,0,0,0,0,0
'8990333811119,'8990333811119,LOTTE CHOCO PIE MARSHMALLOW,CKL,COKELAT,1833,1833,3500,90.94381,N,N,0,0,36,12,81,N,0,,0,0,0,0,0,0
'8992696426528,'8992696426528,SUSU NESTLE KENTAL MANIS,SS,SUSU,11000,11000,17000,54.54545,N,N,0,0,5,0,2,N,0,,0,0,0,0,0,0
'8998866103954,'8998866103954,SIKAT GIGI CIPTADEN EXTRACLEAN,SG,NULL,2583,2583,10000,287.14673,N,N,0,0,12,0,25,N,0,,0,0,0,0,0,0
'8998866202725,'8998866202725,MILKU COKLAT,SS,SUSU,2650,2650,5000,88.67925,Y,N,0,0,12,52,34,N,0,,0,0,0,0,0,0
'8996196004705,'8996196004705,PIATTOS SAMBAL GEPREK 78G,MKN,NULL,8700,8700,10000,25,N,N,0,0,0,2,11,N,0,,0,0,0,0,0,0
'8996196004651,'8996196004651,PIATTOS SAMBAL MATAH 78G,MKN,NULL,8700,8700,10000,25,N,N,0,0,0,2,6,N,0,,0,0,0,0,0,0
'089686598896,'089686598896,CHITATO SAPI PANGGANG 120G,MKN,NULL,14000,0,17000,21.42857,N,N,0,0,0,0,7,N,0,,0,0,0,0,0,0
'8886013221203,'8886013221203,TWISTKO JAGUNG BAKAR 70G,MKN,NULL,7000,7000,9000,28.57143,N,N,0,0,12,23,37,N,0,,0,0,0,0,0,0
'8998866202664,'8998866202664,POTABEE WAGYU BEEF STEAK 58G,MKN,NULL,8200,8200,10000,28.20513,N,N,0,0,6,9,11,N,0,,0,0,0,0,0,0
'8852961003222,'8852961003222,SUTRA HITAM,CDM,NULL,5417,5417,12000,121.52483,N,N,0,0,24,0,10,N,0,,0,0,0,0,0,0
'8996196003609,'8996196003609,PIATTOS IGA PENYET 78G,MKN,NULL,8000,,10000,25,N,N,0,0,6,0,4,N,0,,8000,8000,0,0,0,0
'8992747180126,'8992747180126,VIXAL 470ML,PH,NULL,15500,14500,19000,22.58065,N,N,0,0,6,5,5,N,0,,0,0,0,0,0,0
'8992716109561,'8992716109561,biskuat cocklat,MKN,NULL,6750,6750,10000,48.14815,N,N,4,0,0,0,3,N,0,,0,0,0,0,0,0
'8992716108816,'8992716108816,Biskuat Original,MKN,NULL,6750,6750,10000,48.14815,Y,N,6,0,0,0,4,N,0,,0,0,0,0,0,0
'4800361000239,'4800361000239,KOKOKRUNCH 330G,MKN,NULL,35000,35000,45000,28.57143,Y,N,2,0,0,0,2,N,0,,0,0,0,0,0,0
'4800361028165,'4800361028165,HONEY STARS 300G,MKN,NULL,35000,35000,45000,28.57143,Y,N,2,0,0,0,1,N,0,,0,0,0,0,0,0
'4800361291446,'4800361291446,MILO  NESTLE 330G,MKN,NULL,35000,35000,45000,28.57143,N,N,2,0,0,0,1,N,0,,0,0,0,0,0,0
'4800361356367,'4800361356367,KOKOKRUNCH DOU 330G,MKN,NULL,38000,38000,47000,23.68421,Y,N,2,0,0,0,1,N,0,,0,0,0,0,0,0
'8996196002954,'8996196002954,PITTATOS RUMPUT LAUT 75G,MKN,NULL,7800,7800,10000,28.20513,Y,N,10,0,0,14,15,N,0,,0,0,0,0,0,0
'8992775204009,'8992775204009,KACANG GARUDA ATOM 130G,MKN,NULL,8000,8000,12000,50,Y,N,12,0,0,0,12,N,0,,0,0,0,0,0,0
'8994834002489,'8994834002489,TWISTKO JAGUNG BAKAR KEJU 70G,SNK,SNACK,5000,5000,7000,40,Y,N,10,0,0,0,6,N,0,,0,0,0,0,0,0
'CP,'CP,"CHOCO PIE MARSH,ALLOW",MKN,NULL,1850,1850,4000,116.21622,N,N,60,0,0,24,72,N,0,,0,0,0,0,0,0
'8996001301579,'8996001301579,MALKIS COKLAT KELAPA 135G,NULL,NULL,5500,5500,8000,45.45455,N,N,0,0,10,6,17,N,0,,0,0,0,0,0,0
'8886013236207,'8886013236207,FRENCH FRIES 138G,NULL,NULL,14900,13309.09,18000,20.80537,N,N,0,0,18,10,31,N,0,,0,0,0,0,0,0
'8997222130016,'8997222130016,MIE LEMONILO GORENG 80G,MIE,MIE,6000,6000,8000,33.33333,N,N,0,0,0,0,12,N,0,,0,0,0,0,0,0
'8991915101512,'8991915101512,BULLS,NULL,NULL,9600,9600,12000,25,N,N,0,0,0,97,129,N,0,,0,0,0,0,0,0
'8992761136031,'8992761136031,SPRITE 1.5 L,BTL,MINUMAN,12000,12000,20000,66.66667,N,N,0,0,0,0,18,N,0,,0,0,0,0,0,0
'089686596441,'089686596441,LAYS  35G,NULL,NULL,6100,6100,8000,31.14754,N,N,0,0,0,0,12,N,0,,0,0,0,0,0,0
'089686598025,'089686598025,CHITATO SAPI PANGGANG 35G,MKN,NULL,5000,5000,7000,40,N,N,0,0,0,40,96,N,0,,0,0,0,0,0,0
'8998866605649,'8998866605649,RAPIKA,NULL,NULL,4750,4750,10000,110.52632,N,N,0,0,0,0,0,N,0,,0,0,0,0,0,0
'8999999403188,'8999999403188,MOLTO,NULL,NULL,15000,15000,20000,33.33333,N,N,0,0,0,0,0,N,0,,0,0,0,0,0,0
'8996001354001,'8996001354001,KALPA  24G,C,CEMILAN,1750,1750,3000,71.42857,Y,N,0,0,12,48,113,N,0,,0,0,0,0,0,0
'8998866202923,'8998866202923,FLORIDINA COCO,BTL,MINUMAN,2800,2800,5000,78.57143,Y,N,0,0,12,287,333,N,0,,0,0,0,0,0,0
'8991914101056,'8991914101056,GLORY,NULL,NULL,13200,13200,15000,13.63636,N,N,0,0,0,0,1,N,0,,0,0,0,0,0,0
'8999168211354,'8999168211354,ESSE CHANGE 16,NULL,NULL,28700,28700,31000,8.01394,N,N,0,0,0,2,7,N,0,,0,0,0,0,0,0
'8998866610087,'8998866610087,TEH JAVANA ORIGINAL 350ML,BTL,MINUMAN,2300,2300,5000,117.3913,N,N,0,0,0,18,20,N,0,,0,0,0,0,0,0
'8992775712627,'8992775712627,MYTEA TEH OOLONG 320ML,BTL,MINUMAN,3050,3050,5000,63.93443,N,N,0,0,0,7,9,N,0,,0,0,0,0,0,0
'9312412513216,'9312412513216,HERO CASUAL BOLD,NULL,NULL,12500,12500,15000,20,N,N,0,0,0,0,0,N,0,,0,0,0,0,0,0
'9312412513193,'9312412513193,HERO CASUAL GENTLE,NULL,NULL,17000,17000,18000,5.88235,N,N,0,0,0,0,7,N,0,,0,0,0,0,0,0
'9312412513155,'9312412513155,HERO CASUAL BLUE,NULL,NULL,24000,24000,25000,4.16667,N,N,0,0,0,0,0,N,0,,0,0,0,0,0,0
'8991915101048,'8991915101048,BULL,NULL,NULL,17400,17400,19000,9.1954,N,N,0,0,0,0,0,N,0,,0,0,0,0,0,0
'8991906101453,'8991906101453,DJ NEXT,NULL,NULL,14500,14500,16000,10.34483,N,N,0,0,0,0,-1,N,0,,0,0,0,0,0,0
'kapas,'kapas,perban,NULL,NULL,0,0,15000,0,N,N,0,0,0,0,6,N,0,,0,0,0,0,0,0
'8998866202930,'8998866202930,POP MIE SEDAP CUP,NULL,NULL,4500,4500,7000,79.48718,N,N,0,0,0,3,10,N,0,,0,0,0,0,0,0
'8993988355588,'8993988355588,Joyko SPI-11,BK,BUKU,4300,4300,7000,62.7907,N,N,0,0,0,0,0,N,0,,0,0,0,0,0,0
'soklin,'soklin,PEMBERSIH LANTAI JERIGEN,NULL,NULL,37000,37000,50000,35.13514,N,N,0,0,0,0,0,N,0,,0,0,0,0,0,0
'8997225200235,'8997225200235,BEER BINTANG ZERO CAN,NULL,NULL,6700,6700,12000,79.10448,N,N,0,0,0,0,2,N,0,,0,0,0,0,0,0
'sik,'sik,SIKAT CUCIAN,NULL,NULL,0,0,10000,0,N,N,0,0,0,0,15,N,0,,0,0,0,0,0,0
'8886012883242,'8886012883242,KAPUR BARUS DAHLIA LEMON,NULL,NULL,0,0,12000,0,N,N,0,0,2,0,2,N,0,,0,0,0,0,0,0
'8992761136048,'8992761136048,FANTA ORANGE 1500ML,NULL,NULL,12000,12000,20000,66.66667,N,N,0,0,0,0,5,N,0,,0,0,0,0,0,0
'8997218380142,'8997218380142,ICHITAN THAI MANGGO,NULL,NULL,7250,7250,8500,20.56738,N,N,0,0,0,57,16,N,0,,0,0,0,0,0,0
'089686827729,'089686827729,COCO BIT,NULL,NULL,5750,5750,8000,45.45455,N,N,0,0,0,4,4,N,0,,0,0,0,0,0,0
'711844120082,'711844120082,ABC SAMBAL,NULL,NULL,6000,6000,8000,33.33333,N,N,0,0,0,0,4,N,0,,0,0,0,0,0,0
'8993175548014,'8993175548014,NEXTAR,NULL,NULL,1800,1800,3000,66.66667,N,N,0,0,0,10,33,N,0,,0,0,0,0,0,0
'8992775203408,'8992775203408,GARUDA ROSTA BAWANG 11G,NULL,NULL,850,850,2500,194.11765,N,N,0,0,0,140,127,N,0,,0,0,0,0,0,0
'4891138947260,'4891138947260,SENTER EVEREADY KECIL,NULL,NULL,0,0,25000,0,N,N,0,0,0,0,1,N,0,,0,0,0,0,0,0
'8997777080323,'8997777080323,National tape,BTL,MINUMAN,9000,12000,13000,44.44444,N,N,0,0,0,2,3,N,0,,0,0,0,0,0,0
'8996001350843,'8996001350843,SUPERSTAR SNAP 28G,CKL,COKELAT,1750,1716.67,2500,42.85714,N,N,0,0,0,72,78,N,0,,0,0,0,0,0,0
'8993039112511,'8993039112511,REGAL,NULL,NULL,0,0,15000,0,N,N,0,0,0,0,7,N,0,,0,0,0,0,0,0
'053314502111,'053314502111,Kusuka Barbeque,SNK,SNACK,13500,13500,16000,18.51852,N,N,0,0,0,0,1,N,0,,0,0,0,0,0,0
'653314502540,'653314502540,Kusuka BALADO,SNK,SNACK,13500,13500,16000,18.51852,Y,N,0,0,3,0,1,N,0,,13500,0,0,0,0,0
'653314502151,'653314502151,KUSUKA AYAM LADA,SNK,SNACK,13500,13500,16000,18.51852,Y,N,0,0,4,0,4,N,0,,0,0,0,0,0,0
'8996001300121,'8996001300121,ROMA MARIE GOLD,WFR,WAFFER,15000,15000,18000,20,Y,N,0,0,10,0,5,N,0,,0,0,0,0,0,0
'8995077604508,'8995077604508,SUKRO polong,SNK,SNACK,800,800,1500,87.5,Y,N,0,0,20,0,11,N,0,,0,0,0,0,0,0
'8990333811218,'8990333811218,LOTTE CHOCOPIE 2/PACK 56G,CML,CEMILAN,5625,5625,7000,24.44444,Y,N,0,0,48,0,47,N,0,,0,0,0,0,0,0
'8996001305249,'8996001305249,ROMA KELAPA CREAM 180G,CML,CEMILAN,9333,10499.5,12000,28.57602,Y,N,0,0,10,6,16,N,0,,0,0,0,0,0,0
'8998899001920,'8998899001920,"BAYGON BAKAR MAX F.S 0,015MC",BYN,NULL,3300,3300,8000,142.42424,Y,N,0,0,6,0,21,N,0,,0,0,0,0,0,0
'8998866603034,'8998866603034,SUPER SOL PINE 450ML,PH,NULL,12500,12500,18000,44,Y,N,0,0,5,0,2,N,0,,0,0,0,0,0,0
'8998866606363,'8998866606363,SUPER SOL LEMON 450ML,PH,NULL,13500,13500,18000,33.33333,Y,N,0,0,5,0,1,N,0,,0,0,0,0,0,0
'8993560148003,'8993560148003,"TIGA RODA JUMBO 0,30MC",BYN,NULL,5166,5166,8000,54.85869,Y,N,0,0,6,0,5,N,0,,0,0,0,0,0,0
'8998866500319,'8998866500319,ALE-ALE JERUK 180ML,BTI,NULL,875,875,1500,71.42857,Y,N,0,0,24,1019,285,N,0,,0,0,0,0,0,0
'8992745705420,'8992745705420,HIT LILI BLOSSOM 400ML,NULL,NULL,27500,27500,35000,27.27273,N,N,0,0,0,3,4,N,0,,0,0,0,0,0,0
'8997206581476,'8997206581476,BEER BINTANG CRYSTAL 330ML,BEER,BEER,22000,22000,27000,22.72727,Y,N,0,0,12,76,144,N,0,,0,0,0,0,0,0
'8997009461487,'8997009461487,MIKO,NULL,NULL,1800,1263.04,2500,38.88889,N,N,0,0,0,30,10,N,0,,0,0,0,0,0,0
'7622201430184,'7622201430184,OREO ORIGINAL 38G,SNK,SNACK,1708,1708,3000,75.64403,N,N,0,0,24,156,99,N,0,,0,0,0,0,0,0
'pnsl,'pnsl,Pensil,NULL,NULL,0,0,3000,0,N,N,0,0,0,0,5,N,0,,0,0,0,0,0,0
'089686400526,'089686400526,saos pedas manis,NULL,NULL,5500,5500,8000,0,N,N,0,0,0,3,6,N,0,,0,0,0,0,0,0
'8991918101045,'8991918101045,SCORPION,NULL,NULL,16800,16800,18000,7.14286,N,N,0,0,0,0,-1,N,0,,0,0,0,0,0,0
'8999168211330,'8999168211330,POP PUNCH,NULL,NULL,31200,31200,34000,8.97436,N,N,0,0,0,7,11,N,0,,0,0,0,0,0,0
'mrp,'mrp,MARLBORO,RK,ROKOK,29600,29600,40000,35.13514,N,N,0,0,0,0,13,N,0,,0,0,0,0,0,0
'8990800022437,'8990800022437,ALPENLIEBE KARAMEL,NULL,NULL,7500,7500,10000,33.33333,N,N,0,0,0,2,2,N,0,,0,0,0,0,0,0
'8997027800176,'8997027800176,asa,NULL,NULL,7000,7000,10000,42.85714,N,N,0,0,0,3,3,N,0,,0,0,0,0,0,0
'089686732016,'089686732016,CHITATO LITE SEAWEED 35G,C,CEMILAN,5000,5000,7000,40,N,N,0,0,19,44,54,N,0,,0,0,0,0,0,0
'8992745550525,'8992745550525,TISSUE MITU BABY 50 SHEETS,TS,NULL,12000,12000,16000,33.33333,N,N,0,0,6,0,3,N,0,,0,0,0,0,0,0
'8992750540856,'8992750540856,MITU BABY 20 SHEET,TS,NULL,4800,4800,10000,108.33333,N,N,0,0,6,0,3,N,0,,0,0,0,0,0,0
'8991038775553,'8991038775553,COTTON BUD SELECTION,NULL,NULL,4800,5307.69,10000,108.33333,N,N,0,0,12,10,13,N,0,,0,0,0,0,0,0
'8999909003439,'8999909003439,MARLBORO KRETEK 12,RK,ROKOK,9300,9300,12000,29.03226,N,N,0,0,10,10,19,N,0,,0,0,0,0,0,0
'887961931341,'887961931341,UNO EXPRESS,KRT,KARTU,0,0,15000,0,N,N,0,0,2,0,1,N,0,,0,0,0,0,0,0
'8997026180309,'8997026180309,ROTI KEVIN`S 32G,RTI,NULL,1700,1700,2500,47.05882,N,N,0,0,10,67,34,N,0,,1590.88,0,-6.41892,0,0,0
'8997225840035,'8997225840035,ROTI AOKA STRAWBERRY 65G,RTI,NULL,1800,1800,3000,66.66667,N,N,0,0,10,15,22,N,0,,0,0,0,0,0,0
'8997026180620,'8997026180620,ROTI KEVIN`S BROWNIES,RTI,NULL,1000,1000,1500,50,N,N,0,0,0,14,4,N,0,,0,0,0,0,0,0
'8997222130207,'8997222130207,MIE LEMONILO KARI AYAM 73G,MIE,MIE,6000,6000,8000,33.33333,N,N,0,0,0,0,0,N,0,,0,0,0,0,0,0
'8992775000793,'8992775000793,GARUDA ROSTA PEDAS 11G,KCK,KACANG,850,850,1500,76.47059,N,N,0,0,0,90,121,N,0,,0,0,0,0,0,0
'8992628022149,'8992628022149,MINYAK BIMOLI 1L,MYK,NULL,0,0,18000,0,N,N,0,0,4,0,3,N,0,,0,0,0,0,0,0
'8990800020013,'8990800020013,MENTOS MINT 135G,P,PERMEN,6000,5833.33,8000,33.33333,N,N,0,0,0,4,5,N,0,,0,0,0,0,0,0
'50017898,'50017898,FISHERMANS FRIEND CHERRY 25G,P,PERMEN,0,0,20000,0,N,N,0,0,0,0,-2,N,0,,0,0,0,0,0,0
'8998009010569,'8998009010569,ULTRA MILK COKLAT 200ML,BTL,MINUMAN,5000,5000,6000,20,N,N,0,0,24,51,59,N,0,,0,0,0,0,0,0
'8996006858108,'8996006858108,FRUIT TEA STRAWBERRY 350ML,BTL,MINUMAN,3350,3350,5000,49.25373,N,N,0,0,4,56,76,N,0,,0,0,0,0,0,0
'8996006858092,'8996006858092,FRUIT TEA GUAVA 350ML,BTL,MINUMAN,3667,3667,5000,36.35124,N,N,0,0,8,61,50,N,0,,0,0,0,0,0,0
'4891138947666,'4891138947666,SENTER EVEREADY BESAR,STR,NULL,0,0,30000,0,N,N,0,0,0,0,0,N,0,,0,0,0,0,0,0
'8992765101004,'8992765101004,GILLETTE GOAL SUPER PLATINUM,NULL,NULL,0,0,15000,0,N,N,0,0,0,0,0,N,0,,0,0,0,0,0,0
'5013405650430,'5013405650430,SUPERMAX SWIFT 3 BLADE 4,PCK,NULL,0,0,20000,0,N,N,0,0,0,0,1,N,0,,0,0,0,0,0,0
'0014,'0014,CASTOL KECIL 21CCM,NULL,NULL,0,0,6000,0,N,N,0,0,12,0,3,N,0,,0,0,0,0,0,0
'0015,'0015,CASTOL BESAR 51CCM,NULL,NULL,0,0,10000,0,N,N,0,0,12,0,2,N,0,,0,0,0,0,0,0
'8992803270303,'8992803270303,NOSY SHAMPOO MOBIL,SMP,NULL,1042,1042,2500,139.92322,N,N,0,0,8,48,2,N,0,,0,0,0,0,0,0
'8999818746410,'8999818746410,DOUBLE TAPE HITAM BESAR 24MM,LBN,NULL,0,0,10000,0,N,N,0,0,0,0,2,N,0,,0,0,0,0,0,0
'8997777070218,'8997777070218,DOUBLE TAPE PUTIH KECIL 12MM,LBN,NULL,0,0,5000,0,N,N,0,0,0,0,2,N,0,,0,0,0,0,0,0
'8999818797405,'8999818797405,LEM WATER GLUE,NULL,NULL,0,0,5000,0,N,N,0,0,0,0,3,N,0,,0,0,0,0,0,0
'8886012882245,'8886012882245,KAPUR BARUS DAHLIA,NULL,NULL,0,0,12000,0,N,N,0,0,4,0,1,N,0,,0,0,0,0,0,0
'0016,'0016,FLUG MATSUI 3 SISI HIJAU,FLG,NULL,0,0,30000,0,N,N,0,0,4,0,5,N,0,,0,0,0,0,0,0
'6957029422099,'6957029422099,LAMPU FANOS UKTRA 9W,LMP,NULL,0,0,37000,0,N,N,0,0,0,0,1,N,0,,0,0,0,0,0,0
'8718291777342,'8718291777342,LAMPU PHILIPS 5W,LMP,NULL,0,0,17000,0,N,N,0,0,0,0,1,N,0,,0,0,0,0,0,0
'8993988345039,'8993988345039,JOYKO STAMP PAD,NULL,NULL,0,0,10000,0,N,N,0,0,0,0,0,N,0,,0,0,0,0,0,0
'6920911699565,'6920911699565,SISIR SHUMEIJIA,NULL,NULL,0,0,8000,0,N,N,0,0,0,0,2,N,0,,0,0,0,0,0,0
'0018,'0018,SISIR KECIL,NULL,NULL,0,0,6000,0,N,N,0,0,0,0,2,N,0,,0,0,0,0,0,0
'0019,'0019,SISIR SEDANG COKLAT,NULL,NULL,0,0,7000,0,N,N,0,0,0,0,3,N,0,,0,0,0,0,0,0
'0020,'0020,BENANG,NULL,NULL,0,0,2000,0,N,N,0,0,0,0,7,N,0,,0,0,0,0,0,0
'8992931006256,'8992931006256,TISSUE TESSA KECIL 6 PCS,NULL,NULL,5000,5000,18000,0,N,N,0,0,2,5,3,N,0,,0,0,0,0,0,0
'0021,'0021,TISSUE PASEO 6 PCS,NULL,NULL,0,0,18000,0,N,N,0,0,2,0,0,N,0,,0,0,0,0,0,0
'0022,'0022,TISSUE PASEO KECIL,NULL,NULL,0,0,3000,0,N,N,0,0,6,0,40,N,0,,0,0,0,0,0,0
'0023,'0023,TISSUE TESSA KECIL,NULL,NULL,1250,1250,3000,0,N,N,0,0,6,18,9,N,0,,0,0,0,0,0,0
'8993053141474,'8993053141474,TISSUE PASEO KECIL 10 PCS,NULL,NULL,0,0,20000,0,N,N,0,0,0,0,0,N,0,,0,0,0,0,0,0
'0024,'0024,TISSUE MITU BABY 20 SHEETS,NULL,NULL,0,0,7000,0,N,N,0,0,0,0,2,N,0,,0,0,0,0,0,0
'8992931029521,'8992931029521,TISSUE TOILET MULTI,NULL,NULL,3500,3416.67,7000,100,N,N,0,0,0,26,9,N,0,,0,0,0,0,0,0
'8995150101696,'8995150101696,M + SUSU KOTAK,NULL,NULL,0,0,8000,0,N,N,0,0,0,0,0,N,0,,0,0,0,0,0,0
'055500130153,'055500130153,S.O.S APPLE WONDER 4L,PH,NULL,0,0,50000,0,N,N,0,0,0,0,0,N,0,,0,0,0,0,0,0
'055500130160,'055500130160,S.O.S LEMON TWIST 4L,PH,NULL,0,0,50000,0,N,N,0,0,0,0,0,N,0,,0,0,0,0,0,0
'8992994110112,'8992994110112,YAKULT 5 PCS,BTL,MINUMAN,1700,1700,12500,635.29412,N,N,0,0,0,5,36,N,0,,0,0,0,0,0,0
'8996196000905,'8996196000905,PIATTOS BBQ 75G,C,CEMILAN,9000,8607.69,12000,33.33333,N,N,0,0,6,21,14,N,0,,0,0,0,0,0,0
'089686598186,'089686598186,CHITATO AYAM BBQ 68G,C,CEMILAN,9500,8800,12000,26.31579,N,N,0,0,12,3,9,N,0,,0,0,0,0,0,0
'8990800022550,'8990800022550,MENTOS FRUIT 29G,P,PERMEN,2357,2357,4000,69.70725,Y,N,0,0,34,14,43,N,0,,0,0,0,0,0,0
'089686060461,'089686060461,POP MIE KARI AYAM 75G,MIE,MIE,4500,4500,7000,55.55556,Y,N,0,0,11,52,61,N,0,,0,0,0,0,0,0
'ice,'ice,ICE CUBE KECIL,ES,ESKRIM,5000,5000,7000,40,N,Y,0,0,0,0,0,N,0,,0,0,0,0,0,0
'ess,'ess,ES CUBE KECIL,ES,ESKRIM,5000,5000,7000,40,N,N,0,0,0,0,8,Y,0,,0,0,0,0,0,0
'8998103011363,'8998103011363,COTTON BUDS CUSSON BABY 50 STI,CTB,NULL,3000,3000,4000,33.33333,N,N,0,0,5,0,0,N,0,,0,0,0,0,0,0
'0028,'0028,COTTON BUDS ELISABETH PCS,CTB,NULL,0,0,2000,0,N,Y,0,0,0,0,0,N,0,,0,0,0,0,0,0
'0034,'0034,ISOLASI KECIL BENING,NULL,NULL,1500,1875,3000,0,N,N,0,0,0,10,2,N,0,,0,0,0,0,0,0
'749921010414,'749921010414,NUTRI SARI JERUK 11G,BTL,MINUMAN,1100,1100,1500,36.36364,N,N,0,0,20,0,10,N,0,,0,0,0,0,0,0
'8993500019912,'8993500019912,MARIMAS JERUK,BTL,MINUMAN,300,300,1500,400,N,N,0,0,40,0,21,N,0,,0,0,0,0,0,0
'0035,'0035,MAP KERTAS,NULL,NULL,0,0,2000,0,N,N,0,0,0,0,10,N,0,,0,0,0,0,0,0
'8996001351888,'8996001351888,WAFELLO BUTTER CARAMEL 48G,NULL,NULL,1800,1800,3000,66.66667,N,N,0,0,10,10,25,N,0,,0,0,0,0,0,0
'8996001318980,'8996001318980,BETTER VANILLA CREAM ISI 10,MKN,NULL,6500,6500,9000,38.46154,N,N,0,0,4,18,20,N,0,,0,0,0,0,0,0
'8999999390181,'8999999390181,SUNLIGHT JERUK NIPIS 400ML,PH,NULL,10000,10000,13000,30,N,N,0,0,4,0,3,N,0,,0,0,0,0,0,0
'8998866201995,'8998866201995,CEO COFFEE CARAMEL MACHIATO,KOPI,COFFEE,0,0,2000,0,N,N,0,0,0,0,11,N,0,,0,0,0,0,0,0
'8998866201971,'8998866201971,NEO COFFEE MOCCACHINO,KOPI,COFFEE,0,0,2000,0,N,N,0,0,0,0,23,N,0,,0,0,0,0,0,0
'8994171101081,'8994171101081,LUWAK KOPI + GULA,NULL,NULL,0,0,2000,0,N,N,0,0,0,0,68,N,0,,0,0,0,0,0,0
'8994171101968,'8994171101968,LUWAK WHITE COFFEE TARIKMALAKA,NULL,NULL,0,0,2000,0,N,N,0,0,0,0,4,N,0,,0,0,0,0,0,0
'8991002114067,'8991002114067,PIKOPI MOCCACHINO,NULL,NULL,0,0,2000,0,N,N,0,0,0,0,0,N,0,,0,0,0,0,0,0
'8998866202626,'8998866202626,TOP COFFEE GULA AREN,NULL,NULL,0,0,2000,0,N,N,0,0,0,0,8,N,0,,0,0,0,0,0,0
'8998866203074,'8998866203074,TOP COFFEE BARISTA KOPI + GULA,NULL,NULL,0,0,2000,0,N,N,0,0,0,0,4,N,0,,0,0,0,0,0,0
'8998866803281,'8998866803281,TOP COFFEE PLUS,NULL,NULL,0,0,2000,0,N,N,0,0,0,0,5,N,0,,0,0,0,0,0,0
'8992946532733,'8992946532733,MINYAK GORENG HEMAT 500ML,NULL,NULL,10500,10500,14000,33.33333,N,N,0,0,0,17,21,N,0,,0,0,0,0,0,0
'089686598018,'089686598018,CHITATO SAPI PANGGANG 15G,C,CEMILAN,1750,1750,2500,42.85714,N,N,0,0,0,70,40,N,0,,0,0,0,0,0,0
'089686732009,'089686732009,CHITATO LITE 14G,C,CEMILAN,1750,1750,2500,42.85714,N,N,0,0,0,70,43,N,0,,0,0,0,0,0,0
'8997207198871,'8997207198871,COUNTRY INTERNATIONAL,RK,ROKOK,25800,25800,29000,12.4031,N,N,0,0,0,402,688,N,0,,0,0,0,0,0,0
'8994755030325,'8994755030325,GOOD TIME DOUBLE CHOC 16G,CKL,COKELAT,875,875,1500,71.42857,N,N,0,0,0,72,34,N,0,,0,0,0,0,0,0
'8991001501097,'8991001501097,CHACHA MILK CHOCOLATE 50GR,CKL,COKELAT,8127,8127,10000,23.04663,N,N,0,0,7,38,20,N,0,,0,0,0,0,0,0
'4987176092267,'4987176092267,GILLETTE BLUE 2 FLEXI,PCK,NULL,9800,9800,12000,22.44898,N,N,0,0,0,24,17,N,0,,0,0,0,0,0,0
'8994834000218,'8994834000218,GORIORIO VANILLA,C,CEMILAN,450,450,500,11.11111,N,N,0,0,0,40,16,N,0,,0,0,0,0,0,0
'8996006858160,'8996006858160,FRUIT TEA BLACKCURRANT,BTL,MINUMAN,3667,3667,5000,36.35124,N,N,0,0,0,86,116,N,0,,0,0,0,0,0,0
'8996006858115,'8996006858115,FRUIT TEA FEEZE 350ML,BTL,MINUMAN,3675,3675,5000,36.05442,Y,N,6,0,0,93,50,N,0,,0,0,0,0,0,0
'8850389108048,'8850389108048,MOGU MOGU MANGGA,BTL,MINUMAN,9000,9000,11000,22.22222,Y,N,6,0,0,9,12,N,0,,0,0,0,0,0,0
'053314502227,'053314502227,KUSUKA BLACKPEPPER 60G,C,CEMILAN,6000,6000,8000,33.33333,Y,N,4,0,1,12,5,N,0,,0,0,0,0,0,0
'8994834007354,'8994834007354,FRENCH FRIES LVL 3 60G,C,CEMILAN,6500,6500,8000,23.07692,N,N,5,0,0,0,5,N,0,,6500,6500,0,0,0,0
'089686732030,'089686732030,CHITATO LITE RUMPUT LAUT 68G,C,CEMILAN,9500,9500,12000,26.31579,N,N,5,0,0,32,33,N,0,,0,0,0,0,0,0
'089686732054,'089686732054,CHITATO LITE 168G,C,CEMILAN,18500,18500,22000,18.91892,N,N,5,0,3,0,5,N,0,,0,0,0,0,0,0
'8991001780638,'8991001780638,TWISTER MINI BLACK 30G,C,CEMILAN,2620,2620,4000,52.67176,N,N,5,0,0,103,38,N,0,,0,0,0,0,0,0
'089686401011,'089686401011,INDOFOOD SAMBAL BANGKOK,SBL,NULL,7000,7250,9000,28.57143,N,N,4,0,0,3,2,N,0,,0,0,0,0,0,0
'FORM,'FORM,FORMULA SG TRENDY,SG,NULL,2708,2708,5000,84.63811,N,N,12,0,0,0,8,N,0,,0,0,0,0,0,0
'8997021870137,'8997021870137,FRESH CARE SP FRUITTY,OBAT,NULL,11500,11500,15000,30.43478,N,N,5,0,0,18,14,N,0,,0,0,0,0,0,0
'8997021870052,'8997021870052,FRESH CARE GRREN TEA,OBAT,NULL,11500,11500,15000,30.43478,N,N,5,0,0,0,1,N,0,,0,0,0,0,0,0
'089686611670,'089686611670,QTELA BALADO 60G,C,CEMILAN,6200,5742.86,8000,29.03226,N,N,0,0,5,25,25,N,0,,0,0,0,0,0,0
'053314502210,'053314502210,KUSUKA BARBEQUE 60G,C,CEMILAN,6000,6000,8000,33.33333,N,N,0,0,2,15,13,N,0,,0,0,0,0,0,0
'053314502234,'053314502234,KUSUKA KEJU BAKAR 60G,C,CEMILAN,6000,6000,8000,33.33333,N,N,0,0,1,6,10,N,0,,0,0,0,0,0,0
'8991913101064,'8991913101064,FERRO KRETEK 16,RK,ROKOK,15800,15800,18000,13.92405,N,N,0,0,0,0,1,N,0,,0,0,0,0,0,0
'8991906108896,'8991906108896,L.A BOLD 12,RK,ROKOK,16800,16800,19000,13.09524,N,N,0,0,0,0,1,N,0,,0,0,0,0,0,0
'8999909004221,'8999909004221,SAMPOERNA ULTRA MILD 16,RK,ROKOK,25600,25600,28000,9.375,N,N,0,0,5,10,5,N,0,,0,0,0,0,0,0
'445,'445,GALON BOTOL,NULL,NULL,0,0,100000,0,N,N,0,0,0,0,1,N,0,,0,0,0,0,0,0
'8997218380159,'8997218380159,ICHITAN BROWN SUGAR 310ML,BTL,MINUMAN,7200,7200,9000,25,N,N,0,0,0,148,40,N,0,,0,0,0,0,0,0
'089686729016,'089686729016,MAXICORN ROASTED CORN 55G,C,CEMILAN,4500,4500,6000,33.33333,N,N,0,0,4,8,9,N,0,,0,0,0,0,0,0
'089686729054,'089686729054,MAXICORN BARBEQUE 55G,C,CEMILAN,4500,4500,6000,33.33333,N,N,0,0,4,14,9,N,0,,0,0,0,0,0,0
'8993004785160,'8993004785160,SMAX RING CHEESE 40G,C,CEMILAN,4000,4000,6000,50,N,N,0,0,3,35,26,N,0,,0,0,0,0,0,0
'089686729030,'089686729030,MAXICORB BARBEQUE 150G,C,CEMILAN,9500,8000,13000,30,N,N,0,0,3,10,14,N,0,,0,0,0,0,0,0
'089686729023,'089686729023,MAXICORN ROASTED CORN 150G,C,CEMILAN,10000,10000,13000,30,N,N,0,0,3,6,13,N,0,,0,0,0,0,0,0
'089686729047,'089686729047,MAXICORN CHEESE 150G,C,CEMILAN,9500,9500,12000,26.31579,N,N,0,0,3,4,6,N,0,,0,0,0,0,0,0
'8853301530019,'8853301530019,PEDIGREE BEEF FLAVOUR 13,NULL,NULL,9000,9000,13000,44.44444,N,N,0,0,2,4,5,N,0,,0,0,0,0,0,0
'8853301000277,'8853301000277,PEDIGREE CHICKEN&VEGE FLAVOUR,NULL,NULL,7000,7000,10000,42.85714,N,N,0,0,2,2,5,N,0,,0,0,0,0,0,0
'8853301200899,'8853301200899,PEDIGREE GRILLED LIVER 80,NULL,NULL,19500,19500,23000,17.94872,N,N,0,0,2,0,2,N,0,,0,0,0,0,0,0
'8853301200905,'8853301200905,PEDIGREE ROASTED LAMB 80G,NULL,NULL,19500,19500,24000,23.07692,N,N,0,0,2,4,4,N,0,,0,0,0,0,0,0
'8997228610178,'8997228610178,DAEBAK SOJU LYCHEE,ALC,ALCOHOL,67500,67500,85000,25.92593,N,N,0,0,5,26,35,N,0,,0,0,0,0,0,0
'8997228610215,'8997228610215,DAEBAK SOJU ORIGINAL,ALC,ALCOHOL,67500,65666.67,85000,25.92593,N,N,0,0,5,12,14,N,0,,0,0,0,0,0,0
'8997228610154,'8997228610154,DAEBAK SOJU MANGO,ALC,ALCOHOL,67500,67500,85000,25.92593,N,N,0,0,5,29,37,N,0,,55500,55500,-17.77778,-17.77778,0,0
'8997228610161,'8997228610161,DAEBAK SOJU PEACH,ALC,ALCOHOL,67500,67500,85000,25.92593,N,N,0,0,5,26,41,N,0,,55500,55500,-17.77778,-17.77778,0,0
'8996001600795,'8996001600795,FRIENDSHIP COFEE VODKA,ALC,ALCOHOL,30300,30300,38000,25.41254,N,N,0,0,24,0,4,N,0,,0,0,0,0,0,0
'8886467105760,'8886467105760,PRINGLES CHEESY CHEESE 50G,C,CEMILAN,10500,10454.71,14000,33.33333,N,N,0,0,2,26,14,N,0,,0,0,0,0,0,0
'8993175535878,'8993175535878,RICHEESE NABATI WAFER 46G,C,CEMILAN,1750,1790.38,3000,71.42857,N,N,0,0,0,49,40,N,0,,0,0,0,0,0,0
'089686060126,'089686060126,POP MIE RASA SOTO,MIE,MIE,4375,4375,7000,60,N,N,0,0,0,13,7,N,0,,0,0,0,0,0,0
'8992761111533,'8992761111533,SPRITE KLG LEMON LIME 250ML,BTL,MINUMAN,4750,4757.14,7000,47.36842,N,N,0,0,0,24,58,N,0,,0,0,0,0,0,0
'8993175542241,'8993175542241,NABATI WAFER PINK LAVA 46G,MKN,NULL,1800,1800,3000,76.47059,N,N,0,0,0,22,13,N,0,,0,0,0,0,0,0
'8993175537285,'8993175537285,NABATI WAFER RICHEESE 125G,C,CEMILAN,5000,5000,7000,40,N,N,0,0,0,15,12,N,0,,0,0,0,0,0,0
'8997218380166,'8997218380166,ICHITAN THAI COCO WATER 310ML,BTL,MINUMAN,6200,6050,8500,44.0678,N,N,0,0,0,16,12,N,0,,0,0,0,0,0,0
'8993175535885,'8993175535885,NABATI WAFER COKLAT 46G,MKN,NULL,1750,1768.75,3000,71.42857,N,N,0,0,0,20,21,N,0,,0,0,0,0,0,0
'8992982206001,'8992982206001,AIR NESTLE PURE LIFE 600ML,BTL,MINUMAN,1688,1688,4000,136.96682,N,N,0,0,0,24,12,N,0,,0,0,0,0,0,0
'8993175546065,'8993175546065,NABATI HANSEL 28G,MKN,NULL,1667,1667,3000,79.96401,N,N,0,0,0,12,10,N,0,,0,0,0,0,0,0
'8888166603431,'8888166603431,SUPERCO,NULL,NULL,850,850,1500,76.47059,N,N,0,0,0,194,222,N,0,,0,0,0,0,0,0
'8998898830125,'8998898830125,KUKUBIMA ENER-G 1 PACK,NULL,NULL,5800,5800,8500,46.55172,N,N,0,0,0,16,12,N,0,,0,0,0,0,0,0
'8993200663835,'8993200663835,CIMORY YOUGURT DRINK BLUEBERRY,BTL,MINUMAN,3050,3050,5000,63.93443,N,N,0,0,0,4,3,N,0,,0,0,0,0,0,0
'8993200663828,'8993200663828,CIMORY YOUGURT STRAWBERRY,BTL,MINUMAN,3000,3000,5000,66.66667,N,N,0,0,0,4,4,N,0,,0,0,0,0,0,0
'089686611854,'089686611854,QTELA TEMPE CABAI RAWIT 55G,MKN,NULL,6100,6100,8000,31.14754,N,N,0,0,0,3,2,N,0,,0,0,0,0,0,0
'089686611908,'089686611908,QTELA TEMPE ORIGINAL 55G,MKN,NULL,6000,6000,8000,33.33333,N,N,0,0,0,3,2,N,0,,6000,6000,0,0,0,0
'8994834006951,'8994834006951,TICTAC BAWANG 34G,MKN,NULL,3300,3300,5000,51.51515,N,N,0,0,0,3,1,N,0,,0,0,0,0,0,0
'089686598599,'089686598599,CHITATO SAPI BUMBU BAKAR 68G,MKN,NULL,9500,9325,12000,26.31579,N,N,0,0,0,10,8,N,0,,0,0,0,0,0,0
'8999178654332,'8999178654332,MAITOS JAGUNG BARBEQUE 140G,MKN,NULL,11200,11200,15000,33.92857,N,N,0,0,0,4,4,N,0,,0,0,0,0,0,0
'8999999000066,'8999999000066,TARO POTATO BARBEQUE 36G,MKN,NULL,4250,4250,6000,41.17647,N,N,0,0,0,30,16,N,0,,0,0,0,0,0,0
'8999999000189,'8999999000189,TARO SEAWEED 36G,MKN,NULL,4250,4250,6000,41.17647,N,N,0,0,0,33,17,N,0,,0,0,0,0,0,0
'8993175539517,'8993175539517,NABATI WAFER WHITE 46G,MKN,NULL,1800,1800,3000,66.66667,N,N,0,0,0,4,2,N,0,,0,0,0,0,0,0
'8994075230399,'8994075230399,MOMOGI JAGUNG,SNK,SNACK,425,425,500,17.64706,N,N,0,0,0,40,6,N,0,,0,0,0,0,0,0
'8994075230436,'8994075230436,MOMOGI COKLAT,SNK,SNACK,425,425,500,17.64706,N,N,0,0,0,40,2,N,0,,0,0,0,0,0,0
'8991001242983,'8991001242983,TOP BLACK IN WHITE,MKN,NULL,870,870,1500,72.41379,N,N,0,0,0,48,0,N,0,,0,0,0,0,0,0
'8991001242013,'8991001242013,TOP COKLAT,MKN,NULL,870,870,1500,72.41379,N,N,0,0,0,48,7,N,0,,0,0,0,0,0,0
'8992761111519,'8992761111519,COCA-COLA ORIGINAL KLG 250ML,BTL,MINUMAN,4750,4750,7000,47.36842,N,N,0,0,24,90,190,N,0,,0,0,0,0,0,0
'8993175536912,'8993175536912,SIIP KEJU 24G,MKN,NULL,1850,1850,3000,62.16216,N,N,0,0,0,16,7,N,0,,0,0,0,0,0,0
'8993175538848,'8993175538848,SIIP COKLAT 24G,MKN,NULL,1700,1700,3000,76.47059,N,N,0,0,0,17,8,N,0,,0,0,0,0,0,0
'8853301200875,'8853301200875,PEDIGREE SMOKY BEEF 80G,DOG,NULL,19500,19500,24000,23.07692,N,N,0,0,0,4,5,N,0,,0,0,0,0,0,0
'8853301530057,'8853301530057,PEDIGREE CHICKEN GRAVY 130G,DOG,NULL,9000,9000,13000,44.44444,N,N,0,0,0,4,3,N,0,,0,0,0,0,0,0
'8991911101042,'8991911101042,SERGIO KRETEK 20,NULL,NULL,19700,19700,22000,11.67513,N,N,0,0,0,0,0,N,0,,0,0,0,0,0,0
'8998009011702,'8998009011702,ULTRA MILK TARO 200ML,BTL,MINUMAN,4450,4450,6000,34.83146,N,N,0,0,0,24,10,N,0,,0,0,0,0,0,0
'8998009011740,'8998009011740,ULTRA MILK KARAMEL 200ML,,NULL,4550,4266.67,6000,31.86813,N,N,0,0,0,26,7,N,0,,0,0,0,0,0,0
'8998866200851,'8998866200851,MIE SEDAP CUP BASO SPECIAL,NULL,NULL,4500,4500,7000,70.73171,N,N,0,0,0,6,16,N,0,,0,0,0,0,0,0
'8993175537346,'8993175537346,NABATI WAFER RICHOCO 125G,MKN,NULL,5000,5000,7000,40,N,N,0,0,0,5,8,N,0,,0,0,0,0,0,0
'8993175548694,'8993175548694,NABATI WAFER RASBERRY,SNK,SNACK,1800,1800,3000,66.66667,N,N,0,0,0,11,7,N,0,,0,0,0,0,0,0
'089686723014,'089686723014,CHIKI TWIST JAGUNG 40G,MKN,NULL,3000,3000,5000,66.66667,N,N,0,0,0,11,2,N,0,,0,0,0,0,0,0
'8995077601491,'8995077601491,KACANG DUA KELINCI 60G,KCK,KACANG,4500,4500,7000,66.66667,N,N,0,0,0,23,22,N,0,,0,0,0,0,0,0
'0051,'0051,NICKMAD KOPI GULA AREN,KOPI,COFFEE,12000,12000,15000,25,N,N,0,0,0,6,5,N,0,,0,0,0,0,0,0
'0052,'0052,NICKMAD VANILLA MILK,KOPI,COFFEE,12000,12000,15000,25,N,N,0,0,0,6,2,N,0,,0,0,0,0,0,0
'0053,'0053,NICKMAD MOCCA COFFEE,KOPI,COFFEE,12000,12000,15000,25,N,N,0,0,0,6,3,N,0,,0,0,0,0,0,0
'0054,'0054,BOKASI KECIL,NULL,NULL,0,0,35000,0,N,N,0,0,0,0,3,N,0,,0,0,0,0,0,0
'8998866610377,'8998866610377,ISOPLUS 350ML,BTL,MINUMAN,2700,2700,5000,85.18519,N,N,0,0,0,32,32,N,0,,0,0,0,0,0,0
'8999999002497,'8999999002497,TARO COWBOY STEAK 36G,MKN,NULL,4250,4250,6000,41.17647,N,N,0,0,0,30,17,N,0,,0,0,0,0,0,0
'8999999000172,'8999999000172,TARO ITALIAN PIZZA 36G,MKN,NULL,4250,4250,6000,41.17647,N,N,0,0,0,30,18,N,0,,0,0,0,0,0,0
'8996196000455,'8996196000455,PIATTOS SAPI PANGGANG 35G,MKN,NULL,5500,5454.55,7000,27.27273,N,N,0,0,0,23,16,N,0,,0,0,0,0,0,0
'8886013281481,'8886013281481,FRENCH FRIES 24G,MKN,NULL,2300,2366.67,4000,60,N,N,0,0,0,8,4,N,0,,2500,2500,0,0,0,0
'8996001305119,'8996001305119,ROMA ARDEN CHOCO SPLENDID,MKN,NULL,1800,1800,3000,66.66667,N,N,0,0,0,22,22,N,0,,0,0,0,0,0,0
'8992761111588,'8992761111588,COCA-COLA ZERO 250ML,BTL,MINUMAN,4800,4800,7000,45.83333,N,N,0,0,0,432,662,N,0,,0,0,0,0,0,0
'1591234537497,'1591234537497,ROTI TAWAR KULIT 285GR,RTI,NULL,10600,10600,12000,13.20755,N,N,0,0,0,2,1,N,0,,0,0,0,0,0,0
'1412345371612,'1412345371612,ROTI UCIL,RTI,NULL,9650,9650,11000,13.98964,N,N,0,0,0,2,0,N,0,,0,0,0,0,0,0
'1412345374170,'1412345374170,ROTI TAWAR KUPAS 235GR,RTI,NULL,10600,10600,12000,13.20755,N,N,0,0,0,2,1,N,0,,0,0,0,0,0,0
'2812345371114,'2812345371114,ROTI SISIR 235GR,RTI,NULL,7000,7000,8000,14.28571,N,N,0,0,0,2,1,N,0,,0,0,0,0,0,0
'8997211410037,'8997211410037,MONTEZUMA MTZ FILTERS,RK,ROKOK,22000,22000,28000,27.27273,N,N,0,0,0,10,70,N,0,,0,0,0,0,0,0
'8997204340150,'8997204340150,MATTOH MANIS ASIN 75G,SNK,SNACK,13500,13500,18000,33.33333,N,N,0,0,0,9,4,N,0,,0,0,0,0,0,0
'8997204340174,'8997204340174,MATTOH CHEESE 75G,SNK,SNACK,13500,13500,18000,33.33333,N,N,0,0,0,12,10,N,0,,0,0,0,0,0,0
'8991115012106,'8991115012106,BIG BABOL STRAWBERRY,P,PERMEN,2325,2325,4000,72.04301,N,N,0,0,0,40,41,N,0,,0,0,0,0,0,0
'8991115010102,'8991115010102,BIG BABOL TUTTI FRUTI,P,PERMEN,2325,2325,4000,72.04301,N,N,0,0,0,40,42,N,0,,0,0,0,0,0,0
'8998866202732,'8998866202732,MILKU STRAWBERRY 200ML,BTL,MINUMAN,2650,2650,5000,88.67925,N,N,0,0,0,59,20,N,0,,0,0,0,0,0,0
'8998009040283,'8998009040283,TEH KOTAK LESS SUGAR 300ML,BTL,MINUMAN,3000,3000,5000,66.66667,N,N,0,0,0,6,3,N,0,,0,0,0,0,0,0
'8992388134106,'8992388134106,NIU GREEN TEA ROCK SUGAR 330ML,BTL,MINUMAN,3150,3150,5000,58.73016,N,N,0,0,0,34,10,N,0,,0,0,0,0,0,0
'8992388101085,'8992388101085,NIU GREEN TEA 330ML,BTL,MINUMAN,3000,3102,5000,66.66667,N,N,0,0,0,33,13,N,0,,0,0,0,0,0,0
'8998866201827,'8998866201827,TEH JAVANA GULA BATU 350ML,BTL,MINUMAN,2300,2300,5000,117.3913,N,N,0,0,0,18,20,N,0,,0,0,0,0,0,0
'8997035601383,'8997035601383,POCARI SWEAT ION WATER 500ML,BTL,MINUMAN,6500,6555.56,9000,28.57143,N,N,0,0,0,25,25,N,0,,0,0,0,0,0,0
'8991001780645,'8991001780645,TWISTER CHOCO 30G,NULL,NULL,2620,2620,4000,52.67176,N,N,0,0,0,41,25,N,0,,0,0,0,0,0,0
'8997228610055,'8997228610055,DAEBAK SOJU GRAPE,BTL,MINUMAN,67500,67500,85000,25.92593,N,N,0,0,0,26,35,N,0,,0,0,0,0,0,0
'8997009510369,'8997009510369,YOU-C1000 MANGO 140ML,NULL,NULL,5325,5325,8000,50.23474,N,N,0,0,0,30,31,N,0,,0,0,0,0,0,0
'6458,'6548,AQUA KECIL 1 DUS,NULL,NULL,0,0,50000,0,N,N,0,0,0,0,40,N,0,,0,0,0,0,0,0
'1412345371513,'1412345371513,ROTI LINTANG BREAD ROLL 235GR,NULL,NULL,7900,7900,9000,13.92405,N,N,0,0,0,2,0,N,0,,0,0,0,0,0,0
'5554,'5564,ROTI LINTANG COKLAT KEJU 60GR,NULL,NULL,2500,2500,3000,20,N,N,0,0,0,2,1,N,0,,0,0,0,0,0,0
'2812345371312,'555,ROTI LINTANG CREAM BALL,NULL,NULL,8700,8700,10000,14.94253,N,N,0,0,0,2,1,N,0,,0,0,0,0,0,0
'564,'646,ROTI LINTANG KASUR SPECIAL 315,NULL,NULL,10600,10600,12000,13.20755,N,N,0,0,0,2,5,N,0,,0,0,0,0,0,0
'089686723007,'089686723007,CHIKI TWIST JAGUNNG BAKAR 15G,MKN,NULL,900,900,2000,122.22222,N,N,0,0,0,10,5,N,0,,0,0,0,0,0,0
'8996196005153,'8996196005153,PIATTOS SAPI PANGGANG 18G,MKN,NULL,1750,1750,2500,42.85714,N,N,0,0,0,40,28,N,0,,0,0,0,0,0,0
'0078,'0078,KAWA KAWA ANGGUR MERAH 600ML,ALC,ALCOHOL,54150,54150,75000,38.50416,N,N,0,0,0,54,58,N,0,,0,0,0,0,0,0
'8992388101092,'8992388101092,NIU GREEN TEA MADU 330ML,BTL,MINUMAN,3000,3108.62,5000,66.66667,N,N,0,0,0,38,11,N,0,,0,0,0,0,0,0
'8998009020193,'8998009020193,BUAVITA MANGGA 245ML,BTL,MINUMAN,7500,7500,10000,33.33333,N,N,0,0,0,20,33,N,0,,0,0,0,0,0,0
'8992772485036,'8992772485036,COOLANT LYCHEE 350ML,BTL,MINUMAN,4350,4350,7000,60.91954,N,N,0,0,0,24,9,N,0,,0,0,0,0,0,0
'8992775709108,'8992775709108,GOOD MOOD STRAWBERRY 450ML,BTL,MINUMAN,3650,3650,5000,36.9863,N,N,0,0,0,12,9,N,0,,0,0,0,0,0,0
'8999178650235,'8999178650235,MAITOS BALADO 140G,MKN,NULL,11200,11200,15000,33.92857,N,N,0,0,0,2,2,N,0,,0,0,0,0,0,0
'089686611601,'089686611601,QTELA BARBEQUE 30G,MKN,NULL,1750,1750,2500,42.85714,N,N,0,0,0,180,156,N,0,,0,0,0,0,0,0
'8997009781585,'8997009781585,HYDRO COCO VITA-D 330ML,BTL,MINUMAN,7134,7134,9000,26.15643,N,N,0,0,0,6,4,N,0,,0,0,0,0,0,0
'2708121336647,'2708121336647,STAPLES,NULL,NULL,0,0,2000,0,N,N,0,0,0,0,6,N,0,,0,0,0,0,0,0
'8998866203258,'8998866203258,MIE SEDAP CUP BAKSO BLEDUK,NULL,NULL,4500,4500,7000,55.55556,N,N,0,0,0,9,15,N,0,,0,0,0,0,0,0
'7622201430092,'7622201430092,OREO STRAWBERRY CREAM 38G,NULL,NULL,1792,1792,3000,67.41071,N,N,0,0,0,48,23,N,0,,0,0,0,0,0,0
'8999999584122,'8999999584122,RINSO ANTI NODA + MOLTO,NULL,NULL,14000,14000,17000,21.42857,N,N,0,0,0,5,4,N,0,,0,0,0,0,0,0
'8998866603409,'8998866603409,SO KLIN RAPIKA 3 IN 1 LAVENDER,NULL,NULL,5000,5000,8000,60,N,N,0,0,0,1,0,N,0,,0,0,0,0,0,0
'8992772198011,'8992772198011,KISPRAY 300ML,NULL,NULL,5000,5000,8000,60,N,N,0,0,0,1,0,N,0,,0,0,0,0,0,0
'8992745480426,'8992745480426,HIT LYLY BLOSSOM 180ML,NULL,NULL,11000,11000,15000,36.36364,N,N,0,0,0,3,2,N,0,,0,0,0,0,0,0
'8991001501011,'8991001501011,DELFI CHIC CHOC BISCUIT 40G,MKN,NULL,7500,7500,10000,26.58228,N,N,0,0,0,7,2,N,0,,0,0,0,0,0,0
'8991001122056,'8991001122056,DELFI FRUIT & NUT 40G,CKL,COKELAT,11900,11900,15000,26.05042,N,N,0,0,0,2,1,N,0,,0,0,0,0,0,0
'8991001122025,'8991001122025,DELFI DAIRY MILK 40G,CKL,COKELAT,12000,12000,15000,26.05042,N,N,0,0,0,6,2,N,0,,0,0,0,0,0,0
'8991001260185,'8991001260185,NOCKERS 30G,CKL,COKELAT,3600,3600,5000,38.88889,N,N,0,0,0,4,0,N,0,,0,0,0,0,0,0
'8991001260192,'8991001260192,DELFI ZAP 35G,CKL,COKELAT,6449,6449,8000,42.85714,N,N,0,0,0,27,14,N,0,,0,0,0,0,0,0
'7622210086679,'7622210086679,CADBURY FRUIT & NUT 30G,CKL,COKELAT,8500,8500,12000,37.93103,N,N,0,0,0,7,9,N,0,,0,0,0,0,0,0
'8990333162051,'8990333162051,LOTTE XYLITOL FRESH MINT 11.6G,P,PERMEN,3400,3400,6000,76.47059,N,N,0,0,0,18,17,N,0,,0,0,0,0,0,0
'8998685051306,'8998685051306,FROZZ MINT 15G,P,PERMEN,7500,7500,10000,33.33333,N,N,0,0,0,2,2,N,0,,0,0,0,0,0,0
'8998685184301,'8998685184301,FROZZ COOL MINT 15G,P,PERMEN,7500,7500,10000,33.33333,N,N,0,0,0,1,1,N,0,,0,0,0,0,0,0
'8998685052303,'8998685052303,FROZZ BARLEY MINT 15G,P,PERMEN,7500,7500,10000,33.33333,N,N,0,0,0,1,1,N,0,,0,0,0,0,0,0
'8998685187302,'8998685187302,FROZZ X MINT 15G,P,PERMEN,7500,7500,10000,33.33333,N,N,0,0,0,2,1,N,0,,0,0,0,0,0,0
'8998685011003,'8998685011003,HEXOS MINT 12.5G,P,PERMEN,1700,1700,4000,135.29412,N,N,0,0,0,34,8,N,0,,0,0,0,0,0,0
'089686604450,'089686604450,JETZ CHOCOLATE 40G,MKN,NULL,3400,3476.92,5000,42.85714,N,N,0,0,0,39,16,N,0,,0,0,0,0,0,0
'089686605006,'089686605006,JETZ CHOCOLATE 65G,MKN,NULL,5000,5000,7000,40,N,N,0,0,0,3,1,N,0,,0,0,0,0,0,0
'8992931005181,'8992931005181,TISSUE TESSA ECOPLAS 50 SHEET,NULL,NULL,3500,3500,6000,71.42857,N,N,0,0,0,4,6,N,0,,0,0,0,0,0,0
'8992931005099,'8992931005099,TISSUE TESSA 50 SHEET 3PLY,NULL,NULL,6500,6500,8000,23.07692,N,N,0,0,0,4,10,N,0,,0,0,0,0,0,0
'8992931009547,'8992931009547,TISSUE TOILET TESSA,NULL,NULL,6500,6500,9000,38.46154,N,N,0,0,0,18,6,N,0,,0,0,0,0,0,0
'0058,'0058,TISSUE NICE 180 SHEET 2PLY,NULL,NULL,6250,6361.11,9000,44,N,N,0,0,0,9,4,N,0,,0,0,0,0,0,0
'8998899013015,'8998899013015,BAYCLIN 5 IN 1 100ML,NULL,NULL,4000,4000,7000,75,N,N,0,0,0,4,11,N,0,,0,0,0,0,0,0
'8888103006882,'8888103006882,CUSSONS BABY SOFT & SMOOTH,NULL,NULL,17500,17500,22000,25.71429,N,N,0,0,0,2,1,N,0,,0,0,0,0,0,0
'8998103100692,'8998103100692,CUSSONS BABY PROTECT CARE,NULL,NULL,17500,17500,22000,25.71429,N,N,0,0,0,2,1,N,0,,0,0,0,0,0,0
'8992745540687,'8992745540687,MITU BABY ANTISEPTIC,NULL,NULL,6500,6500,8000,23.07692,N,N,0,0,0,4,4,N,0,,0,0,0,0,0,0
'8888103006844,'8888103006844,CUSSONS BABY MILD & GENTLE,NULL,NULL,17500,17500,22000,25.71429,N,N,0,0,0,2,2,N,0,,0,0,0,0,0,0
'8888103006820,'8888103006820,CUSSONS BABY MILD & GENTLE,NULL,NULL,5500,5500,7500,36.36364,N,N,0,0,0,6,3,N,0,,0,0,0,0,0,0
'8992750540917,'8992750540917,MITU BABY FRESH & CLEAN,NULL,NULL,5500,5500,7500,36.36364,N,N,0,0,0,4,3,N,0,,0,0,0,0,0,0
'8993189700552,'8993189700552,CHARM COOLING FRESH,NULL,NULL,15500,15500,20000,29.03226,N,N,0,0,0,2,2,N,0,,0,0,0,0,0,0
'8993189270291,'8993189270291,CHARM EXTRA MAXI,NULL,NULL,6500,6500,10000,53.84615,N,N,0,0,0,4,4,N,0,,0,0,0,0,0,0
'8992727004534,'8992727004534,LAURIER FLEXI PROTECT,NULL,NULL,7500,7500,10000,33.33333,N,N,0,0,0,2,2,N,0,,0,0,0,0,0,0
'8992727000055,'8992727000055,LAURIER ACTIVE DAY X-TRA,NULL,NULL,5250,5250,8000,52.38095,N,N,0,0,0,2,2,N,0,,0,0,0,0,0,0
'8998899995120,'8998899995120,"BAYGON TEA BLOSSOM 0,3AE",NULL,NULL,40500,40500,48000,18.51852,N,N,0,0,0,2,2,N,0,,0,0,0,0,0,0
'8998899001128,'8998899001128,"BAYGON WATERBASE 0,575AE",NULL,NULL,37500,37500,45000,20,N,N,0,0,0,2,2,N,0,,0,0,0,0,0,0
'8992745120469,'8992745120469,"HIT ORANGE 0,12AE",NULL,NULL,27500,27250,35000,27.27273,N,N,0,0,0,5,1,N,0,,0,0,0,0,0,0
'8998866181068,'8998866181068,CIPTADENT FRESH MINT 75G,NULL,NULL,4000,4000,8000,100,N,N,0,0,0,3,3,N,0,,0,0,0,0,0,0
'8998866100151,'8998866100151,CIPTADENT COOL MINT 120G,NULL,NULL,6500,6500,10000,53.84615,N,N,0,0,0,3,3,N,0,,0,0,0,0,0,0
'8999999574376,'8999999574376,CLOSEUP MENTHOL FRESH 65G,NULL,NULL,6500,6500,10000,42.85714,N,N,0,0,0,13,8,N,0,,0,0,0,0,0,0
'8992745120247,'8992745120247,HIT CLASSIC 8.09LV,NULL,NULL,15500,15500,20000,29.03226,N,N,0,0,0,7,0,N,0,,0,0,0,0,0,0
'8992745560586,'8992745560586,HIT FRESH 8.09LV,NULL,NULL,13000,13000,17000,30.76923,N,N,0,0,0,1,1,N,0,,0,0,0,0,0,0
'8992745705567,'8992745705567,HIT APPLE 8.09LV,NULL,NULL,13500,13500,17000,30.76923,N,N,0,0,0,8,1,N,0,,0,0,0,0,0,0
'8992745120520,'8992745120520,"HIT MAT 0,566MV",NULL,NULL,16500,16500,20000,21.21212,N,N,0,0,0,2,2,N,0,,0,0,0,0,0,0
'8992745120148,'8992745120148,"HIT MAT 0,566MV",NULL,NULL,13500,13500,18000,33.33333,N,N,0,0,0,2,2,N,0,,0,0,0,0,0,0
'089686604443,'089686604443,JETZ CHOCOLATE 12G,NULL,NULL,900,900,1500,66.66667,N,N,0,0,0,90,28,N,0,,0,0,0,0,0,0
'8996006858276,'8996006858276,FRUIT TEA MARKISA 350ML,BTL,MINUMAN,3350,3350,5000,49.25373,N,N,0,0,0,16,12,N,0,,0,0,0,0,0,0
'8992761111540,'8992761111540,FANTA STRAWBERRY CAN 250ML,BTL,MINUMAN,4200,4200,7000,66.66667,N,N,0,0,0,16,16,N,0,,0,0,0,0,0,0
'8996001304433,'8996001304433,SLAI OLAY NANAS 128G,NULL,NULL,5100,5100,7500,47.05882,N,N,0,0,0,2,2,N,0,,0,0,0,0,0,0
'8996001304044,'8996001304044,SLAI OLAY BLUEBERRY 128G,NULL,NULL,5100,5100,7500,47.05882,N,N,0,0,0,2,2,N,0,,0,0,0,0,0,0
'8995108509550,'8995108509550,REBO ORIGINAL 70G,NULL,NULL,8500,8500,11000,29.41176,N,N,0,0,0,1,1,N,0,,0,0,0,0,0,0
'8995108509857,'8995108509857,REBO SALTED CARAMEL 70G,NULL,NULL,8500,8500,11000,29.41176,N,N,0,0,0,4,4,N,0,,0,0,0,0,0,0
'8991001780133,'8991001780133,TWISTER BLACK 45G,NULL,NULL,5000,5000,7000,40,N,N,0,0,0,7,3,N,0,,0,0,0,0,0,0
'8996001304426,'8996001304426,SLAI OLAY STRAWBERRY 128G,NULL,NULL,5100,5100,7500,47.05882,N,N,0,0,0,2,2,N,0,,0,0,0,0,0,0
'8886013402206,'8886013402206,TWISKO JAGUNG BAKAR 30G,NULL,NULL,3500,3571.43,6000,71.42857,N,N,0,0,0,19,18,N,0,,0,0,0,0,0,0
'8991102320184,'8991102320184,TANGO CHOCO JAVAMOCCA 130G,NULL,NULL,5000,5000,7000,40,N,N,0,0,0,5,4,N,0,,0,0,0,0,0,0
'8994834001918,'8994834001918,GORIORIO MAGIC,NULL,NULL,445,445,500,12.35955,N,N,0,0,0,20,4,N,0,,0,0,0,0,0,0
'8997009539520,'8997009539520,PADIMAS PANDAN,NULL,NULL,435,435,500,14.94253,N,N,0,0,0,24,2,N,0,,0,0,0,0,0,0
'8997009539513,'8997009539513,PADIMAS STRAWBERRY,NULL,NULL,435,435,500,14.94253,N,N,0,0,0,24,1,N,0,,0,0,0,0,0,0
'8996001355978,'8996001355978,BENG BENG SHARE IT 95G,NULL,NULL,10000,10000,13000,30,N,N,0,0,0,6,1,N,0,,0,0,0,0,0,0
'8996006861986,'8996006861986,TEBS LEMON LIME 300ML,BTL,MINUMAN,3900,3750,5000,42.85714,N,N,0,0,0,21,23,N,0,,0,0,0,0,0,0
'8997218380197,'8997218380197,ICHITAN COLD BREW CLASSIC LATE,BTL,MINUMAN,6950,6950,9000,29.4964,N,N,0,0,0,8,7,N,0,,0,0,0,0,0,0
'8998009010576,'8998009010576,ULTRA MILK STAWBERRY 200ML,BTL,MINUMAN,5000,5000,6000,20,N,N,0,0,0,15,7,N,0,,0,0,0,0,0,0
'8999988888972,'8999988888972,LARUTAN CAP BADAK 500ML,BTL,MINUMAN,6300,6300,8000,26.98413,N,N,0,0,0,23,22,N,0,,0,0,0,0,0,0
'8996001600597,'8996001600597,KOPIKO THAI COFFEE DRINK 180ML,BTL,MINUMAN,5450,5450,7000,28.44037,N,N,0,0,0,15,14,N,0,,0,0,0,0,0,0
'8997218380333,'8997218380333,ICHITAN COLD BREW BROWN SUGAR,BTL,MINUMAN,6850,6850,9000,31.38686,N,N,0,0,0,8,6,N,0,,0,0,0,0,0,0
'8991001780140,'8991001780140,TWISTER CHOCO 45G,MKN,NULL,4800,4800,7000,45.83333,N,N,0,0,0,3,4,N,0,,0,0,0,0,0,0
'8991001502254,'8991001502254,CHA CHA MILK CHOCOLATE 40G,NULL,NULL,7500,7500,9000,20,N,N,0,0,0,4,4,N,0,,0,0,0,0,0,0
'711844110113,'711844110113,KECAP ABC 135ML,NULL,NULL,7500,7500,9000,20,N,N,0,0,0,12,9,N,0,,0,0,0,0,0,0
'8993172995477,'8993172995477,CHOCO CHIPS COKLAT 10G,NULL,NULL,1800,1766.67,2500,47.05882,N,N,0,0,0,22,11,N,0,,0,0,0,0,0,0
'8993175536813,'8993175536813,RICHEESE NABATI AHH,NULL,NULL,900,900,1500,66.66667,N,N,0,0,0,140,84,N,0,,0,0,0,0,0,0
'0065,'0065,ROTI MONI 5000,NULL,NULL,4000,4000,5000,25,N,N,0,0,0,10,7,N,0,,0,0,0,0,0,0
'089686723069,'089686723069,CHIKI TWIST JAGUNG BAKAR 22G,NULL,NULL,1600,1600,2500,56.25,N,N,0,0,0,100,91,N,0,,0,0,0,0,0,0
'8993175539197,'8993175539197,NABATI HANZEL,NULL,NULL,1708,1708,3000,75.64403,N,N,0,0,0,72,27,N,0,,0,0,0,0,0,0
'8992761145118,'8992761145118,FANTA AIR SODA 250ML,NULL,NULL,3500,3500,5000,42.85714,N,N,0,0,0,7,38,N,0,,0,0,0,0,0,0
'8886002101141,'8886002101141,DRAFT BEER CAN 500ML,NULL,NULL,20945,20945,28000,33.68346,N,N,0,0,0,96,93,N,0,,0,0,0,0,0,0
'8990800024486,'8990800024486,MENTOS PEACH ORANGE,NULL,NULL,2000,2000,4000,100,N,N,0,0,0,14,25,N,0,,0,0,0,0,0,0
'8991001790200,'8991001790200,TWISTER THINS STRAWBERRY 15G,NULL,NULL,1542,1542,3000,94.55253,N,N,0,0,0,12,3,N,0,,0,0,0,0,0,0
'8991001790187,'8991001790187,TWISTER THIN CAPPUCHINO 15G,NULL,NULL,1542,1542,3000,94.55253,N,N,0,0,0,12,6,N,0,,0,0,0,0,0,0
'8998009010552,'8998009010552,ULTRA MILK FULL CREAM 200ML,NULL,NULL,5000,5000,6000,20,N,N,0,0,0,12,15,N,0,,0,0,0,0,0,0
'8994834003370,'8994834003370,TICTIC BAWANG 20G,NULL,NULL,1750,1750,3000,71.42857,N,N,0,0,0,10,9,N,0,,0,0,0,0,0,0
'8999999583279,'8999999583279,PADDLE POP MILKIE,NULL,NULL,3243,3243,5000,54.17823,N,N,0,0,0,18,32,N,0,,0,0,0,0,0,0
'8996006853394,'8996006853394,FRUIT TEA STAWBERRY 500ML,BTL,MINUMAN,5000,5000,7000,57.30337,N,N,0,0,0,24,23,N,0,,0,0,0,0,0,0
'8996006857255,'8996006857255,FRUIT TEA FREEZE 500ML,BTL,MINUMAN,5000,5000,8000,60,N,N,0,0,0,39,13,N,0,,0,0,0,0,0,0
'WSP-MNG,'WSP-MNG,WIJA SOJU SPARKLING MANGO,NULL,NULL,20500,20500,25000,21.95122,N,N,0,0,0,12,2,N,0,,0,0,0,0,0,0
'8998866202893,'8998866202893,GOLDA CAPPUCCINO,NULL,NULL,2600,2600,5000,92.30769,N,N,0,0,0,134,198,N,0,,0,0,0,0,0,0
'8996001312582,'8996001312582,MALKIST KELAPA KOPYAR,NULL,NULL,900,900,1500,66.66667,N,N,0,0,0,60,42,N,0,,0,0,0,0,0,0
'7622201430122,'7622201430122,OREO ICE CREAM 36G,NULL,NULL,1792,1792,3000,67.41071,N,N,0,0,0,36,20,N,0,,0,0,0,0,0,0
'8997225840189,'8997225840189,ROTI AOKA NANAS,NULL,NULL,1950,1950,3000,53.84615,N,N,0,0,0,6,17,N,0,,0,0,0,0,0,0
'8997225840134,'8997225840134,ROTI AOKA VANILLA,NULL,NULL,1950,1950,1000,-48.71795,N,N,0,0,0,31,10,N,0,,0,0,0,0,0,0
'8997225840172,'8997225840172,ROTI AOKA DURIAN,NULL,NULL,1950,1950,3000,53.84615,N,N,0,0,0,76,70,N,0,,0,0,0,0,0,0
'8995227500247,'8995227500247,LARUTAN CAP KAKI 3 RASA JAMBU,NULL,NULL,5417,5417,8000,47.68322,N,N,0,0,0,12,13,N,0,,0,0,0,0,0,0
'8999999582791,'8999999582791,CORNETTO LOVE ROSE,NULL,NULL,9009,9009,13000,44.30014,N,N,0,0,0,12,10,N,0,,0,0,0,0,0,0
'8992775001042,'8992775001042,GARUDA PILUS MI GORENG,NULL,NULL,6500,6500,8500,30.76923,N,N,0,0,0,3,3,N,0,,0,0,0,0,0,0
'8992388101023,'8992388101023,NIU GREENTEA HONEY,NULL,NULL,5200,5200,7000,50.53763,N,N,0,0,0,32,27,N,0,,0,0,0,0,0,0
'8992388101054,'8992388101054,NIU GREENTEA LESS SUGAR,NULL,NULL,4950,4950,7000,41.41414,N,N,0,0,0,5,5,N,0,,0,0,0,0,0,0
'8992388145027,'8992388145027,NIU GREENTEA YOUGURT,NULL,NULL,5000,5000,7000,40,N,N,0,0,0,85,50,N,0,,0,0,0,0,0,0
'8992388101016,'8992388101016,NIU GREENTEA JASMINE,NULL,NULL,5200,5200,7000,34.61538,N,N,0,0,0,48,27,N,0,,0,0,0,0,0,0
'8992388133277,'8992388133277,NIU GREENTEA ORIGINAL,NULL,NULL,4650,4650,7000,50.53763,N,N,0,0,0,35,25,N,0,,0,0,0,0,0,0
'8995077601507,'8995077601507,SUKRO OVEN,NULL,NULL,1720,1745.45,4000,132.55814,N,N,0,0,0,13,12,N,0,,0,0,0,0,0,0
'8995102702629,'8995102702629,TEPUNG PISANG GORENG,NULL,NULL,6200,6200,10000,61.29032,N,N,0,0,0,1,0,N,0,,0,0,0,0,0,0
'8992802063012,'8992802063012,FITBAR FRUIT,NULL,NULL,4900,4771.43,6000,22.44898,N,N,0,0,0,16,4,N,0,,0,0,0,0,0,0
'8991001242273,'8991001242273,TOP EL CHOCOLATE,NULL,NULL,3600,3600,5000,51.51515,N,N,0,0,0,8,1,N,0,,0,0,0,0,0,0
'8992802063173,'8992802063173,FITBAR CHOCO DELIGFT,NULL,NULL,4550,4725,6000,31.86813,N,N,0,0,0,21,16,N,0,,0,0,0,0,0,0
'8992802063302,'8992802063302,FITBAR TIRAMISU,NULL,NULL,4900,4766.67,6000,22.44898,N,N,0,0,0,16,6,N,0,,0,0,0,0,0,0
'8992775002896,'8992775002896,GARUDA POTATO SAPI BBQ,NULL,NULL,9000,9000,12000,31.86813,N,N,0,0,0,4,5,N,0,,0,0,0,0,0,0
'8992775002919,'8992775002919,GARUDA O'CORN,NULL,NULL,9000,9000,12000,30.43478,N,N,0,0,0,4,3,N,0,,0,0,0,0,0,0
'089686606034,'089686606034,JETZ HOLLOW FRIED CHILI,NULL,NULL,3850,3850,5000,29.87013,N,N,0,0,0,3,2,N,0,,0,0,0,0,0,0
'089686606010,'089686606010,JETZ PAPRIKA,NULL,NULL,3800,3800,5000,31.57895,N,N,0,0,0,3,3,N,0,,0,0,0,0,0,0
'8991910101531,'8991910101531,RAPTOR KRETEK,NULL,NULL,14750,14750,17000,15.25424,N,N,0,0,0,21,45,N,0,,0,0,0,0,0,0
'02,'02,KOREK BARA,NULL,NULL,3500,3500,6000,71.42857,N,N,0,0,0,100,109,N,0,,0,0,0,0,0,0
'8991906102009,'8991906102009,LA ICE,NULL,NULL,28000,28000,30000,7.14286,N,N,0,0,0,11,13,N,0,,0,0,0,0,0,0
'8992775211410,'8992775211410,PILUS GARUDA PEDAS,NULL,NULL,6500,6500,8500,30.76923,N,N,0,0,0,3,3,N,0,,0,0,0,0,0,0
'089686611120,'089686611120,QTELA AYAM GEFREK,NULL,NULL,8800,8825,11000,25,N,N,0,0,0,12,8,N,0,,0,0,0,0,0,0
'03,'03,KACANG BOBY,NULL,NULL,825,825,2000,142.42424,N,N,0,0,0,370,298,N,0,,0,0,0,0,0,0
'8997025061289,'8997025061289,BIG COLA STRAWBERRY 200 ML,BTL,MINUMAN,2083,2083,3000,44.02304,N,N,0,0,24,0,7,N,0,,0,0,0,0,0,0
'8997025061272,'8997025061272,BIG COLA 200 ML,BTL,MINUMAN,2083,2083,3000,44.02304,N,N,0,0,24,0,18,N,0,,0,0,0,0,0,0
'0095,'0095,HANSAPLAS,NULL,NULL,300,300,1500,400,N,N,0,0,0,200,116,N,0,NULL,0,0,0,0,0,0
'05,'05,BATERAI ABC,NULL,NULL,0,0,4000,0,N,N,0,0,0,0,13,N,0,,0,0,0,0,0,0
'8851932424172,'8851932424172,MAGNUM COOKIES & CREAM,NULL,NULL,14415,14415,18000,24.86993,N,N,0,0,0,36,30,N,0,,0,0,0,0,0,0
'8992775002391,'8992775002391,GARUDA CRUNCHY,NULL,NULL,1800,1800,2500,38.88889,N,N,0,0,0,30,21,N,0,,0,0,0,0,0,0
'8996001600641,'8996001600641,TORA CAFE ICED CAPPUCINO 180ML,KOPI,COFFEE,3250,3250,5000,53.84615,N,N,0,0,0,16,16,N,0,,0,0,0,0,0,0
'8994171102101,'8994171102101,LUWAK WHITE COFFEE ORG 220ML,KOPI,COFFEE,5300,5300,7000,32.07547,N,N,0,0,0,5,5,N,0,,0,0,0,0,0,0
'8991002122017,'8991002122017,ABC KOPI SUSU BRAZILIAN 200ML,KOPI,COFFEE,2750,2750,5000,81.81818,N,N,0,0,0,5,11,N,0,,0,0,0,0,0,0
'8991102228053,'8991102228053,TEH GELAS ORIGINAL 350ML,BTL,MINUMAN,3100,3100,5000,78.57143,N,N,0,0,0,21,2,N,0,,0,0,0,0,0,0
'8997025915148,'8997025915148,HATARI PEANUT BISCUIT 60G,C,CEMILAN,2400,2400,5000,108.33333,N,N,0,0,0,2,0,N,0,,0,0,0,0,0,0
'8997025914110,'8997025914110,HATARI VANILLA CREAM 60G,C,CEMILAN,2400,2400,5000,108.33333,N,N,0,0,0,2,2,N,0,,0,0,0,0,0,0
'8991001770417,'8991001770417,SELAMAT CHOCOLATE WAFFER 15G,WFR,WAFFER,700,700,1500,114.28571,N,N,0,0,0,20,11,N,0,,0,0,0,0,0,0
'8997217370557,'8997217370557,CAMEL KUNING,NULL,NULL,27000,27000,30000,11.11111,N,N,0,0,0,23,54,N,0,,0,0,0,0,0,0
'4891228305338,'4891228305338,SIMPLY LONG WEARING SPF50+,NULL,NULL,168000,168000,195000,16.07143,N,N,0,0,0,3,0,N,0,,0,0,0,0,0,0
'4891228305345,'4891228305345,SIMPLY DAILY MOISTURE SPF50+,NULL,NULL,168000,168000,195000,16.07143,N,N,0,0,0,3,2,N,0,,0,0,0,0,0,0
'079656603248,'079656603248,ROA BB SPORT SUN LOTION SPF50+,NULL,NULL,254000,254000,280000,10.23622,N,N,0,0,0,6,3,N,0,,0,0,0,0,0,0
'079656631128,'079656631128,SIMPLY PROTECT BABY LOTION SPF,NULL,NULL,215000,215000,240000,11.62791,N,N,0,0,0,3,0,N,0,,0,0,0,0,0,0
'079656631111,'079656631111,SIMPLY PROTECT KIDS LOTION 50+,NULL,NULL,215000,215000,240000,11.62791,N,N,0,0,0,3,2,N,0,,0,0,0,0,0,0
'04,'04,COKLAT GILA,NULL,NULL,29000,29000,40000,37.93103,N,N,0,0,0,13,1,N,0,,0,0,0,0,0,0
'6937643577443,'6937643577443,ELFBAR ENERGY ICE,NULL,NULL,115000,115000,165000,43.47826,N,N,0,0,0,10,25,N,0,,0,0,0,0,0,0
'6937643547347,'6937643547347,ELBAR LYCHEE ICE,NULL,NULL,115000,115000,165000,43.47826,N,N,0,0,0,10,21,N,0,,0,0,0,0,0,0
'6937643547330,'6937643547330,ELFBAR KIWI FRUIT,NULL,NULL,115000,115000,165000,43.47826,N,N,0,0,0,10,22,N,0,,0,0,0,0,0,0
'6937643547361,'6937643547361,ELFBAR SPREARMINT,NULL,NULL,115000,115000,165000,43.47826,N,N,0,0,0,5,5,N,0,,0,0,0,0,0,0
'6937643547354,'6937643547354,ELFBAR MANGGO,NULL,NULL,115000,115000,165000,43.47826,N,N,0,0,0,11,20,N,0,,0,0,0,0,0,0
'6937643547385,'6937643547385,ELFBAR WATERMELON,NULL,NULL,115000,115000,165000,43.47826,N,N,0,0,0,11,24,N,0,,0,0,0,0,0,0
'8994834000430,'8994834000430,SPIX,NULL,NULL,450,450,500,11.11111,N,N,0,0,0,140,34,N,0,,0,0,0,0,0,0
'7622201414450,'7622201414450,BISKUAT ORIGINAL 15G,NULL,NULL,900,900,1500,66.66667,N,N,0,0,0,20,2,N,0,,0,0,0,0,0,0
'089686060003,'089686060003,POP MIE RASA AYAM,NULL,NULL,4375,4375,7000,60,N,N,0,0,0,6,4,N,0,,0,0,0,0,0,0
'8998866200578,'8998866200578,MIE SEDAP KARI SPECIAL,NULL,NULL,2450,2450,3000,22.44898,N,N,0,0,0,10,13,N,0,,0,0,0,0,0,0
'0098,'0098,AQUA 500ML 1 DUS,NULL,NULL,0,0,60000,0,N,N,0,0,0,0,2,N,0,,0,0,0,0,0,0
'0069,'0069,TERASI UDANG,NULL,NULL,1700,1700,3000,76.47059,N,N,0,0,0,10,4,N,0,,0,0,0,0,0,0
'8995230704151,'8995230704151,SEE U ROLL,NULL,NULL,12000,12000,18000,50,N,N,0,0,0,2,1,N,0,,0,0,0,0,0,0
'PONCO,'PONCO,JAS HUJAN PLASTIK DEWASA,NULL,NULL,9000,9000,20000,122.22222,N,N,0,0,0,46,79,N,0,,0,0,0,0,0,0
'8996006853431,'8996006853431,FRUIT TEA APPLE & BLACKCURRANT,NULL,NULL,6000,6000,8000,33.33333,N,N,0,0,0,31,17,N,0,,0,0,0,0,0,0
'8992772011013,'8992772011013,SOFFELL,NULL,NULL,500,500,2000,300,N,N,0,0,0,48,19,N,0,,0,0,0,0,0,0
'8992931019522,'8992931019522,TESSA DYNASTY 2PLY,TS,NULL,11000,11000,14000,27.27273,N,N,0,0,0,6,0,N,0,,0,0,0,0,0,0
'8997004301337,'8997004301337,OISHI IKAN BALADO 60G,SNK,SNACK,6000,6000,8000,33.33333,N,N,0,0,0,3,2,N,0,,0,0,0,0,0,0
'8886030322808,'8886030322808,YURI PORTEX UNGU 500ML,NULL,NULL,12500,12500,16000,28,N,N,0,0,0,3,3,N,0,,0,0,0,0,0,0
'8997004301184,'8997004301184,OISHI SPICY SHRIMP 60G,NULL,NULL,6000,6000,8000,33.33333,N,N,0,0,0,9,6,N,0,,0,0,0,0,0,0
'8997004301146,'8997004301146,OISHI RIN-BEE 60G,NULL,NULL,6000,6000,8000,33.33333,N,N,0,0,0,3,0,N,0,,6000,6000,0,0,0,0
'8991002304802,'8991002304802,RELAXA CHEERY MINT 125G,NULL,NULL,5000,5000,8000,60,N,N,0,0,0,2,1,N,0,,0,0,0,0,0,0
'8991002304178,'8991002304178,RELAXA ORANGE MINT 125G,NULL,NULL,5000,5000,8000,60,N,N,0,0,0,2,0,N,0,,0,0,0,0,0,0
'8997212800325,'8997212800325,FOXS BERRIES 90G,NULL,NULL,6500,6500,8500,30.76923,N,N,0,0,0,2,1,N,0,,0,0,0,0,0,0
'8992770096227,'8992770096227,SAORI SAUS TERIYAKI 135ML,NULL,NULL,9500,9500,12000,26.31579,N,N,0,0,0,2,0,N,0,,0,0,0,0,0,0
'8992770096128,'8992770096128,SAORI SAOS TIRAM 135ML,NULL,NULL,10000,10000,12000,20,N,N,0,0,0,4,2,N,0,,0,0,0,0,0,0
'8997212800318,'8997212800318,FOXS FRUITS 30G,NULL,NULL,6500,6500,9000,38.46154,N,N,0,0,0,2,2,N,0,,0,0,0,0,0,0
'8997031710164,'8997031710164,OPTIMUS CHIP CHOP,NULL,NULL,850,850,1500,76.47059,N,N,0,0,0,18,22,N,0,,0,0,0,0,0,0
'8997004301665,'8997004301665,OISHI PANCHOS KEJU NACHO,NULL,NULL,11200,10957.14,14000,25,N,N,0,0,0,9,4,N,0,,0,0,0,0,0,0
'8997004301658,'8997004301658,OISHI PANCHOS SAPI PANGGANG,NULL,NULL,11200,11200,14000,25,N,N,0,0,0,9,8,N,0,,0,0,0,0,0,0
'8997004301672,'8997004301672,OISHI PANCHOS JAGUNG PEDAS,NULL,NULL,9500,9500,13000,36.84211,N,N,0,0,0,3,3,N,0,,0,0,0,0,0,0
'8997004301108,'8997004301108,OISHI PILLOWS COKELAT 100G,NULL,NULL,9900,9740,12000,21.21212,N,N,0,0,0,6,3,N,0,,0,0,0,0,0,0
'8997004301245,'8997004301245,OISHI PILLOWS UBI,NULL,NULL,9900,9740,12000,21.21212,N,N,0,0,0,6,4,N,0,,0,0,0,0,0,0
'8992746700899,'8992746700899,CARRERA,NULL,NULL,958,958,2500,160.96033,N,N,0,0,0,12,2,N,0,,0,0,0,0,0,0
'8992775312414,'8992775312414,GERY SALUT CHOCO HAZELNUT,NULL,NULL,438,438,500,14.15525,N,N,0,0,0,24,4,N,0,,0,0,0,0,0,0
'8992838423804,'8992838423804,MINYAK ADAS LOWO,BTL,MINUMAN,17000,17000,23000,35.29412,N,N,0,0,0,0,0,N,0,,0,0,0,0,0,0
'089686827286,'089686827286,COCOBIT MANGGA,BTL,MINUMAN,5750,5750,8000,45.45455,N,N,0,0,3,4,4,N,0,,0,0,0,0,0,0
'089686827781,'089686827781,COCOBIT KELAPA,BTL,MINUMAN,5750,5750,8000,45.45455,N,N,0,0,3,4,5,N,0,,0,0,0,0,0,0
'6937643547316,'6937643547316,ELFBAR COLA,RK,ROKOK,115000,115000,165000,43.47826,N,N,0,0,5,2,11,N,0,,0,0,0,0,0,0
'6937643547323,'6937643547323,ELFBAR GRAPE,RK,ROKOK,115000,115000,165000,43.47826,N,N,0,0,5,2,23,N,0,,0,0,0,0,0,0
'6937643547378,'6937643547378,ELFBAR STRAWBERRY ICE CREAM,RK,ROKOK,115000,115000,165000,43.47826,N,N,0,0,5,2,20,N,0,,0,0,0,0,0,0
'6937643577450,'6937643577450,ELFBAR PEACH ICE,RK,ROKOK,115000,115000,165000,43.47826,N,N,0,0,5,2,19,N,0,,0,0,0,0,0,0
'089686590036,'089686590036,CHIKI BALLS CHEESE 10G,NULL,NULL,900,900,1500,66.66667,N,N,0,0,0,10,20,N,0,,0,0,0,0,0,0
'8991998114218,'8991998114218,CAFFINO COCONUT SUGAR,NULL,NULL,1081,1081,2000,85.01388,N,N,0,0,0,15,0,N,0,,0,0,0,0,0,0
'8991998114317,'8991998114317,CAFFINO LATTE COCONUT,NULL,NULL,1081,1081,2000,85.01388,N,N,0,0,0,15,1,N,0,,0,0,0,0,0,0
'4891228300456,'4891228300456,SCHICK SAVE GUARD 60 ML,SMP,NULL,27400,27400,35000,27.73723,N,N,0,0,6,0,4,N,0,,0,0,0,0,0,0
'079656615609,'079656615609,BB SUN COMFORT 50 SPF 90 ML,NULL,NULL,193000,193000,230000,19.17098,N,N,0,0,0,0,1,N,0,,0,0,0,0,0,0
'8997228610895,'8997228610895,DAEBAK SPARK BLOOD ORANGE,BTL,MINUMAN,23000,22160.37,27000,17.3913,N,N,0,0,6,18,13,N,0,,0,0,0,0,0,0
'8997228610932,'8997228610932,DAEBAK SPARK ICE LEMON TEA,BTL,MINUMAN,20721,20721,25000,20.65055,N,N,0,0,6,6,6,N,0,,0,0,0,0,0,0
'4891228530181,'4891228530181,SHICK Z,NULL,NULL,4000,4000,6000,50,N,N,0,0,0,12,9,N,0,,0,0,0,0,0,0
'4710117601217,'4710117601217,SHICK EXACTA 2,NULL,NULL,14100,14100,17000,20.56738,N,N,0,0,0,8,3,N,0,,0,0,0,0,0,0
'8997228610048,'8997228610048,DAEBAK SOJU LEMON,NULL,NULL,67500,67500,85000,25.92593,N,N,0,0,0,12,17,N,0,,0,0,0,0,0,0
'8999168211453,'8999168211453,EDGE PUNCH 12,NULL,NULL,19600,19600,22000,12.2449,N,N,0,0,0,2,1,N,0,,0,0,0,0,0,0
'8998009010590,'8998009010590,ULTRA MILK COKELAT 125ML,NULL,NULL,3000,3000,4000,33.33333,N,N,0,0,0,40,5,N,0,,0,0,0,0,0,0
'8992775001653,'8992775001653,GERY SALUT WAFER KELAPA,NULL,NULL,1667,1667,2500,49.97001,N,N,0,0,0,24,31,N,0,,0,0,0,0,0,0
'8992775001011,'8992775001011,GARY SALUT WAFER,NULL,NULL,1667,1667,2500,49.97001,N,N,0,0,0,12,10,N,0,,0,0,0,0,0,0
'079656651515,'079656651515,ULTRA PROTECT FACES 50SPF 60ML,NULL,NULL,151000,151000,175000,15.89404,N,N,0,0,0,0,-3,N,0,,0,0,0,0,0,0
'8992841228021,'8992841228021,KOPI BUBUK SETIA BALI 80G,NULL,NULL,5500,5500,8000,45.45455,N,N,0,0,0,15,9,N,0,,0,0,0,0,0,0
'90032134,'90032134,ROTI ROHESTA 235G,NULL,NULL,11000,11000,12000,9.09091,N,N,0,0,0,0,1,N,0,,0,0,0,0,0,0
'90032141,'90032141,ROTI ROHESTA SISIR 235G,NULL,NULL,10000,10000,11000,10,N,N,0,0,0,0,2,N,0,,0,0,0,0,0,0
'900,'900,ROTI ROHESTA COKLAT KEJU,NULL,NULL,12000,12000,13000,8.33333,N,N,0,0,0,0,4,N,0,,0,0,0,0,0,0
'9001,'9001,ROTI ROHESTA LIMA RASA,NULL,NULL,12000,12000,13000,8.33333,N,N,0,0,0,0,2,N,0,,0,0,0,0,0,0
'8992770011091,'8992770011091,AJI-NO-MOTO 250G,NULL,NULL,0,0,13000,0,N,N,0,0,0,0,0,N,0,,0,0,0,0,0,0
'8999918443509,'8999918443509,SQUARE PUFF 300G,NULL,NULL,8000,8000,12000,41.17647,N,N,0,0,0,6,7,N,0,,0,0,0,0,0,0
'8996001600610,'8996001600610,TORA CAFE ICED MILKY LATTE 180,NULL,NULL,3750,3750,6000,60,N,N,0,0,0,32,11,N,0,,0,0,0,0,0,0
'8996001600832,'8996001600832,CLOUD SEVEN MOJITO 350 ML,BTL,MINUMAN,16000,16000,20000,25,N,N,0,0,24,0,45,N,0,,0,0,0,0,0,0
'8993027164119,'8993027164119,HAPPY TOS HOT CHILLIE,NULL,NULL,9000,9000,14000,55.55556,N,N,0,0,0,13,11,N,0,,0,0,0,0,0,0
'8991001121981,'8991001121981,DELFI DAIRY MILK CHOCOLATE 25G,NULL,NULL,5580,5580,8000,43.36918,N,N,0,0,0,15,7,N,0,,0,0,0,0,0,0
'8991001260246,'8991001260246,DELFI NOCKERS 35G,NULL,NULL,6449,6449,6000,36.36364,N,N,0,0,0,48,27,N,0,,0,0,0,0,0,0
'8991001781000,'8991001781000,TWISTER THINS CHOCO 15G,NULL,NULL,1360,1360,3000,120.58824,N,N,0,0,0,12,5,N,0,,0,0,0,0,0,0
'8992775406014,'8992775406014,OKKY JELLY DRINK JERUK,NULL,NULL,1350,1350,2000,48.14815,N,N,0,0,0,96,436,N,0,,0,0,0,0,0,0
'0012,'0012,BATRAI AFTA,NULL,NULL,0,0,3000,0,N,N,0,0,0,0,4,N,0,,0,0,0,0,0,0
'8992761111670,'8992761111670,SCHWEPPES 250ML,NULL,NULL,4750,4750,7000,47.36842,N,N,0,0,0,43,65,N,0,,0,0,0,0,0,0
'8995077601484,'8995077601484,KACANG DUA KELINCI 145G,NULL,NULL,10000,10000,12000,26.31579,N,N,0,0,0,13,14,N,0,,0,0,0,0,0,0
'00591,'00591,KARET RAMBUT,NULL,NULL,4000,4000,6000,50,N,N,0,0,0,0,16,N,0,,0,0,0,0,0,0
'00592,'00592,KARET RAMBUT KECIL,NULL,NULL,750,750,2000,166.66667,N,N,0,0,0,0,7,N,0,,0,0,0,0,0,0
'00593,'00593,JEPIT RAMBUT,NULL,NULL,5000,5000,7000,40,N,N,0,0,0,12,12,N,0,,0,0,0,0,0,0
'8990800022567,'8990800022567,MENTOS GRAPE,NULL,NULL,2400,2383.33,4000,60,N,N,0,0,0,28,24,N,0,,0,0,0,0,0,0
'9556001288592,'9556001288592,NESCAFE LATTE,NULL,NULL,6250,6250,8000,28,N,N,0,0,0,14,52,N,0,,0,0,0,0,0,0
'9556001288547,'9556001288547,NESCAFE CAPPUCCINO,NULL,NULL,6250,6250,8000,28,N,N,0,0,0,8,36,N,0,,0,0,0,0,0,0
'8998009020223,'8998009020223,BUAVITA APEL 250ML,NULL,NULL,7500,7500,9000,20,N,N,0,0,0,6,6,N,0,,0,0,0,0,0,0
'8998009020216,'8998009020216,BUAVITA LECI 250ML,NULL,NULL,7375,10300,10000,35.59322,N,N,0,0,0,15,14,N,0,,0,0,0,0,0,0
'8998009011214,'8998009011214,ULTRA MILK LOW FAT COKLAT 250,NULL,NULL,6450,6450,8000,24.03101,N,N,0,0,0,3,3,N,0,,0,0,0,0,0,0
'8997239630097,'8997239630097,ADEM SARI MADU + LEMON,NULL,NULL,5450,5450,8000,46.78899,N,N,0,0,0,8,5,N,0,,0,0,0,0,0,0
'00564,'00654,ISOLASI KERTAS,NULL,NULL,0,0,12000,0,N,N,0,0,0,0,2,N,0,,0,0,0,0,0,0
'8991102883351,'8991102883351,BEER SINGARAJA 330ML,NULL,NULL,14000,14000,19000,35.71429,N,N,0,0,0,120,175,N,0,,0,0,0,0,0,0
'9556001288561,'9556001288561,NESCAFE CARAMEL MOCCHIATO 220,NULL,NULL,6000,6000,8000,33.33333,N,N,0,0,0,15,27,N,0,,0,0,0,0,0,0
'9556001295248,'9556001295248,NESCAFE ICE BLACK 220ML,NULL,NULL,6000,6000,8000,33.33333,N,N,0,0,0,19,40,N,0,,0,0,0,0,0,0
'8996001356753,'8996001356753,ASTOR 14G,NULL,NULL,917,917,1500,63.57688,N,N,0,0,0,32,16,N,0,,0,0,0,0,0,0
'00575,'00575,PAYUNG BESAR,NULL,NULL,0,0,40000,0,N,N,0,0,0,0,2,N,0,,0,0,0,0,0,0
'005487,'005487,PAYUNG KECIL,NULL,NULL,0,0,25000,0,N,N,0,0,0,0,6,N,0,,0,0,0,0,0,0
'8991002109377,'8991002109377,FRESHCO CAPPUCCINO 25G,NULL,NULL,1400,1400,2500,78.57143,N,N,0,0,0,10,9,N,0,,0,0,0,0,0,0
'8999168211422,'8999168211422,JUARA FILTER 12,NULL,NULL,23100,23100,25000,8.22511,N,N,0,0,0,9,13,N,0,,0,0,0,0,0,0
'8997168212135,'8997168212135,JUARA KRETEK,NULL,NULL,13300,13300,16000,20.30075,N,N,0,0,0,10,9,N,0,,0,0,0,0,0,0
'8997017791699,'8997017791699,WIN CLICK 20,NULL,NULL,27800,27800,30000,7.91367,N,N,0,0,0,7,11,N,0,,0,0,0,0,0,0
'8992775004562,'8992775004562,DILAN BAR 18G,NULL,NULL,1750,1750,2500,42.85714,N,N,0,0,0,12,11,N,0,,0,0,0,0,0,0
'8996001316023,'8996001316023,BONITA KELAPA PANDAN 40G,NULL,NULL,1500,1500,2500,66.66667,N,N,0,0,0,36,46,N,0,,0,0,0,0,0,0
'8993883490049,'8993883490049,GOPEK BBQ,NULL,NULL,1800,1800,2500,38.88889,N,N,0,0,0,10,31,N,0,,0,0,0,0,0,0
'7622210551733,'7622210551733,OREO RED VELVET,NULL,NULL,9000,9000,11000,22.22222,N,N,0,0,0,23,16,N,0,,0,0,0,0,0,0
'089686611519,'089686611519,QTELA ORIGINAL,NULL,NULL,5800,5800,7000,20.68966,N,N,0,0,0,7,7,N,0,,0,0,0,0,0,0
'089686723021,'089686723021,CHIKI TWIST 75G,NULL,NULL,5250,5250,7000,33.33333,N,N,0,0,0,3,2,N,0,,0,0,0,0,0,0
'8997225870841,'8997225870841,POTATOQ BBQ,NULL,NULL,1700,1700,2500,47.05882,N,N,0,0,0,20,54,N,0,,0,0,0,0,0,0
'8997225870766,'8997225870766,POTATOQ SEAWEED,NULL,NULL,1700,1700,2500,47.05882,N,N,0,0,0,20,42,N,0,,0,0,0,0,0,0
'IS,'0IS,ISI SETEPLESS,NULL,NULL,,0,1500,0,N,N,0,0,0,0,4,N,0,,0,0,0,0,0,0
'4978562418242,'4978562418242,isi safari steples,KCK,KACANG,0,0,1500,0,N,N,0,0,0,0,8,N,0,,0,0,0,0,0,0
'8995077600463,'8995077600463,KACANG DUA KELINCI SAND GRILLE,NULL,NULL,15900,15900,19000,19.49686,N,N,0,0,0,2,2,N,0,,0,0,0,0,0,0
'8992772586030,'8992772586030,ADEM SARI SPARKLING LEMON,NULL,NULL,5450,5450,8000,46.78899,N,N,0,0,0,0,8,N,0,,0,0,0,0,0,0
'0084,'0084,SIKAT EXSIS,NULL,NULL,3000,3000,6000,100,N,N,0,0,0,8,0,N,0,,0,0,0,0,0,0
'089686590135,'089686590135,CHIKI BALLS 10G,NULL,NULL,900,900,1500,66.66667,N,N,0,0,0,10,11,N,0,,0,0,0,0,0,0
'00874,'00874,OKKY KOKO DRINK LECI,NULL,NULL,1375,1495.53,2000,45.45455,N,N,0,0,0,24,6,N,0,,0,0,0,0,0,0
'8994834007590,'8994834007590,SPIX SOBA AYAM BAKAR,NULL,NULL,2000,2000,4000,100,N,N,0,0,0,4,0,N,0,,0,0,0,0,0,0
'8997016060802,'8997016060802,A SATU BOLD,RK,ROKOK,24500,24500,27000,10.20408,N,N,0,0,1,3,4,N,0,,0,0,0,0,0,0
'8996006862174,'8996006862174,FRUIT TEA COCO 350 ML,BTL,MINUMAN,3500,3500,5000,42.85714,N,N,0,0,12,0,1,N,0,,0,0,0,0,0,0
'8998667100206,'8998667100206,PARAMEX,NULL,NULL,3000,3000,5000,66.66667,N,N,0,0,0,5,4,N,0,,0,0,0,0,0,0
'8997004306509,'8997004306509,OISHI POPCORN KARAMEL 20G,NULL,NULL,1800,1800,3000,66.66667,N,N,0,0,0,70,20,N,0,,0,0,0,0,0,0
'8997004306516,'8997004306516,OISHI POPCORN CHOCOLATE 20G,NULL,NULL,1800,1800,3000,66.66667,N,N,0,0,0,30,25,N,0,,0,0,0,0,0,0
'8992775311622,'8992775311622,GERY SALUT COCONUT ROLL,NULL,NULL,458,458,1000,118.34061,N,N,0,0,0,24,1,N,0,,0,0,0,0,0,0
'8886013492122,'8886013492122,GORIORIO BISKUIT SUSU MADU,NULL,NULL,900,900,1500,66.66667,N,N,0,0,0,0,0,N,0,,0,0,0,0,0,0
'8999999529833,'8999999529833,CLEAR ANTI KETOMBE SASET,NULL,NULL,875,875,2000,128.57143,N,N,0,0,0,0,3,N,0,,0,0,0,0,0,0
'4902430563888,'4902430563888,PANTENE HITAM GLOW SASET,NULL,NULL,875,875,2000,128.57143,N,N,0,0,0,0,11,N,0,,0,0,0,0,0,0
'8999999529819,'8999999529819,CLEAR SOFT CARE SASET,NULL,NULL,875,875,2000,128.57143,N,N,0,0,0,0,10,N,0,,0,0,0,0,0,0
'4902430759229,'4902430759229,PANTENE KONDISIONER SASET,NULL,NULL,875,875,2000,128.57143,N,N,0,0,0,0,3,N,0,,0,0,0,0,0,0
'8992775406281,'8992775406281,OKKY JELLY DRINK STRAWBERRY,NULL,NULL,1375,1375,2000,45.45455,N,N,0,0,0,96,98,N,0,,0,0,0,0,0,0
'8996001600153,'8996001600153,KOPIKAP CAPPUCCINO,NULL,NULL,917,917,1500,63.57688,N,N,0,0,0,0,26,N,0,,0,0,0,0,0,0
'8992696430860,'8992696430860,KOKO KRUNCH 80G,NULL,NULL,10700,10700,13000,21.49533,N,N,0,0,0,2,0,N,0,,0,0,0,0,0,0
'8991102989381,'8991102989381,TANGO CHOCO TIRAMISU 120G,NULL,NULL,4900,4900,7000,42.85714,N,N,0,0,0,1,1,N,0,,0,0,0,0,0,0
'8998866202954,'8998866202954,GURIBEE BBQ BALADO 65G,NULL,NULL,6500,6500,8000,23.07692,N,N,0,0,0,7,3,N,0,,0,0,0,0,0,0
'8998866202978,'8998866202978,GURIBEE SEAWEED 65G,NULL,NULL,7000,7000,9000,28.57143,N,N,0,0,0,3,3,N,0,,0,0,0,0,0,0
'8997011930612,'8997011930612,LADAKU 2.5G,NULL,NULL,917,917,1500,63.57688,N,N,0,0,0,12,9,N,0,,0,0,0,0,0,0
'089686386127,'089686386127,INDOFOOD RACIK NASGOR SOSIS,NULL,NULL,1275,1275,2000,56.86275,N,N,0,0,0,12,1,N,0,,0,0,0,0,0,0
'089686386011,'089686386011,INDOFOOD RACIK NASI GORENG,NULL,NULL,1275,1275,2000,56.86275,N,N,0,0,0,12,10,N,0,,0,0,0,0,0,0
'00595,'00595,ARAK BALI,NULL,NULL,37000,37000,45000,21.62162,N,N,0,0,0,0,22,N,0,,0,0,0,0,0,0
'169622041154,'169622041154,WIJA SOJU GREEN GRAPE,NULL,NULL,61000,61000,75000,22.95082,N,N,0,0,2,0,10,N,0,,0,0,0,0,0,0
'169622033154,'169622033154,WIJA SOJU LYCHEE,NULL,NULL,61000,61000,75000,22.95082,N,N,0,0,2,0,4,N,0,,0,0,0,0,0,0
'169622031154,'169622031154,WIJA SOJU ORIGINAL,NULL,NULL,61000,61000,75000,22.95082,N,N,0,0,2,0,3,N,0,,0,0,0,0,0,0
'00051,'00051,WIJA SOJU MANGO,NULL,NULL,61000,61000,75000,22.95082,N,N,0,0,2,0,2,N,0,,0,0,0,0,0,0
'00052,'00052,WIJA SOJU MANGO,NULL,NULL,61000,61000,75000,22.95082,N,N,0,0,2,0,0,N,0,,61000,61000,0,0,0,0
'00053,'00053,WIJA SOJU LEMON,NULL,NULL,61000,61000,75000,22.95082,N,N,0,0,2,0,4,N,0,,61000,61000,0,0,0,0
'8993175551588,'8993175551588,NABATI WAFER BUTTER CARAMEL,NULL,NULL,1800,1800,3000,66.66667,N,N,0,0,0,3,1,N,0,,0,0,0,0,0,0
'8888166606166,'8888166606166,SUPERCO 138G,NULL,NULL,7500,7500,10000,33.33333,N,N,0,0,0,6,5,N,0,,0,0,0,0,0,0
'8991002105676,'8991002105676,KOPI KAPAL API KOPI SUSU,NULL,NULL,1230,1230,2000,62.60163,N,N,0,0,0,10,11,N,0,,0,0,0,0,0,0
'8850389108314,'8850389108314,MOGU MOGU GRAPE,NULL,NULL,9000,9000,11000,22.22222,N,N,0,0,0,7,18,N,0,,0,0,0,0,0,0
'8997021870151,'8997021870151,FRESHCARE STRONG,NULL,NULL,15000,15000,18000,20,N,N,0,0,0,4,3,N,0,,0,0,0,0,0,0
'8997021870014,'8997021870014,FRESHCARE CITRUS,NULL,NULL,15000,15000,18000,20,N,N,0,0,0,4,1,N,0,,0,0,0,0,0,0
'8996001600696,'8996001600696,TUJUH KURMA 189ML,NULL,NULL,8750,8750,11000,25.71429,N,N,0,0,0,12,3,N,0,,0,0,0,0,0,0
'8995899250150,'8995899250150,BON CABE ORIGINAL LV30,NULL,NULL,1200,1200,2000,66.66667,N,N,0,0,0,10,7,N,0,,0,0,0,0,0,0
'8992756333445,'8992756333445,BEER ANKER 620ML,NULL,NULL,35000,38500,38000,8.57143,N,N,0,0,0,18,34,N,0,,0,0,0,0,0,0
'8996006858245,'8996006858245,TEBS MIX FRUIT 300ML,NULL,NULL,4000,4000,5000,25,N,N,0,0,0,84,107,N,0,,0,0,0,0,0,0
'8995029004035,'8995029004035,WAFER ROLL'S 12G,NULL,NULL,450,450,1000,122.22222,N,N,0,0,0,20,0,N,0,,0,0,0,0,0,0
'7622201402709,'7622201402709,OREO WAFER 140 G,MKN,NULL,7500,7500,10000,33.33333,N,N,0,0,5,0,4,N,0,,0,0,0,0,0,0
'8998866201636,'8998866201636,POTABE MELTED STEAK,MKN,NULL,8000,8000,10000,25,N,N,0,0,5,0,5,N,0,,0,0,0,0,0,0
'8993189230059,'8993189230059,CHARM SAFE NIGHT 5 PADS,NULL,NULL,5000,5000,7000,40,N,N,0,0,0,6,6,N,0,,0,0,0,0,0,0
'8996001321515,'8996001321515,KIS MINT CHERRY 125G,NULL,NULL,6000,6000,9000,50,N,N,0,0,0,2,0,N,0,,0,0,0,0,0,0
'8992775005392,'8992775005392,GARUDA CRUNCHY POTATO NET,NULL,NULL,1750,1750,2500,42.85714,N,N,0,0,0,10,2,N,0,,0,0,0,0,0,0
'8992775002193,'8992775002193,Garuda Crunchy bbq,P,PERMEN,1800,1800,2500,38.88889,N,N,0,0,10,0,13,N,0,,0,0,0,0,0,0
'8993175532464,'8993175532464,RICHEESE NABATI 75G,SNK,SNACK,4500,4500,6000,33.33333,N,N,0,0,3,0,0,N,0,,0,0,0,0,0,0
'8000500224281,'8000500224281,NUTELLA B-READY 22G,CKL,COKELAT,8500,8500,11000,29.41176,N,N,0,0,4,0,0,N,0,,0,0,0,0,0,0
'9556001670700,'9556001670700,KITKAT 4FF 35G,CKL,COKELAT,8000,8000,11000,37.5,N,N,0,0,4,4,5,N,0,,0,0,0,0,0,0
'8000500066027,'8000500066027,KINDER BUENO 43G,CKL,COKELAT,14000,14000,17000,21.42857,N,N,0,0,3,0,1,N,0,,14000,0,0,0,0,0
'8992957221367,'8992957221367,GOLDEN CITY Lagie,CKL,COKELAT,4000,4250,6000,33.33333,N,N,0,0,3,3,0,N,0,,0,0,0,0,0,0
'8992388145324,'8992388145324,NIU CHOCO HAZELNUT,NULL,NULL,6900,6900,8000,15.94203,N,N,0,0,0,17,24,N,0,,0,0,0,0,0,0
'20654,'654103,SANDAL SWALLOW CEWEK,NULL,NULL,14000,14000,20000,42.85714,N,N,0,0,0,6,3,N,0,,0,0,0,0,0,0
'8994834005916,'8994834005916,Spix mi goreng 16g,MIE,MIE,1000,1000,1500,50,N,N,0,0,0,0,35,N,0,,0,0,0,0,0,0
'8999168211583,'8999168211583,ESSE DOUBLE POP,NULL,NULL,39700,37100,43000,8.31234,N,N,0,0,0,13,11,N,0,,0,0,0,0,0,0
'8991906101545,'8991906101545,DJARUM KING FILTER,NULL,NULL,18300,18300,21000,14.7541,N,N,0,0,0,3,3,N,0,,0,0,0,0,0,0
'8990016101520,'8990016101520,SOBER KRETEK,NULL,NULL,5600,5600,8000,42.85714,N,N,0,0,0,2,2,N,0,,0,0,0,0,0,0
'8999999594602,'8999999594602,FEAST DUO,NULL,NULL,3636,3636,7000,92.51925,N,N,0,0,0,21,17,N,0,,0,0,0,0,0,0
'8999909006942,'8999909006942,SAMPURNA MILD ICON,RK,ROKOK,28100,28100,30000,6.76157,N,N,0,0,2,4,17,N,0,,0,0,0,0,0,0
'8998866203388,'8998866203388,POTABE BLACK TRUFFLE,MKN,NULL,8200,8200,10000,21.95122,N,N,0,0,6,0,10,N,0,,0,0,0,0,0,0
'8998866202473,'8998866202473,JAPOTA MADU,MKN,NULL,8700,8700,11000,26.43678,N,N,0,0,6,6,2,N,0,,0,0,0,0,0,0
'8998866203494,'8998866203494,JAPOTA SAMBAL BAWANG,MKN,NULL,8700,8700,11000,26.43678,N,N,0,0,6,0,1,N,0,,0,0,0,0,0,0
'8996001302347,'8996001302347,SARI GANDUM 240 GR,MKN,NULL,9000,9000,12000,33.33333,N,N,0,0,5,0,3,N,0,,0,0,0,0,0,0
'8996001305058,'8996001305058,ROMA SANDWICH,MKN,NULL,7333,6988.67,9000,22.73285,N,N,0,0,7,6,8,N,0,,0,0,0,0,0,0
'8993053121407,'8993053121407,PASEO SMART 250 SHEET,TS,NULL,10500,10500,14000,33.33333,N,N,0,0,5,10,13,N,0,,0,0,0,0,0,0
'8992759170580,'8992759170580,JOLLY TISUE,TS,NULL,7500,7500,10000,33.33333,N,N,0,0,5,0,10,N,0,,0,0,0,0,0,0
'8994449080025,'8994449080025,SUNKIST LEMON WATER,NULL,NULL,4600,4600,7000,52.17391,N,N,0,0,0,9,9,N,0,,0,0,0,0,0,0
'8994588342114,'8994588342114,CHEERS 600ML,NULL,NULL,1325,1325,4000,201.88679,N,N,0,0,0,72,57,N,0,,0,0,0,0,0,0
'8994588342121,'8994588342121,CHEERS 1500ML,AIR,AIR,2882,2882,7000,142.88688,N,N,0,0,0,24,60,N,0,,0,0,0,0,0,0
'8996001314005,'8996001314005,ROMA KELAPA COKLAT,MKN,NULL,8000,8000,12000,50,N,N,0,0,7,0,6,N,0,,0,0,0,0,0,0
'041,'041,PLASTIK SAMPAH,NULL,NULL,1000,1000,2000,100,N,N,0,0,0,0,16,N,0,,0,0,0,0,0,0
'8994834007705,'8994834007705,SPIX SOBA BALADO 16G,NULL,NULL,850,850,1500,76.47059,N,N,0,0,0,20,19,N,0,,0,0,0,0,0,0
'8994834007712,'8994834007712,SPIX SOBA AYAM BAKAR 16G,NULL,NULL,850,850,1500,76.47059,N,N,0,0,0,20,2,N,0,,0,0,0,0,0,0
'0654,'0654,JARUM,NULL,NULL,3500,3500,6000,71.42857,N,N,0,0,0,24,3,N,0,,0,0,0,0,0,0
'9556057447011,'9556057447011,SOMERSBY APPLE 330ML,NULL,NULL,43750,43750,50000,14.28571,N,N,0,0,0,15,14,N,0,,0,0,0,0,0,0
'8999999572303,'8999999572303,SUNLIGHT 460ML,NULL,NULL,9500,9500,12000,26.31579,N,N,0,0,0,14,13,N,0,,0,0,0,0,0,0
'8992718853806,'8992718853806,CUP NOODLES CHICKEN,C,CEMILAN,5475,5475,8000,46.11872,N,N,0,0,0,12,0,N,0,,0,0,0,0,0,0
'8992718853813,'8992718853813,CUP NOODLES BEEF,NULL,NULL,5475,5475,8000,46.11872,N,N,0,0,0,12,1,N,0,,0,0,0,0,0,0
'8994755030950,'8994755030950,GOOD TIME ISI 4+1,NULL,NULL,1666,1666,2500,50.06002,N,N,0,0,0,48,50,N,0,,0,0,0,0,0,0
'8992775311547,'8992775311547,CHOCOLATOS DARK CHOCO,NULL,NULL,1700,1700,2500,47.05882,N,N,0,0,0,10,12,N,0,,0,0,0,0,0,0
'8991906101668,'8991906101668,DJARUM 76 KRETEK 12,NULL,NULL,13500,13500,16000,18.51852,N,N,0,0,0,2,2,N,0,,0,0,0,0,0,0
'8991906101774,'8991906101774,MADU HITAM 76,NULL,NULL,12800,12800,15000,17.1875,N,N,0,0,0,2,2,N,0,,0,0,0,0,0,0
'089686732078,'089686732078,CHITATO LITE SALMON TERIYAKI,NULL,NULL,10000,9875,12000,26.31579,N,N,0,0,0,9,6,N,0,,0,0,0,0,0,0
'8997004306950,'8997004306950,OISHI POPCORN JAGUNG BERONDONG,NULL,NULL,1800,1800,3000,66.66667,N,N,0,0,0,20,21,N,0,,0,0,0,0,0,0
'8992946533662,'8992946533662,MINYAK FITRI 100ML,NULL,NULL,7500,7500,11000,46.66667,N,N,0,0,0,14,23,N,0,,0,0,0,0,0,0
'8997223481018,'8997223481018,NATION LINE 16,NULL,NULL,17700,17700,20000,12.99435,N,N,0,0,0,2,5,N,0,,0,0,0,0,0,0
'8997017791521,'8997017791521,WIN FILTER 20 KRETEK,NULL,NULL,26700,26433.33,29000,8.61423,N,N,0,0,0,5,4,N,0,,0,0,0,0,0,0
'8997017791552,'8997017791552,WIN FILTER 12 KRETEK,NULL,NULL,16700,16700,19000,13.77246,N,N,0,0,0,6,5,N,0,,0,0,0,0,0,0
'089686729009,'089686729009,DORITOS ROASTED CORN 20G,NULL,NULL,1750,1750,2500,42.85714,N,N,0,0,0,0,3,N,0,,0,0,0,0,0,0
'8997217370311,'8997217370311,CAMEL PURPLE 12,NULL,NULL,15600,15600,18000,15.38462,N,N,0,0,0,2,2,N,0,,0,0,0,0,0,0
'8999999540456,'8999999540456,CORNETTO STRAWBERRY&VANILLA,NULL,NULL,4300,4300,7000,62.7907,N,N,0,0,0,12,2,N,0,,0,0,0,0,0,0
'8850389108291,'8850389108291,MOGU MOGU NANAS,NULL,NULL,9000,9000,11000,22.22222,N,N,0,0,0,15,19,N,0,,0,0,0,0,0,0
'8997218380401,'8997218380401,ICHITAN KOREAN STRW MILK,NULL,NULL,7300,7300,10000,36.9863,N,N,0,0,0,24,16,N,0,,0,0,0,0,0,0
'8997218380340,'8997218380340,ICHITAN KOREAN BANANA MILK,NULL,NULL,7300,7300,10000,36.9863,N,N,0,0,0,23,19,N,0,,6796.88,6796.88,-6.89212,-6.89212,0,0
'8990800006727,'8990800006727,MENTOS GRAPE 37G,NULL,NULL,3500,3500,6000,71.42857,N,N,0,0,0,4,4,N,0,,0,0,0,0,0,0
'8998685013007,'8998685013007,HEXOS BARLEY MINT,NULL,NULL,1700,1700,4000,135.29412,N,N,0,0,0,6,7,N,0,,0,0,0,0,0,0
'8991001243041,'8991001243041,TOP TRIPLE CHOCOLATE 32G,NULL,NULL,3600,3600,5000,38.88889,N,N,0,0,0,3,0,N,0,,0,0,0,0,0,0
'8991001122018,'8991001122018,DELFI FRUIT & NUT 25G,NULL,NULL,7500,7500,11000,46.66667,N,N,0,0,0,4,2,N,0,,0,0,0,0,0,0
'95502489,'95502489,KITKAT 17G,NULL,NULL,4500,4500,6000,33.33333,N,N,0,0,0,4,3,N,0,,0,0,0,0,0,0
'8851019230573,'8851019230573,POCKY STRAWBERRY 21G,NULL,NULL,4000,4000,6000,50,N,N,0,0,0,3,3,N,0,,0,0,0,0,0,0
'8990044000086,'8990044000086,POCKY COOKIES & CREAM 20G,NULL,NULL,4000,4000,6000,50,N,N,0,0,0,3,2,N,0,,0,0,0,0,0,0
'8994075250359,'8994075250359,MOMOGI CHOCOLATE 50G,NULL,NULL,4500,4500,6000,33.33333,N,N,0,0,0,4,3,N,0,,0,0,0,0,0,0
'8996001523230,'8996001523230,MI GELAS SOTO AYAM,NULL,NULL,1300,1300,3000,122.22222,N,N,0,0,0,20,3,N,0,,0,0,0,0,0,0
'8996001523223,'8996001523223,MI GELAS KARI AYAM,NULL,NULL,1300,1300,3000,122.22222,N,N,0,0,0,20,6,N,0,,0,0,0,0,0,0
'8996001523216,'8996001523216,MI GELAS AYAM BAWANG,NULL,NULL,1300,1300,3000,122.22222,N,N,0,0,0,20,18,N,0,,0,0,0,0,0,0
'7622300761349,'7622300761349,OREO MINI ORIGINAL,NULL,NULL,7000,7000,10000,42.85714,N,N,0,0,0,6,5,N,0,,0,0,0,0,0,0
'7622210462534,'7622210462534,OREO MINI STRAWBERRY,NULL,NULL,7000,7000,10000,42.85714,N,N,0,0,0,5,1,N,0,,0,0,0,0,0,0
'202110283,'202110283,ASTOR MINI BLACK VANILLA,NULL,NULL,4000,4000,6000,50,N,N,0,0,0,1,0,N,0,,0,0,0,0,0,0
'202110280,'202110280,ASTOR MINI PANDAN,NULL,NULL,4000,4000,6000,50,N,N,0,0,0,1,1,N,0,,0,0,0,0,0,0
'202110281,'202110281,ASTOR MINI STRAWBERRY,NULL,NULL,4000,4000,6000,50,N,N,0,0,0,1,0,N,0,,0,0,0,0,0,0
'6901668053121,'6901668053121,OREO ORIGINAL 64G,NULL,NULL,5500,5500,7000,27.27273,N,N,0,0,0,5,11,N,0,,0,0,0,0,0,0
'6941976213138,'6941976213138,ELFBAR SAKURA GRAPE,NULL,NULL,144000,144000,180000,25,N,N,0,0,0,8,8,N,0,,0,0,0,0,0,0
'6941976213183,'6941976213183,ELFBAR WATERMELON,NULL,NULL,144000,144000,180000,25,N,N,0,0,0,9,15,N,0,,0,0,0,0,0,0
'6941976254360,'6941976254360,ELFBAR ICE TEA,NULL,NULL,144000,144000,180000,25,N,N,0,0,0,3,6,N,0,,0,0,0,0,0,0
'6941976221256,'6941976221256,ELFBAR BANANA MILK,NULL,NULL,144000,144000,180000,25,N,N,0,0,0,8,12,N,0,,0,0,0,0,0,0
'6941976213121,'6941976213121,ELFBAR PINEAPPLE COCONUT,NULL,NULL,144000,144000,180000,25,N,N,0,0,0,8,13,N,0,,0,0,0,0,0,0
'6941976213084,'6941976213084,ELFBAR BLUE RAZZ ICE,NULL,NULL,144000,144000,180000,25,N,N,0,0,0,9,16,N,0,,0,0,0,0,0,0
'6941976221294,'6941976221294,ELFBAR LEMON MINT,NULL,NULL,144000,144000,180000,25,N,N,0,0,0,8,7,N,0,,0,0,0,0,0,0
'6941976221331,'6941976221331,ELFBAR STRAWBERRY ICE CREAM,NULL,NULL,144000,144000,180000,25,N,N,0,0,0,9,15,N,0,,0,0,0,0,0,0
'6941976213169,'6941976213169,ELFBAR TRIPLE MANGO,NULL,NULL,144000,144000,180000,25,N,N,0,0,0,9,13,N,0,,0,0,0,0,0,0
'6941976221270,'6941976221270,ELFBAR JUICY PEACH,NULL,NULL,144000,144000,180000,25,N,N,0,0,0,9,15,N,0,,0,0,0,0,0,0
'8999999595647,'8999999595647,MAGNUM MATCHA CRUMBLE,NULL,NULL,14415,14415,18000,24.86993,N,N,0,0,0,24,13,N,0,,0,0,0,0,0,0
'8993175541626,'8993175541626,RICHEESE NABATI WAFER 17G,NULL,NULL,900,900,1500,66.66667,N,N,0,0,0,10,1,N,0,,0,0,0,0,0,0
'8996001358375,'8996001358375,WAFELLO COCONUT CREME,NULL,NULL,900,900,1500,66.66667,N,N,0,0,0,10,5,N,0,,0,0,0,0,0,0
'144254,'64565,ANGGUR MERAH ORANG TUA,NULL,NULL,65000,65000,75000,15.38462,N,N,0,0,0,5,22,N,0,,0,0,0,0,0,0
'7622201430153,'7622201430153,OREO CHOCOLATE CREME 27G,NULL,NULL,1750,1750,3000,71.42857,N,N,0,0,0,12,10,N,0,,0,0,0,0,0,0
'8991102883337,'8991102883337,SINGARAJA 620ML,NULL,NULL,22500,22500,28000,24.44444,N,N,0,0,0,96,136,N,0,,0,0,0,0,0,0
'8886002100236,'8886002100236,DRAFT BEER 620ML,NULL,NULL,25400,25400,31000,22.04724,N,N,0,0,0,168,382,N,0,,0,0,0,0,0,0
'089686041705,'089686041705,INDOMIE GORENG JUMBO,NULL,NULL,3541,3541,4500,27.08274,N,N,0,0,0,24,19,N,0,,0,0,0,0,0,0
'8993496001083,'8993496001083,MINYAK GORENG SANIA 1L,NULL,NULL,17000,17000,21000,23.52941,N,N,0,0,0,0,2,N,0,,0,0,0,0,0,0
'8993496106504,'8993496106504,MINYAK GORENG FORTUNE 1L,NULL,NULL,17500,17500,21000,20,N,N,0,0,0,0,1,N,0,,0,0,0,0,0,0
'8993379500337,'8993379500337,MINYAK GORENG SUNCO 500ML,NULL,NULL,9500,9500,13000,36.84211,N,N,0,0,0,0,5,N,0,,0,0,0,0,0,0
'089686401721,'089686401721,INDOFOOD SAUS TOMAT,NULL,NULL,5000,5000,7000,40,N,N,0,0,0,3,0,N,0,,0,0,0,0,0,0
'8996001354063,'8996001354063,BENG-BENG NUTS ALMOND,NULL,NULL,4666,4666,6000,28.5898,N,N,0,0,0,15,7,N,0,,0,0,0,0,0,0
'8997004302501,'8997004302501,OISHI POPCORN CARAMEL 100G,NULL,NULL,15300,14940,18000,17.64706,N,N,0,0,0,8,8,N,0,,0,0,0,0,0,0
'8997004302952,'8997004302952,OISHI POPCORN MENTEGA 100G,NULL,NULL,13500,13500,17000,25.92593,N,N,0,0,0,4,3,N,0,,0,0,0,0,0,0
'8997004302518,'8997004302518,OISHI POPCORN CHOCOLATE 100G,NULL,NULL,13500,13500,17000,25.92593,N,N,0,0,0,4,2,N,0,,0,0,0,0,0,0
'8994834001192,'8994834001192,TIC TIC BAWANG 70G,NULL,NULL,5000,5000,7000,40,N,N,0,0,0,10,6,N,0,,0,0,0,0,0,0
'8994834006135,'8994834006135,TIC TIC BAWANG + SAOS,NULL,NULL,5000,5000,7000,40,N,N,0,0,0,4,4,N,0,,0,0,0,0,0,0
'8996001304037,'8996001304037,SLAI OLAI BLUEBERRY 192G,NULL,NULL,8500,8500,12000,41.17647,N,N,0,0,0,4,0,N,0,,0,0,0,0,0,0
'8996001304020,'8996001304020,SLAI OLAI NANAS 192G,NULL,NULL,8500,8500,12000,41.17647,N,N,0,0,0,10,2,N,0,,0,0,0,0,0,0
'089686723052,'089686723052,CHIKI TWIST AYAM PANGGANG 75G,NULL,NULL,5700,5600,7000,22.80702,N,N,0,0,0,10,6,N,0,,0,0,0,0,0,0
'8993004788147,'8993004788147,SMAX BALLS 70G,NULL,NULL,5500,5500,7000,27.27273,N,N,0,0,0,4,3,N,0,,0,0,0,0,0,0
'8991001111944,'8991001111944,DELFI TAKE IT MILK 35G,NULL,NULL,7192,7192,10000,39.04338,N,N,0,0,0,10,8,N,0,,0,0,0,0,0,0
'8991001112927,'8991001112927,DELFI TAKE IT GREEN TEA 35G,NULL,NULL,7192,7192,10000,39.04338,N,N,0,0,0,10,8,N,0,,0,0,0,0,0,0
'089686590098,'089686590098,CHIKI BALLS CRAFTY CHEESE 16G,NULL,NULL,1600,1600,2500,56.25,N,N,0,0,0,20,27,N,0,,0,0,0,0,0,0
'089686590197,'089686590197,CHIKI BALLS CHEECKU CHICKEN 16,NULL,NULL,1600,1600,2500,56.25,N,N,0,0,0,20,30,N,0,,0,0,0,0,0,0
'8992775002933,'8992775002933,GERY SALUT MALKIS DOUBLE ABON,NULL,NULL,6000,6000,8000,33.33333,N,N,0,0,0,4,1,N,0,,0,0,0,0,0,0
'8998009011207,'8998009011207,ULTRA MILK LOW FAT COKLAT,NULL,NULL,21500,21500,25000,16.27907,N,N,0,0,0,2,0,N,0,,0,0,0,0,0,0
'089686827798,'089686827798,COCOBIT LECI,NULL,NULL,5750,5750,8000,39.13043,N,N,0,0,0,4,2,N,0,,0,0,0,0,0,0
'16054,'0654034,TISSUE PASEO 2 PLY 50 SHEETS,NULL,NULL,2500,2500,7000,64.70588,N,N,0,0,0,5,5,N,0,,0,0,0,0,0,0
'8998899400204,'8998899400204,AUTAN ALL NIGHT,NULL,NULL,500,500,1500,200,N,N,0,0,0,24,28,N,0,,0,0,0,0,0,0
'8998899995946,'8998899995946,AUTAN SAKURA,NULL,NULL,500,500,1500,200,N,N,0,0,0,24,10,N,0,,0,0,0,0,0,0
'8993189270819,'8993189270819,MAMYPOKO PANTS L,NULL,NULL,1800,1800,4000,122.22222,N,N,0,0,0,10,1,N,0,,0,0,0,0,0,0
'8993189270833,'8993189270833,MAMYPOKO PANTS XL,NULL,NULL,2250,2250,4000,77.77778,N,N,0,0,0,10,0,N,0,,0,0,0,0,0,0
'089686010015,'089686010015,INDOMIE AYAM BAWANG,NULL,NULL,2700,2700,3500,29.62963,N,N,0,0,0,20,22,N,0,,0,0,0,0,0,0
'8980201379629,'8980201379629,KAWA-KAWA ANGGUR HIJAU,NULL,NULL,59333,59333,75000,26.4052,N,N,0,0,0,6,4,N,0,,0,0,0,0,0,0
'4800361002936,'4800361002936,NESTLE HONEY STAR,NULL,NULL,21000,21000,24000,14.28571,N,N,0,0,0,1,1,N,0,,0,0,0,0,0,0
'4800361002974,'4800361002974,NESTLE MILO CEREAL,NULL,NULL,21000,21000,24000,14.28571,N,N,0,0,0,1,0,N,0,,0,0,0,0,0,0
'4800361002851,'4800361002851,NESTLE KOKO KRUNCH,NULL,NULL,18565,18565,22000,18.50256,N,N,0,0,0,1,1,N,0,,0,0,0,0,0,0
'8997231840029,'8997231840029,TIGERS SNUS TABACCO PEPPERMINT,NULL,NULL,109000,109000,140000,28.44037,N,N,0,0,0,5,4,N,0,,0,0,0,0,0,0
'8997231840012,'8997231840012,TIGERS SNUS TABACCO ORIGINAL,NULL,NULL,109000,109000,140000,28.44037,N,N,0,0,0,5,1,N,0,,0,0,0,0,0,0
'8997231840036,'8997231840036,TIGERS SNUS TABACCO CLOVE,NULL,NULL,109000,109000,140000,28.44037,N,N,0,0,0,5,1,N,0,,0,0,0,0,0,0
'8999999595876,'8999999595876,CORNETTO POP BUTTER POPCORN,NULL,NULL,4037,4037,7000,73.39609,N,N,0,0,0,24,11,N,0,,0,0,0,0,0,0
'8991926101037,'8991926101037,FORTE ORIGINAL 20,NULL,NULL,24000,24000,26000,8.33333,N,N,0,0,0,2,2,N,0,,0,0,0,0,0,0
'089686611649,'089686611649,QTELA BARBEQUE 180G,NULL,NULL,15000,15000,18000,20,N,N,0,0,0,3,3,N,0,,0,0,0,0,0,0
'089686611540,'089686611540,QTELA ORIGINAL 180G,NULL,NULL,15000,15000,18000,20,N,N,0,0,0,3,3,N,0,,0,0,0,0,0,0
'9556156003347,'9556156003347,YEOS SOY BEAN,BTL,MINUMAN,4995,4995,8000,60.16016,N,N,0,0,6,0,2,N,0,,0,0,0,0,0,0
'8997228610925,'8997228610925,DAEBAK SPARK MUSCAT GRAPE,NULL,NULL,23000,23000,27000,17.3913,N,N,0,0,0,12,12,N,0,,0,0,0,0,0,0
'089686598766,'089686598766,CHITATO BBQ 168G,NULL,NULL,21600,21600,24000,11.11111,N,N,0,0,0,3,3,N,0,,0,0,0,0,0,0
'8995077606472,'8995077606472,TOSTOS ROASTED CORN 145G,NULL,NULL,10900,10900,14000,28.44037,N,N,0,0,0,4,4,N,0,,0,0,0,0,0,0
'8995077606496,'8995077606496,TOSTOS KOREAN BBQ 145G,NULL,NULL,10900,10900,14000,28.44037,N,N,0,0,0,4,4,N,0,,0,0,0,0,0,0
'8995077606489,'8995077606489,TOSTOS NACHO CHEESE 145G,NULL,NULL,10900,10900,14000,28.44037,N,N,0,0,0,4,3,N,0,,0,0,0,0,0,0
'089686732085,'089686732085,CHITATO LITE SAUS KRIM BWG 68G,NULL,NULL,10500,10500,12000,14.28571,N,N,0,0,0,6,1,N,0,,0,0,0,0,0,0
'089686598889,'089686598889,CHITATO MAXX SPICY MEXICAN 68G,NULL,NULL,10000,9483.33,11000,30.17751,N,N,0,0,0,12,7,N,0,,0,0,0,0,0,0
'089686590005,'089686590005,CHIKI BALLS CHEEKY CHKN 55G,NULL,NULL,5700,5700,7000,22.80702,N,N,0,0,0,6,6,N,0,,0,0,0,0,0,0
'8991102300544,'8991102300544,TANGO VANILLA 133G,NULL,NULL,12700,12700,15000,18.11024,N,N,0,0,0,6,3,N,0,,0,0,0,0,0,0
'8991102303309,'8991102303309,TANGO STRAWBEERY 133G,NULL,NULL,12700,12700,15000,18.11024,N,N,0,0,0,6,0,N,0,,0,0,0,0,0,0
'8991102300421,'8991102300421,TANGO CHOCOLATE 133G,NULL,NULL,12700,12700,15000,18.11024,N,N,0,0,0,6,1,N,0,,0,0,0,0,0,0
'8994504102334,'8994504102334,HELLO PANDA MILK 42G,NULL,NULL,7550,7550,10000,32.45033,N,N,0,0,0,4,4,N,0,,0,0,0,0,0,0
'8888166842557,'8888166842557,GENJI ORIGINAL PIE 70G,NULL,NULL,10900,10900,13000,19.26606,N,N,0,0,0,3,3,N,0,,0,0,0,0,0,0
'8990333162044,'8990333162044,LOTTE XYLITOL JERUK NIPIS,NULL,NULL,3600,3600,6000,66.66667,N,N,0,0,0,15,9,N,0,,0,0,0,0,0,0
'8990333162075,'8990333162075,LOTTE XYLITOL BLUBERRY MINT,NULL,NULL,3600,3600,6000,66.66667,N,N,0,0,0,10,8,N,0,,0,0,0,0,0,0
'8990333140172,'8990333140172,LOTTE XYLITOL STRAWBERRY MINT,NULL,NULL,3600,3600,6000,66.66667,N,N,0,0,0,5,8,N,0,,0,0,0,0,0,0
'8990333166073,'8990333166073,LOTTE XYLITOL BLUEBERRY 27G,NULL,NULL,8400,8400,11000,30.95238,N,N,0,0,0,12,11,N,0,,0,0,0,0,0,0
'8990333166042,'8990333166042,LOTTE XYLITOL JERUK NIPIS 22G,NULL,NULL,8400,8400,11000,30.95238,N,N,0,0,0,12,8,N,0,,0,0,0,0,0,0
'8990333166059,'8990333166059,LOTTE XYLITOL FRESH MINT 22G,NULL,NULL,8400,8400,11000,30.95238,N,N,0,0,0,12,9,N,0,,0,0,0,0,0,0
'8995077605659,'8995077605659,DEKA WAFER BITES DURIAN 72G,NULL,NULL,7200,7200,10000,38.88889,N,N,0,0,0,4,0,N,0,,0,0,0,0,0,0
'8995077605642,'8995077605642,DEKA WAFER BITES UBE 72G,NULL,NULL,7200,7200,10000,38.88889,N,N,0,0,0,4,0,N,0,,0,0,0,0,0,0
'8998866201889,'8998866201889,KRISBEE PILLOW STRAWBERRY 100G,NULL,NULL,9800,9800,12000,22.44898,N,N,0,0,0,3,1,N,0,,0,0,0,0,0,0
'8991102794619,'8991102794619,TANGO WAFFLE CHOCO HAZELNUT,NULL,NULL,1833,1833,3000,63.66612,N,N,0,0,0,36,27,N,0,,0,0,0,0,0,0
'089686599008,'089686599008,CHITATO INDOMIE GORENG 68G,NULL,NULL,10000,9833.33,12000,26.31579,N,N,0,0,0,11,5,N,0,,0,0,0,0,0,0
'064654,'6064543,ANGGUR MERAH 275ML,NULL,NULL,26000,26000,32000,23.07692,N,N,0,0,0,4,4,N,0,,0,0,0,0,0,0
'123321,'1123321,KANEBO,NULL,NULL,18000,18000,25000,38.88889,N,N,0,0,10,0,5,N,0,,0,0,0,0,0,0
'456789,'456789,ARAK KARANGASEM,BTL,MINUMAN,18000,18000,30000,66.66667,N,N,0,0,8,0,137,N,0,,0,0,0,0,0,0
'8999999597344,'8999999597344,FEAST MINI,NULL,NULL,2422,2422,5000,106.44096,N,N,0,0,0,36,21,N,0,,0,0,0,0,0,0
'8999999564162,'8999999564162,WALL'S COOKIES OREO,NULL,NULL,6500,6309.29,8000,23.07692,N,N,0,0,0,32,18,N,0,,0,0,0,0,0,0
'54654,'0546546,PERTAMAX,NULL,NULL,0,0,30000,0,N,N,0,0,0,0,1,N,0,,0,0,0,0,0,0
'8997225840165,'8997225840165,MOMOTARO,RTI,NULL,2000,2000,3000,50,N,N,0,0,6,0,9,N,0,,0,0,0,0,0,0
'8992745320050,'8992745320050,STELA ORANGE,NULL,NULL,11000,11000,15000,36.36364,N,N,0,0,3,0,0,N,0,,0,0,0,0,0,0
'8992745610892,'8992745610892,STELA LAVENDER,NULL,NULL,11000,11000,15000,36.36364,N,N,0,0,3,0,0,N,0,,0,0,0,0,0,0
'8999999598044,'8999999598044,WALLS COOKIES AND CREAM,NULL,NULL,3200,3200,5000,56.25,N,N,0,0,0,24,2,N,0,,0,0,0,0,0,0
'8999999595586,'8999999595586,MAGNUM CHOCOLATE LUXE,NULL,NULL,16000,16000,20000,25,N,N,0,0,0,12,17,N,0,,0,0,0,0,0,0
'089686605037,'089686605037,JETZ SWEET STICK 18G,NULL,NULL,2000,2000,2500,25,N,N,0,0,0,0,25,N,0,,0,0,0,0,0,0
'8993189272974,'8993189272974,MAMY POKO XXL1,NULL,NULL,0,0,4000,0,N,N,0,0,0,0,0,N,0,,0,0,0,0,0,0
'8992959953105,'8992959953105,SWEETY BRONZE PANTS XXL,NULL,NULL,0,0,22000,0,N,N,0,0,0,0,2,N,0,,0,0,0,0,0,0
'8997004302938,'8997004302938,OISHI TOSS RUMPUT LAUT 75G,NULL,NULL,8750,8750,11000,25.71429,N,N,0,0,0,4,4,N,0,,0,0,0,0,0,0
'8997004302914,'8997004302914,OISHI TOSS SAPI PANGGANG 75G,NULL,NULL,8750,8750,11000,25.71429,N,N,0,0,0,4,3,N,0,,0,0,0,0,0,0
'8999178760323,'8999178760323,MAITATOS KOREAN BBQ 70G,NULL,NULL,9000,9000,11000,22.22222,N,N,0,0,0,4,0,N,0,,0,0,0,0,0,0
'8999178760224,'8999178760224,MAITATOS CHILI BALADO 70G,NULL,NULL,9000,9000,11000,22.22222,N,N,0,0,0,4,0,N,0,,0,0,0,0,0,0
'089686723083,'089686723083,CHIKI TWIST FLAMING HOT,NULL,NULL,1600,1600,2500,56.25,N,N,0,0,0,30,14,N,0,,0,0,0,0,0,0
'8992745610519,'8992745610519,STELLA JAPANESE SAKURA 200ML,NULL,NULL,16500,16500,20000,21.21212,N,N,0,0,0,1,0,N,0,,0,0,0,0,0,0
'0651456,'065456,BATRAI ABC,NULL,NULL,8333,8333,12000,44.00576,N,N,0,0,0,6,2,N,0,,0,0,0,0,0,0
'8888103006868,'8888103006868,CUSSON BABY SAKURA,NULL,NULL,5500,5500,5000,66.66667,N,N,0,0,0,2,3,N,0,,0,0,0,0,0,0
'8993053641103,'8993053641103,PASEO ANTI BACTERIA 25 SHEETS,NULL,NULL,8000,8000,12000,50,N,N,0,0,0,2,2,N,0,,0,0,0,0,0,0
'8993200661657,'8993200661657,CIMORY BLUEBERRY,NULL,NULL,7500,7500,10000,33.33333,N,N,0,0,0,3,4,N,0,,0,0,0,0,0,0
'8993200665006,'8993200665006,CIMORY LOW FAT STRW&MANGO,NULL,NULL,7500,7500,10000,33.33333,N,N,0,0,0,3,2,N,0,,0,0,0,0,0,0
'8993200661350,'8993200661350,CIMORY MIXED FRUIT,NULL,NULL,7500,7500,10000,33.33333,N,N,0,0,0,3,5,N,0,,0,0,0,0,0,0
'8993200664986,'8993200664986,CIMORY LOW FAT TROPICAL FRUIT,NULL,NULL,7500,7500,10000,33.33333,N,N,0,0,0,3,2,N,0,,0,0,0,0,0,0
'8993200661336,'8993200661336,CIMORY MANGO,NULL,NULL,7500,7500,10000,33.33333,N,N,0,0,0,3,3,N,0,,0,0,0,0,0,0
'8993200661299,'8993200661299,CIMORY LYCHEE,NULL,NULL,7500,7500,10000,33.33333,N,N,0,0,0,3,2,N,0,,0,0,0,0,0,0
'8997017791859,'8997017791859,WIN KRETEK TEH MANIS,NULL,NULL,9600,9600,12000,25,N,N,0,0,0,5,5,N,0,,0,0,0,0,0,0
'8999168211606,'8999168211606,JUARA JAMBU,NULL,NULL,13300,13300,16000,20.30075,N,N,0,0,0,18,27,N,0,,0,0,0,0,0,0
'8999168211668,'8999168211668,ESSE CHANGE HIMALAYA,NULL,NULL,35300,35300,38000,7.64873,N,N,0,0,0,2,2,N,0,,0,0,0,0,0,0
'8999168211361,'8999168211361,ESSE CHANGE JUICY,NULL,NULL,28700,28700,31000,8.01394,N,N,0,0,0,2,2,N,0,,0,0,0,0,0,0
'5604560,'05456,AJI NO MOTO,NULL,NULL,0,0,1500,0,N,N,0,0,0,0,4,N,0,,0,0,0,0,0,0
'8992756333469,'8992756333469,ANKER STOUT,BTL,MINUMAN,24000,24000,30000,25,N,N,0,0,5,0,0,N,0,,0,0,0,0,0,0
'8998866202770,'8998866202770,MIE SEDAP SALERO PADANG,MIE,MIE,2875,2875,3500,21.73913,N,N,0,0,40,0,22,N,0,,0,0,0,0,0,0
'130,'23140,PERTAMAX,NULL,NULL,0,0,40000,0,N,N,0,0,0,0,1,N,0,,0,0,0,0,0,0
'8997035600546,'8997035600546,POCARI SWEAT 900ML,NULL,NULL,10400,9200,14000,34.61538,N,N,0,0,0,31,46,N,0,,0,0,0,0,0,0
'8886008101336,'8886008101336,AQUA 330ML,NULL,NULL,1583,1583,3000,89.51358,N,N,0,0,0,120,160,N,0,,0,0,0,0,0,0
'8992696525054,'8992696525054,DANCOW SASET,NULL,NULL,3500,3500,5000,42.85714,N,N,0,0,0,40,12,N,0,,0,0,0,0,0,0
'089686732061,'089686732061,CHITATO LITE SAPI PANGGANG 68G,NULL,NULL,10000,10000,12000,20,N,N,0,0,0,6,6,N,0,,0,0,0,0,0,0
'089686732115,'089686732115,CHITATO LITE ABURI SEAWEED,NULL,NULL,8750,8750,12000,37.14286,N,N,0,0,0,11,9,N,0,,0,0,0,0,0,0
'8992761002060,'8992761002060,COCA-COLA ZERO SUGAR 390ML,NULL,NULL,5600,5600,7000,25,N,N,0,0,0,8,64,N,0,,0,0,0,0,0,0
'8994452620096,'8994452620096,GLIZZ PURPLE,RK,ROKOK,21300,21300,23000,7.98122,N,N,0,0,1,1,2,N,0,,0,0,0,0,0,0
'8993175552660,'8993175552660,NABATI BIG ROLLS,NULL,NULL,900,900,1500,66.66667,N,N,0,0,0,20,12,N,0,,0,0,0,0,0,0
'8994755030998,'8994755030998,GOOD TIME CHOCO DIP,NULL,NULL,7500,7500,10000,33.33333,N,N,0,0,0,8,9,N,0,,0,0,0,0,0,0
'8997226730083,'8997226730083,SPIDOL MINTANA,NULL,NULL,7500,7500,10000,33.33333,N,N,0,0,0,12,2,N,0,,0,0,0,0,0,0
'8991733081218,'8991733081218,SPIDOL PERMANENT,NULL,NULL,8000,8000,10000,25,N,N,0,0,0,12,1,N,0,,0,0,0,0,0,0
'00594,'00594,JEPIT RAMBUT KECIL,NULL,NULL,3000,3000,5000,66.66667,N,N,0,0,0,24,5,N,0,,0,0,0,0,0,0
'6976035762135,'6976035762135,ZGAR BANANA CREAM,NULL,NULL,160000,160000,190000,18.75,N,N,0,0,0,2,0,N,0,,0,0,0,0,0,0
'6976035762159,'6976035762159,ZGAR FRESH COLA,NULL,NULL,160000,160000,190000,18.75,N,N,0,0,0,2,0,N,0,,0,0,0,0,0,0
'6976035762111,'6976035762111,ZGAR BLUEBERRY ICE,NULL,NULL,160000,160000,190000,18.75,N,N,0,0,0,2,2,N,0,,0,0,0,0,0,0
'6976035762128,'6976035762128,ZGAR STRAWBERRY ICE,NULL,NULL,160000,160000,190000,18.75,N,N,0,0,0,2,0,N,0,,0,0,0,0,0,0
'6976035762166,'6976035762166,ZGAR APPLE & PEACH,NULL,NULL,160000,160000,190000,18.75,N,N,0,0,0,2,2,N,0,,0,0,0,0,0,0
'6976035762197,'6976035762197,ZGAR WATERMELON ICE,NULL,NULL,160000,160000,190000,18.75,N,N,0,0,0,2,2,N,0,,0,0,0,0,0,0
'6976035762104,'6976035762104,ZGAR MANGO ICE,NULL,NULL,160000,160000,190000,18.75,N,N,0,0,0,2,2,N,0,,0,0,0,0,0,0
'6976035762142,'6976035762142,ZGAR FRESH MELON,NULL,NULL,160000,160000,190000,18.75,N,N,0,0,0,2,0,N,0,,0,0,0,0,0,0
'6976035762180,'6976035762180,ZGAR GUAVA ICE,NULL,NULL,160000,160000,190000,18.75,N,N,0,0,0,2,1,N,0,,0,0,0,0,0,0
'6976035762173,'6976035762173,ZGAR PASSIONFRUIT & MANGO,NULL,NULL,160000,160000,190000,18.75,N,N,0,0,0,2,2,N,0,,0,0,0,0,0,0
'653314504513,'653314504513,KUSUSKA RUMPUT LAUT 60G,NULL,NULL,6000,6000,8000,33.33333,N,N,0,0,0,12,5,N,0,,0,0,0,0,0,0
'8999999599706,'8999999599706,PADDLE POP UPIN IPIN,NULL,NULL,3250,3250,5000,53.84615,N,N,0,0,0,24,2,N,0,,0,0,0,0,0,0
'9065487,'906748,ALEXIS ANGGUR HIJAU,NULL,NULL,64350,64350,75000,16.55012,N,N,0,0,0,12,27,N,0,,0,0,0,0,0,0
'8999999589189,'8999999589189,SUNLIGHT 650ML,NULL,NULL,10417,10417,14000,34.3957,N,N,0,0,0,12,20,N,0,,0,0,0,0,0,0
'8994449080032,'8994449080032,SUNKIST ORANGE WATER,NULL,NULL,4600,4600,7000,52.17391,N,N,0,0,0,6,4,N,0,,0,0,0,0,0,0
'089686060256,'089686060256,POPMIE TORIKARA,NULL,NULL,5500,5500,7000,27.27273,N,N,0,0,0,6,1,N,0,,0,0,0,0,0,0
'8993883750846,'8993883750846,CLIMAX CLICK,NULL,NULL,24900,24900,27000,8.43373,N,N,0,0,0,2,2,N,0,,0,0,0,0,0,0
'8997017791606,'8997017791606,WIN KRETEK 12,NULL,NULL,8600,8600,11000,27.90698,N,N,0,0,0,3,3,N,0,,0,0,0,0,0,0
'8991102280211,'8991102280211,TANGO WAFFLE MOCCHA LATTE,NULL,NULL,1750,1750,3000,71.42857,N,N,0,0,0,12,11,N,0,,0,0,0,0,0,0
'8994452620133,'8994452620133,GLIZZ Yellow,RK,ROKOK,21300,21300,23000,7.98122,N,N,0,0,0,0,0,N,0,,21300,0,0,0,0,0
'8999999596873,'8999999596873,SWEET CORN WALLS,ES,ESKRIM,3200,3200,5000,56.25,N,N,0,0,15,0,4,N,0,,0,0,0,0,0,0
'8999999593384,'8999999593384,CORNETTO CLASSIC BLACK WHITE,ES,ESKRIM,3637,3637,7000,92.46632,N,N,0,0,24,0,14,N,0,,0,0,0,0,0,0
'8993175558556,'8993175558556,NEXTAR COOKIES KOREAN GOGUMA,NULL,NULL,1800,1800,3000,66.66667,N,N,0,0,0,10,7,N,0,,0,0,0,0,0,0
'8991102989534,'8991102989534,TANGO VANILLA 16G,NULL,NULL,900,900,1500,66.66667,N,N,0,0,0,0,2,N,0,,0,0,0,0,0,0
'8991102989428,'8991102989428,TANGO ROYAL CHOCO 16G,NULL,NULL,900,900,1500,66.66667,N,N,0,0,0,0,3,N,0,,0,0,0,0,0,0
'8991002502727,'8991002502727,MAYASI PEDAS 65G,NULL,NULL,9500,9500,12000,26.31579,N,N,0,0,0,6,5,N,0,,0,0,0,0,0,0
'8991002502680,'8991002502680,MAYASI SAPI PANGGANG 65G,NULL,NULL,9500,9500,12000,26.31579,N,N,0,0,0,4,2,N,0,,0,0,0,0,0,0
'8991002502338,'8991002502338,MAYASI BAWANG 65G,NULL,NULL,9500,9500,12000,26.31579,N,N,0,0,0,2,1,N,0,,0,0,0,0,0,0
'8999178780239,'8999178780239,MR.HOTTEST MAI KRONI BALADO,NULL,NULL,8750,8750,11000,25.71429,N,N,0,0,0,6,4,N,0,,0,0,0,0,0,0
'8999909012059,'8999909012059,DJI SAM SOE PREMIUM 12,NULL,NULL,18400,18400,21000,14.13043,N,N,0,0,0,3,3,N,0,,0,0,0,0,0,0
'8990800024615,'8990800024615,MENTOS MANGO TARO PEACH ORANGE,NULL,NULL,7000,7000,9000,28.57143,N,N,0,0,0,2,0,N,0,,0,0,0,0,0,0
'8990800022444,'8990800022444,ALPENLIEBE SMOOTH,NULL,NULL,7500,7500,10000,33.33333,N,N,0,0,0,0,0,N,0,,0,0,0,0,0,0
'8990800025063,'8990800025063,MENTOS FRESH ACTIOM,NULL,NULL,7500,7500,10000,33.33333,N,N,0,0,0,2,0,N,0,,0,0,0,0,0,0
'8998866202459,'8998866202459,JAPOTA RUMPUT LAUT 68G,NULL,NULL,8700,8700,11000,26.43678,N,N,0,0,0,0,6,N,0,,0,0,0,0,0,0
'089686590227,'089686590227,CHIKI BALLS WAGYU BEEF,NULL,NULL,5800,5800,8000,37.93103,N,N,0,0,0,4,0,N,0,,0,0,0,0,0,0
'089686735000,'089686735000,CHIKI NET POTATO BBQ,NULL,NULL,6000,6000,8000,33.33333,N,N,0,0,0,4,0,N,0,,0,0,0,0,0,0
'089686733006,'089686733006,CHIKI PUFFS CHEDDAR CHEESE,NULL,NULL,5500,5500,8000,45.45455,N,N,0,0,0,4,4,N,0,,0,0,0,0,0,0
'8992775311776,'8992775311776,DILAN WAFFLE,NULL,NULL,1666,1666,2500,50.06002,N,N,0,0,0,0,2,N,0,,0,0,0,0,0,0
'8993175547413,'8993175547413,NABATI TIME BREAK,NULL,NULL,900,900,2500,177.77778,N,N,0,0,0,0,5,N,0,,0,0,0,0,0,0
'8993175560535,'8993175560535,NABATI TIME BREAK GOGUMA,NULL,NULL,2000,2000,3000,50,N,N,0,0,0,0,6,N,0,,0,0,0,0,0,0
'8993200346318,'8993200346318,SOSIS KANZLER KEJU,MKN,NULL,7500,7538.46,10000,25,N,N,0,0,12,12,18,N,0,,0,0,0,0,0,0
'8993200347315,'8993200347315,SOSIS KANZLER MINI,MKN,NULL,8000,8000,10000,25,N,N,0,0,12,0,8,N,0,,0,0,0,0,0,0
'8993200661305,'8993200661305,CIMORY YOGURT STRAWBERRY,BTL,MINUMAN,7500,7500,10000,33.33333,N,N,0,0,4,0,1,N,0,,0,0,0,0,0,0
'8993200663040,'8993200663040,CIMORY YOGURT ALOE VERA,BTL,MINUMAN,7500,7500,10000,33.33333,N,N,0,0,4,0,2,N,0,,0,0,0,0,0,0
'8993200663057,'8993200663057,CIMORY YOGURT MIX BERRY,BTL,MINUMAN,7500,7500,10000,33.33333,N,N,0,0,4,0,3,N,0,,0,0,0,0,0,0
'8993200668700,'8993200668700,YOGURT CIMORY SQUEEZE THAI TEA,BTL,MINUMAN,9000,9000,12000,33.33333,N,N,0,0,2,0,0,N,0,,0,0,0,0,0,0
'8993200668335,'8993200668335,CIMORY SQUEEZE BROWN SUGAR,BTL,MINUMAN,9000,9000,12000,33.33333,N,N,0,0,1,0,0,N,0,,0,0,0,0,0,0
'8993200668298,'8993200668298,CIMORY SQUEEZE BANANA,BTL,MINUMAN,9000,9000,12000,33.33333,N,N,0,0,1,0,1,N,0,,0,0,0,0,0,0
'8993200661343,'8993200661343,CIMORY SQUEEZE MANGGO  S RICE,BTL,MINUMAN,9000,9000,12000,33.33333,N,N,0,0,2,0,2,N,0,,0,0,0,0,0,0
'8993200666942,'8993200666942,CIMORY SQUEEZE STRAWBERRY,BTL,MINUMAN,9000,9000,12000,33.33333,N,N,0,0,2,0,2,N,0,,0,0,0,0,0,0
'8993200668304,'8993200668304,CIMORY SQUEEZE TARO,BTL,MINUMAN,9000,9000,12000,33.33333,N,N,0,0,2,0,2,N,0,,0,0,0,0,0,0
'8993200667406,'8993200667406,CIMORY SQUEEZE PEACH,BTL,MINUMAN,9000,9000,12000,33.33333,N,N,0,0,2,0,2,N,0,,0,0,0,0,0,0
'8993200666959,'8993200666959,CIMORY SQUEEZE BLUEBERRY,BTL,MINUMAN,9000,9000,12000,33.33333,N,N,0,0,2,0,1,N,0,,0,0,0,0,0,0
'8992745120476,'8992745120476,HIT 600 ML,NULL,NULL,33000,33000,45000,36.36364,N,N,0,0,4,0,0,N,0,,0,0,0,0,0,0
'8996196226602,'8996196226602,CLOUD 9 CRUNCHY CHOCO,NULL,NULL,875,875,1500,71.42857,N,N,0,0,24,0,6,N,0,,0,0,0,0,0,0
'8996196226701,'8996196226701,CLOUD 9 CHURNCY VANILLA,MKN,NULL,875,875,1500,71.42857,N,N,0,0,24,24,11,N,0,,0,0,0,0,0,0
'8991102005760,'8991102005760,TANGO KELAPA 39G,NULL,NULL,1800,1800,3000,66.66667,N,N,0,0,0,0,2,N,0,,0,0,0,0,0,0
'8991102005746,'8991102005746,TANGO SASSY STRAWBERRY 39G,NULL,NULL,1800,1800,3000,66.66667,N,N,0,0,0,0,1,N,0,,0,0,0,0,0,0
'8992775100202,'8992775100202,DILAN SANDWICH CHEESE CHOCO,NULL,NULL,900,900,1500,66.66667,N,N,0,0,0,0,4,N,0,,0,0,0,0,0,0
'8992775004944,'8992775004944,DILAN SANDWICH 3 IN 1,NULL,NULL,900,900,1500,66.66667,N,N,0,0,0,0,10,N,0,,0,0,0,0,0,0
'8994755030936,'8994755030936,GOOD TIME MINI DOUBLE CHOC,NULL,NULL,1333,1333,2000,50.03751,N,N,0,0,0,0,25,N,0,,0,0,0,0,0,0
'8999999600808,'8999999600808,MAGNUM MANGO YOUGURT,NULL,NULL,16000,16000,20000,25,N,N,0,0,0,12,8,N,0,,0,0,0,0,0,0
'8850389108062,'8850389108062,MOGU MOGU LECI,NULL,NULL,9000,9000,11000,22.22222,N,N,0,0,0,6,6,N,0,,0,0,0,0,0,0
'089686821086,'089686821086,ICHI OCHA JASMINE,NULL,NULL,2850,2850,5000,75.4386,N,N,0,0,0,0,2,N,0,,0,0,0,0,0,0
'089686870022,'089686870022,ICHI OCHA GREEN TEA,NULL,NULL,2850,2850,5000,75.4386,N,N,0,0,0,0,1,N,0,,0,0,0,0,0,0
'8994985000372,'8994985000372,TEH SEJUK TEJA,NULL,NULL,3500,3500,5000,42.85714,N,N,0,0,0,0,6,N,0,,0,0,0,0,0,0
'8998866203531,'8998866203531,ISOPLUS COCO,NULL,NULL,2500,2500,5000,100,N,N,0,0,0,12,22,N,0,,0,0,0,0,0,0
'8992772586023,'8992772586023,ADEM SARI HERBAL TEA,NULL,NULL,6500,6500,8000,23.07692,N,N,0,0,0,0,7,N,0,,0,0,0,0,0,0
'8998389121596,'8998389121596,KOKOLA KUKIS BUTTER,NULL,NULL,6000,6000,9000,50,N,N,0,0,0,0,2,N,0,,0,0,0,0,0,0
'8998389121619,'8998389121619,KOKOLA KUKIS MOCHACHINO,NULL,NULL,6000,6000,9000,50,N,N,0,0,0,0,2,N,0,,0,0,0,0,0,0
'089686400045,'089686400045,INDOFOOD SAMBAL PEDAS DAHSYAT,NULL,NULL,7000,7000,10000,42.85714,N,N,0,0,0,0,0,N,0,,0,0,0,0,0,0
'8995077604669,'8995077604669,DUA KELINCI KACANG KORO,NULL,NULL,1600,1600,2500,56.25,N,N,0,0,0,0,8,N,0,,0,0,0,0,0,0
'8999999501594,'8999999501594,LIFEBUOY LEMON 1005,NULL,NULL,6500,6500,8000,23.07692,N,N,0,0,0,0,1,N,0,,0,0,0,0,0,0
'8998866611633,'8998866611633,NUVO FAMILY 100G,NULL,NULL,4833,4833,7000,44.83758,N,N,0,0,0,0,0,N,0,,0,0,0,0,0,0
'8998866809313,'8998866809313,GIV DAMASK ROSE & CHERRY BLOSS,NULL,NULL,3000,3000,6000,100,N,N,0,0,0,0,2,N,0,,0,0,0,0,0,0
'8998866809320,'8998866809320,GIV WHITE FLOWER & VANILLA,NULL,NULL,3000,3000,6000,100,N,N,0,0,0,0,2,N,0,,0,0,0,0,0,0
'8998389121602,'8998389121602,KOKOLA KUKIS KELAPA,NULL,NULL,7000,7000,9000,28.57143,N,N,0,0,0,0,2,N,0,,0,0,0,0,0,0
'8886013456483,'8886013456483,GO POTATO ORIGINAL 60G,NULL,NULL,4500,4500,6000,33.33333,N,N,0,0,0,0,3,N,0,,0,0,0,0,0,0
'8997225200037,'8997225200037,GREEN SANDS ORIGINAL KLG,NULL,NULL,7500,7500,10000,33.33333,N,N,0,0,0,10,7,N,0,,0,0,0,0,0,0
'8999510910003,'8999510910003,GROOVY SODA WATER,NULL,NULL,4750,4750,7000,47.36842,N,N,0,0,0,0,9,N,0,,0,0,0,0,0,0
'8993053121131,'8993053121131,TISSUE PASEO 2 PLY 280 SHEETS,NULL,NULL,11500,11500,15000,30.43478,N,N,0,0,0,0,4,N,0,,0,0,0,0,0,0
'9556001299178,'9556001299178,STARBUCK COFFE MOCHA,BTL,MINUMAN,11800,11800,15000,27.11864,N,N,0,0,3,0,3,N,0,,0,0,0,0,0,0
'9556001299154,'9556001299154,STARBUCK COFFE LATTE,BTL,MINUMAN,11800,11800,15000,27.11864,N,N,0,0,3,0,3,N,0,,0,0,0,0,0,0
'8994755030974,'8994755030974,GOOD TIME RAINBOW ISI 4 + 1,NULL,NULL,1666,1666,2500,50.06002,N,N,0,0,0,0,3,N,0,,0,0,0,0,0,0
'8994755031193,'8994755031193,GOOD TIME DOUBLE CHOC ISI 2,NULL,NULL,875,875,1500,71.42857,N,N,0,0,0,0,23,N,0,,0,0,0,0,0,0
'8888166606395,'8888166606395,SALTCHEESE,NULL,NULL,900,900,1500,66.66667,N,N,0,0,0,10,17,N,0,,0,0,0,0,0,0
'6958947177443,'6958947177443,FIZZ BAR BLUEBERRY,RK,ROKOK,145000,145000,185000,27.58621,N,N,0,0,3,0,3,N,0,,0,0,0,0,0,0
'6958947177474,'6958947177474,FIZZ BAR WATERMELON,RK,ROKOK,145000,145000,185000,27.58621,N,N,0,0,3,0,3,N,0,,0,0,0,0,0,0
'6958947177467,'6958947177467,FIZZ BAR STRAWBERRY,RK,ROKOK,145000,145000,185000,27.58621,N,N,0,0,3,0,3,N,0,,0,0,0,0,0,0
'6958947177436,'6958947177436,FIZZ BAR MINT,RK,ROKOK,145000,145000,185000,27.58621,N,N,0,0,3,0,1,N,0,,0,0,0,0,0,0
'6958947179133,'6958947179133,FIZZ BAR PEACH,RK,ROKOK,145000,145000,185000,27.58621,N,N,0,0,3,0,3,N,0,,0,0,0,0,0,0
'6958947177481,'6958947177481,FIZZ BAR COLA,RK,ROKOK,145000,145000,185000,27.58621,N,N,0,0,3,0,3,N,0,,0,0,0,0,0,0
'6958947179126,'6958947179126,FIZZ BAR MANGO,RK,ROKOK,145000,145000,185000,27.58621,N,N,0,0,3,0,3,N,0,,0,0,0,0,0,0
'8996001314081,'8996001314081,ROMA KELAPA CREAM COKLAT 42G,NULL,NULL,1750,1775,3000,71.42857,N,N,0,0,0,24,10,N,0,,0,0,0,0,0,0
'8992775100073,'8992775100073,DILAN CHOCO CRUNCHY CARAMEL,NULL,NULL,1750,1750,2500,42.85714,N,N,0,0,0,12,5,N,0,,0,0,0,0,0,0
'5640654,'540564,GELAS PLASTIK KECIL,NULL,NULL,0,0,25000,0,N,N,0,0,0,0,2,N,0,,0,0,0,0,0,0
'8998866202114,'8998866202114,Mie Sedap 5 Bungkus,MIE,MIE,14000,14000,17500,25,N,N,0,0,0,0,0,N,0,,0,0,0,0,0,0
'8999168211644,'8999168211644,JUARA MANGGA,NULL,NULL,13300,13300,16000,20.30075,N,N,0,0,0,3,4,N,0,,0,0,0,0,0,0
'8997017791835,'8997017791835,WIN KRETEK HIJAU,NULL,NULL,9600,9600,12000,25,N,N,0,0,0,2,2,N,0,,0,0,0,0,0,0
'8997017791132,'8997017791132,WIN MILD 20,NULL,NULL,26500,26500,29000,9.43396,N,N,0,0,0,2,2,N,0,,0,0,0,0,0,0
'8997017791040,'8997017791040,WIN MILD 16,NULL,NULL,21500,21500,24000,11.62791,N,N,0,0,0,2,1,N,0,,0,0,0,0,0,0
'8993883750839,'8993883750839,CLIMAX CLICK MANGO,NULL,NULL,25800,25800,28000,8.52713,N,N,0,0,0,1,2,N,0,,0,0,0,0,0,0
'8993883750822,'8993883750822,CLIMAX CLICK ICY,NULL,NULL,24900,24900,27000,8.43373,N,N,0,0,0,1,1,N,0,,0,0,0,0,0,0
'7622201753719,'7622201753719,BISKUAT ORIGINAL 34G,NULL,NULL,1800,1800,2500,38.88889,N,N,0,0,0,0,0,N,0,,0,0,0,0,0,0
'8997223734091,'8997223734091,VORTEX 16,NULL,NULL,18350,18350,21000,14.44142,N,N,0,0,0,1,1,N,0,,0,0,0,0,0,0
'8997223730239,'8997223730239,363,NULL,NULL,7500,7500,9000,20,N,N,0,0,0,0,0,N,0,,0,0,0,0,0,0
'8992775005811,'8992775005811,GARUDA SLONDOK,NULL,NULL,1700,1700,2500,47.05882,N,N,0,0,12,0,2,N,0,,0,0,0,0,0,0
'8991102541466,'8991102541466,BLASTOZ,NULL,NULL,2100,2100,2500,19.04762,N,N,0,0,0,0,9,N,0,,0,0,0,0,0,0
'9556156009097,'9556156009097,YEOS TEH HIJAU,NULL,NULL,5449,5449,8000,46.81593,N,N,0,0,6,0,1,N,0,,0,0,0,0,0,0
'8997032680299,'8997032680299,TARO BARBEQUE 62G,NULL,NULL,6250,6250,9000,44,N,N,0,0,0,6,2,N,0,,0,0,0,0,0,0
'8997032680275,'8997032680275,TARO SEAWEED 62G,NULL,NULL,6250,6250,9000,44,N,N,0,0,0,6,1,N,0,,0,0,0,0,0,0
'8999999605445,'8999999605445,WALLS OREO,NULL,NULL,8000,8000,11000,37.5,N,N,0,0,0,18,11,N,0,,0,0,0,0,0,0
'8999909012547,'8999909012547,SAMPOERNA PRIMA,NULL,NULL,14500,14500,17000,17.24138,N,N,0,0,0,1,1,N,0,,0,0,0,0,0,0
'8993883751331,'8993883751331,CLIXMAX APPLE,RK,ROKOK,25900,25900,28000,8.10811,N,N,0,0,2,0,1,N,0,,0,0,0,0,0,0
'8993883751324,'8993883751324,CLIXMAX PUNCH,NULL,NULL,25900,25900,28000,8.10811,N,N,0,0,2,0,1,N,0,,0,0,0,0,0,0
'8993053121018,'8993053121018,TISSUE PASEO LUXURY 250 2PLY,NULL,NULL,11500,11500,13000,13.04348,N,N,0,0,0,0,2,N,0,,0,0,0,0,0,0
'8991102140720,'8991102140720,TANGO WALUT KOREAN STRAW,NULL,NULL,875,875,1500,71.42857,N,N,0,0,0,20,0,N,0,,0,0,0,0,0,0
'8993083931908,'8993083931908,ZYLUC STICK,NULL,NULL,1900,1900,2500,31.57895,N,N,0,0,10,0,1,N,0,,0,0,0,0,0,0
'9556156001176,'9556156001176,YEOS SARI KEDELAI,BTL,MINUMAN,4000,4000,6000,50,N,N,0,0,0,0,5,N,0,,0,0,0,0,0,0
'8992775100332,'8992775100332,CRUNCHY GARUDA,NULL,NULL,1000,1000,1500,50,N,N,0,0,0,0,2,N,0,,0,0,0,0,0,0
'8991749000029,'8991749000029,KOPI KENANGAN CAPPUCCINO,BTL,MINUMAN,7500,7500,10000,33.33333,N,N,0,0,10,0,3,N,0,,0,0,0,0,0,0
'8991749000036,'8991749000036,KOPI KENANGAN ALPUKAT,BTL,MINUMAN,7500,7500,10000,33.33333,N,N,0,0,10,0,2,N,0,,0,0,0,0,0,0
'8991749000012,'8991749000012,KOPI KENANGAN GULA AREN,BTL,MINUMAN,7500,7500,10000,33.33333,N,N,0,0,10,0,3,N,0,,0,0,0,0,0,0
'089686598582,'089686598582,CHITATO SAPI BUMBU BAKAR 35 G,MKN,NULL,5000,5000,7000,40,N,N,0,0,10,0,5,N,0,,0,0,0,0,0,0
'8998866201711,'8998866201711,KRISBEE JAGUNG BAKAR,MKN,NULL,5000,5000,7000,40,N,N,0,0,6,0,1,N,0,,0,0,0,0,0,0
'8997225871480,'8997225871480,POTATOQ SAMBAL DAUN JERUK,NULL,NULL,1600,1600,2500,56.25,N,N,0,0,10,0,11,N,0,,0,0,0,0,0,0
'8993053131239,'8993053131239,PASEO BABY PURE SOFT,NULL,NULL,7500,7500,10000,33.33333,N,N,0,0,6,0,2,N,0,,0,0,0,0,0,0
'0,'0,0,NULL,NULL,0,0,0,0,N,N,0,0,0,0,2,N,0,,0,0,0,0,0,0
'8993053121032,'8993053121032,PASEO SOFT PACK 220 SHEET,TS,NULL,17500,17500,22000,25.71429,N,N,0,0,5,0,3,N,0,,0,0,0,0,0,0
'8992759124347,'8992759124347,NICE FACIAL 500 HELAI,TS,NULL,9000,9000,13000,44.44444,N,N,0,0,6,0,5,N,0,,0,0,0,0,0,0
'8999999558062,'8999999558062,RINSO CLASSIC FRSH,NULL,NULL,830,830,1500,80.72289,N,N,0,0,6,0,8,N,0,,0,0,0,0,0,0
'8999999558086,'8999999558086,RINSO PARFUME ESSENCE,NULL,NULL,830,830,1500,80.72289,N,N,0,0,6,0,6,N,0,,0,0,0,0,0,0
'8999999558079,'8999999558079,RINSO ROSE FRESH,NULL,NULL,830,830,1500,80.72289,N,N,0,0,6,0,12,N,0,,0,0,0,0,0,0
'CLC,'CLC,CLEO 5 LITER,BEER,BEER,15000,15000,20000,33.33333,N,N,0,0,6,0,2,N,0,,0,0,0,0,0,0
'8993200668243,'8993200668243,KANZLER GOCHUJANG,NULL,NULL,7500,7500,10000,33.33333,N,N,0,0,0,12,5,N,0,,0,0,0,0,0,0
'8999999607401,'8999999607401,WALLS ES TEH LEMON,NULL,NULL,2000,2000,5000,150,N,N,0,0,0,0,1,N,0,,0,0,0,0,0,0
'8997228610222,'8997228610222,DAEBAK SOJU STRAWBERRY,NULL,NULL,67500,67500,85000,25.92593,N,N,0,0,0,3,0,N,0,,0,0,0,0,0,0
'8994460700100,'8994460700100,LOYAL ES TELER,RK,ROKOK,8700,8700,10000,14.94253,N,N,0,0,0,0,2,N,0,,0,0,0,0,0,0
'8994460700209,'8994460700209,LOYA;L ANGGUR,RK,ROKOK,8700,8700,10000,14.94253,N,N,0,0,0,0,2,N,0,,0,0,0,0,0,0
'8993175558037,'8993175558037,NEXTAR STAR,MKN,NULL,1750,1750,3000,71.42857,N,N,0,0,10,0,3,N,0,,0,0,0,0,0,0
'089686061079,'089686061079,POP MIE MINI SOTO,NULL,NULL,3400,3400,5000,47.05882,N,N,0,0,0,0,4,N,0,,0,0,0,0,0,0
'089686061024,'089686061024,POP MIE MINI AYAM BAWANG,NULL,NULL,3400,3400,5000,47.05882,N,N,0,0,0,0,1,N,0,,0,0,0,0,0,0
'8997223480776,'8997223480776,NATION BOLD,RK,ROKOK,23500,23500,25000,6.38298,N,N,0,0,0,0,1,N,0,,0,0,0,0,0,0
'8999168211736,'8999168211736,ESSE CHANGE ICY DOUBLE,RK,ROKOK,39200,39200,42000,7.14286,N,N,0,0,3,0,1,N,0,,0,0,0,0,0,0
'8995230702430,'8995230702430,TISSUE SEE-U CLASSIC,NULL,NULL,9000,9000,13000,44.44444,N,N,0,0,0,10,3,N,0,,0,0,0,0,0,0
'8991002323063,'8991002323063,DELBIS LOVY COOKIES,NULL,NULL,1666,1666,2500,50.06002,N,N,0,0,0,0,5,N,0,,0,0,0,0,0,0
'8993004788871,'8993004788871,SMAX RING 20G,NULL,NULL,1800,1800,2500,38.88889,N,N,0,0,0,10,1,N,0,,0,0,0,0,0,0
'8994755031131,'8994755031131,GOOD TIME MINI 50G,NULL,NULL,6500,6500,8000,23.07692,N,N,0,0,0,0,0,N,0,,0,0,0,0,0,0
'8993175557580,'8993175557580,NABATI WAFER RICHEESE 110G,NULL,NULL,5000,5000,7000,40,N,N,0,0,0,0,0,N,0,,0,0,0,0,0,0
'8993175559928,'8993175559928,NABAATI WAFER KOREAN GOGUMA,NULL,NULL,5000,5000,7000,40,N,N,0,0,0,0,2,N,0,,0,0,0,0,0,0
'8993175557733,'8993175557733,NABATI WAFFER RICHOCO 110G,NULL,NULL,5000,5000,7000,40,N,N,0,0,0,0,2,N,0,,0,0,0,0,0,0
'8993175557757,'8993175557757,NABATI WAFER PINK LAVA 110G,NULL,NULL,5000,5000,7000,40,N,N,0,0,0,0,0,N,0,,0,0,0,0,0,0
'8998866203883,'8998866203883,POTABEE SPICY BBQ 68G,NULL,NULL,8500,8500,12000,41.17647,N,N,0,0,0,0,0,N,0,,0,0,0,0,0,0
'8998866203838,'8998866203838,GURIBEE KEJU,NULL,NULL,6500,6500,8000,23.07692,N,N,0,0,0,0,1,N,0,,0,0,0,0,0,0
'8993004788611,'8993004788611,SMAX GHOST PEPPER,NULL,NULL,5000,5000,7000,40,N,N,0,0,0,0,1,N,0,,0,0,0,0,0,0
'8999908980403,'8999908980403,polaris bitter lemon,BTL,MINUMAN,5000,5000,8000,60,N,N,0,0,24,0,0,N,0,,0,0,0,0,0,0
'8999908339607,'8999908339607,POLARIS SUPREME,BTL,MINUMAN,5000,5000,8000,60,N,N,0,0,24,0,0,N,0,,0,0,0,0,0,0
'8999908375704,'8999908375704,POLARIS GINGER ALE,BTL,MINUMAN,5000,5000,8000,60,N,N,0,0,24,0,0,N,0,,0,0,0,0,0,0
'8999908967503,'8999908967503,POLARIS SARSA PARILA,BTL,MINUMAN,5000,5000,8000,60,N,N,0,0,24,0,0,N,0,,0,0,0,0,0,0
'8999908442000,'8999908442000,POLARIS COFFEE CREAM,BTL,MINUMAN,5000,5000,8000,60,N,N,0,0,24,0,0,N,0,,0,0,0,0,0,0
'8994095332615,'8994095332615,PACMAN CUTTON BUD,NULL,NULL,1000,1000,2000,100,N,N,0,0,24,0,0,N,0,,0,0,0,0,0,0
'CTTN,'CTTN,YUMIKO COTTON BUD,NULL,NULL,6000,6000,8000,33.33333,N,N,0,0,6,0,0,N,0,,0,0,0,0,0,0
'8997227930567,'8997227930567,Jas Hujan RWSC,JAS,NULL,25000,25000,35000,40,N,N,0,0,0,0,3,N,0,,0,0,0,0,0,0
'8996006822314,'8996006822314,FRUIT TEA BLACKCURRANT KLG,NULL,NULL,4500,4500,6000,33.33333,N,N,0,0,0,0,0,N,0,,0,0,0,0,0,0
'8998009040375,'8998009040375,TEH KOTAK LECI,NULL,NULL,3500,3500,5000,42.85714,N,N,0,0,0,0,3,N,0,,0,0,0,0,0,0
'8998009040368,'8998009040368,TEH KOTAK MANGGA,NULL,NULL,3500,3500,5000,42.85714,N,N,0,0,0,0,6,N,0,,0,0,0,0,0,0
'8994472000014,'8994472000014,MINYAK ANGIN CAP KAPAK,NULL,NULL,7000,7000,10000,42.85714,N,N,0,0,0,0,0,N,0,,0,0,0,0,0,0
'8993176812022,'8993176812022,BALSEM GELIGA,NULL,NULL,8500,8500,12000,41.17647,N,N,0,0,0,0,0,N,0,,0,0,0,0,0,0
'8993176110012,'8993176110012,MINYAK ANGIN CAPLANG,NULL,NULL,17500,17500,22000,25.71429,N,N,0,0,0,0,0,N,0,,0,0,0,0,0,0
'8992745480617,'8992745480617,HIT JAPANESE SAKURA 400ML,NULL,NULL,26500,26500,33000,24.5283,N,N,0,0,0,0,0,N,0,,0,0,0,0,0,0
'6914973002357,'6914973002357,SNICKER 51G,NULL,NULL,9600,9600,13000,35.41667,N,N,0,0,24,0,3,N,0,,0,0,0,0,0,0
'8996001600849,'8996001600849,NIPIS MADU,BTL,MINUMAN,3000,3000,5000,66.66667,N,N,0,0,12,0,1,N,0,,0,0,0,0,0,0
'8993226568473,'8993226568473,GARAM 250G,NULL,NULL,0,0,6000,0,N,N,0,0,0,0,0,N,0,,0,0,0,0,0,0
